[
  {
    "strName": "Trials",
    "strNameFriendly": "Испытания",
    "strDescription": "Короткая входная лига, демонстрирующая каждый тип трассы",
    "strImgPath": null,
    "ctLeagueHost": null,
    "ctEntryRequirements": null,
    "strRequirementDescription": "Лицензия не требуется",
    "strEntryFeeLedgerDef": "RacingBronzeEntryFee",
    "strStartingLoot": null,
    "strPsPecParticipant": "RandomPilotBad",
    "aRacePrize": [
      {
        "Loot": "CONDRacingVenusBronze1stPrize",
        "LedgerDef": "RacingTutorialFirst"
      },
      {
        "Loot": "CONDRacingVenusBronze2ndPrize",
        "LedgerDef": "RacingTutorialSecond"
      },
      {
        "Loot": "CONDRacingVenusBronze3rdPrize",
        "LedgerDef": "RacingTutorialThird"
      }
    ],
    "aTracks": [
      "TutorialPointToPoint",
      "TutorialCircuit",
      "TutorialOrientation"
    ]
  },
  {
    "strName": "VenusBronze",
    "strNameFriendly": "Бронзовая лига Венеры",
    "strDescription": "Входная лига для каждого новичка-гонщика",
    "strImgPath": "leaguebronzelogo.png",
    "ctLeagueHost": null,
    "ctEntryRequirements": null,
    "strRequirementDescription": "Лицензия не требуется",
    "strEntryFeeLedgerDef": "RacingBronzeEntryFee",
    "strStartingLoot": null,
    "strPsPecParticipant": "RandomPilotAvg",
    "aRacePrize": [
      {
        "Loot": "CONDRacingVenusBronze1stPrize",
        "LedgerDef": "RacingBronzePrizeFirst"
      },
      {
        "Loot": "CONDRacingVenusBronze2ndPrize",
        "LedgerDef": "RacingBronzePrizeSecond"
      },
      {
        "Loot": "CONDRacingVenusBronze3rdPrize",
        "LedgerDef": "RacingBronzePrizeThird"
      }
    ],
    "aTracks": ["RisingStar", "Ladder", "ORing"]
  },
  {
    "strName": "VenusSilver",
    "strNameFriendly": "Серебряная лига Венеры",
    "strDescription": "Лига для опытных гонщиков",
    "strImgPath": "leaguesilverlogo.png",
    "ctLeagueHost": null,
    "ctEntryRequirements": "TIsRaceLicenseBronze",
    "strRequirementDescription": "Требуется Бронзовая лицензия",
    "strEntryFeeLedgerDef": "RacingSilverEntryFee",
    "strStartingLoot": null,
    "strPsPecParticipant": "RandomPilotGood",
    "aRacePrize": [
      {
        "Loot": "CONDRacingVenusSilver1stPrize",
        "LedgerDef": "RacingSilverPrizeFirst"
      },
      {
        "Loot": "CONDRacingVenusSilver2ndPrize",
        "LedgerDef": "RacingSilverPrizeSecond"
      },
      {
        "Loot": "CONDRacingVenusSilver3rdPrize",
        "LedgerDef": "RacingSilverPrizeThird"
      }
    ],
    "aTracks": ["RisingStar", "Fluid", "Cue"]
  },
  {
    "strName": "VenusGold",
    "strNameFriendly": "Золотая лига Венеры",
    "strDescription": "Золотая лига только для опытных гонщиков",
    "strImgPath": "leaguegoldlogo.png",
    "ctLeagueHost": null,
    "ctEntryRequirements": "TIsRaceLicenseSilver",
    "strRequirementDescription": "Требуется Серебряная лицензия",
    "strEntryFeeLedgerDef": "RacingGoldEntryFee",
    "strStartingLoot": null,
    "strPsPecParticipant": "RandomPilotAce",
    "aRacePrize": [
      {
        "Loot": "CONDRacingVenusGold1stPrize",
        "LedgerDef": "RacingGoldPrizeFirst"
      },
      {
        "Loot": "CONDRacingVenusGold2ndPrize",
        "LedgerDef": "RacingGoldPrizeSecond"
      },
      {
        "Loot": "CONDRacingVenusGold3rdPrize",
        "LedgerDef": "RacingGoldPrizeThird"
      }
    ],
    "aTracks": ["Fluid", "Ladder", "Cue"]
  },
  {
    "strName": "GrandePremioEncantato",
    "strNameFriendly": "Гран-при Энкантадо",
    "strDescription": "Одна из лучших гоночных лиг системы",
    "strImgPath": "racing/encantado.png",
    "ctLeagueHost": null,
    "ctEntryRequirements": "TIsRaceLicenseDiamond",
    "strRequirementDescription": "Требуется Алмазная лицензия",
    "strEntryFeeLedgerDef": "RacingGoldEntryFee",
    "strStartingLoot": null,
    "strPsPecParticipant": "RandomPilotAce",
    "aRacePrize": [
      {
        "Loot": null,
        "LedgerDef": "RacingGoldPrizeFirst"
      },
      {
        "Loot": null,
        "LedgerDef": "RacingGoldPrizeSecond"
      },
      {
        "Loot": null,
        "LedgerDef": "RacingGoldPrizeThird"
      }
    ],
    "aTracks": ["Fluid", "Ladder", "ORing"]
  }
]
