[
    {
		"strName" : "PLOTTEMP3ActMIDTarget",
		"strTemplateIA" : "PLOTTEMP3ActBEGTarget",
		"strFind" : "TEMP3ActBEG",
		"strReplace" : "TEMP3ActMID",
        "aOverrideValues" : [
			"strTitle|TEMP3ActMID Цель", 
			"strDesc|[us] TEMP3ActMIDs [them] для [3rd]."
		]
	},
    {
		"strName" : "PLOTTEMP3ActMIDTurnIn",
		"strTemplateIA" : "PLOTTEMP3ActBEGTurnIn",
		"strFind" : "TEMP3ActBEG",
		"strReplace" : "TEMP3ActMID",
        "aOverrideValues" : [
			"strTitle|Вернуться TEMP3ActMID", 
			"strDesc|[us] вернуться TEMP3ActMID [them] для [3rd]."
		]
	},

    {
		"strName" : "PLOTTEMP3ActENDTarget",
		"strTemplateIA" : "PLOTTEMP3ActBEGTarget",
		"strFind" : "TEMP3ActBEG",
		"strReplace" : "TEMP3ActEND",
        "aOverrideValues" : [
			"strTitle|TEMP3ActEND Цель", 
			"strDesc|[us] TEMP3ActENDs [them] для [3rd]."
		]
	},
    {
		"strName" : "PLOTTEMP3ActENDTurnIn",
		"strTemplateIA" : "PLOTTEMP3ActBEGTurnIn",
		"strFind" : "TEMP3ActBEG",
		"strReplace" : "TEMP3ActEND",
        "aOverrideValues" : [
			"strTitle|Вернуться TEMP3ActEND", 
			"strDesc|[us] Вернуться TEMP3ActEND [them] для [3rd]."
		]
	}
]