[
  {
    "strName" : "OKLGDamage",
    "strLaw" : "OKLG",
    "strCrime" : "damage",
    "strLootCondsPerp" : "CrimeOKLGArrest",
    "strPledge" : "AIReportCrimeOKLGArrest"
  },
  {
    "strName" : "OKLGAssault",
    "strLaw" : "OKLG",
    "strCrime" : "assault",
    "strLootCondsPerp" : "CrimeOKLGThreat",
    "strPledge" : "AIReportCrimeOKLGThreat"
  },
  {
    "strName" : "VenusDamage",
    "strLaw" : "Venus",
    "strCrime" : "damage",
    "strLootCondsPerp" : "CrimeVenusArrest",
    "strPledge" : "AIReportCrimeVenusArrest"
  },
  {
    "strName" : "VenusAssault",
    "strLaw" : "Venus",
    "strCrime" : "assault",
    "strLootCondsPerp" : "CrimeVenusThreat",
    "strPledge" : "AIReportCrimeVenusThreat"
  },
  {
    "strName" : "VenusTrespassing",
    "strLaw" : "VenusLA",
    "strCrime" : "trespassing",
    "bAutoApply" : true,
    "strLootCondsPerp" : "CrimeVenusArrest",
    "strPledge" : "AIReportCrimeVenusTrespass"
  }
]