[
  {
    "strName": "ACTFixerEntryUs",
    "strTitle": "Посредник",
    "strMainText": "Убедить Посредника дать вам доступ к чёрному рынку."
  },
  {
    "strName": "ACTPortAuthorityEntryUs",
    "strTitle": "Портовая администрация",
    "strMainText": "Убедить клерка простить вам стоянку в этот раз."
  },
  {
    "strName": "ACTPoliceShakedownThem",
    "strTitle": "Полицейская проверка",
    "strMainText": "Убедить копов позволить вам заниматься своими делами, или хотя бы уменьшить штраф."
  },
  {
    "strName": "ACTSTKTemplateThem",
    "strTitle": "Попросить об одолжении",
    "strMainText": "Убедить их сделать вам одолжение."
  }
]
