[
  {
    "strName": "armLowerL",
    "strNameFriendly": "Левое предплечье",
    "strHitboxImage": "paperdoll/HBarmLowerL",
    "strIconImage": "paperdoll/HBarmLowerLIcon",
    "nItems": 1,
    "nDepth": 2,
    "fAlignX": 0.0,
    "fAlignY": 0.0,
    "bAlignSlot": false,
    "bHoldSlot": false,
    "bHide": false,
    "bCarried": false,
    "bAllowStacks": false
  },
  {
    "strName": "armLowerR",
    "strNameFriendly": "Правое предплечье",
    "strHitboxImage": "paperdoll/HBarmLowerR",
    "strIconImage": "paperdoll/HBarmLowerRIcon",
    "nItems": 1,
    "nDepth": 2,
    "fAlignX": 0.0,
    "fAlignY": 0.0,
    "bAlignSlot": false,
    "bHoldSlot": false,
    "bHide": false,
    "bCarried": false,
    "bAllowStacks": false
  },
  {
    "strName": "armUpperL",
    "strNameFriendly": "Левое плечо",
    "strHitboxImage": "paperdoll/HBarmUpperL",
    "strIconImage": "paperdoll/HBarmUpperLIcon",
    "nItems": 1,
    "nDepth": 3,
    "fAlignX": 0.0,
    "fAlignY": 0.0,
    "bAlignSlot": false,
    "bHoldSlot": false,
    "bHide": false,
    "bCarried": false,
    "bAllowStacks": false
  },
  {
    "strName": "armUpperR",
    "strNameFriendly": "Правое плечо",
    "strHitboxImage": "paperdoll/HBarmUpperR",
    "strIconImage": "paperdoll/HBarmUpperRIcon",
    "nItems": 1,
    "nDepth": 3,
    "fAlignX": 0.0,
    "fAlignY": 0.0,
    "bAlignSlot": false,
    "bHoldSlot": false,
    "bHide": false,
    "bCarried": false,
    "bAllowStacks": false
  },
  {
    "strName": "back",
    "strNameFriendly": "Спина",
    "strHitboxImage": "paperdoll/HBback",
    "strIconImage": "paperdoll/HBbackIcon",
    "nItems": 1,
    "nDepth": 5,
    "fAlignX": 0.715,
    "fAlignY": 0.75,
    "bAlignSlot": true,
    "bHoldSlot": true,
    "bHide": false,
    "bCarried": true,
    "bAllowStacks": false
  },
  {
    "strName": "body",
    "strNameFriendly": "Тело",
    "strHitboxImage": "paperdoll/HBbody",
    "strIconImage": "paperdoll/HBbodyIcon",
    "nItems": 1,
    "nDepth": 6,
    "fAlignX": 0.0,
    "fAlignY": 0.0,
    "bAlignSlot": false,
    "bHoldSlot": false,
    "bHide": false,
    "bCarried": true,
    "bAllowStacks": false
  },
  {
    "strName": "drag",
    "strNameFriendly": "Перетаскивание",
    "strHitboxImage": "paperdoll/HBdrag",
    "strIconImage": "paperdoll/HBdragIcon",
    "nItems": 1,
    "nDepth": 10,
    "fAlignX": 0.58,
    "fAlignY": -0.517,
    "bAlignSlot": true,
    "bHoldSlot": true,
    "bHide": false,
    "bCarried": true,
    "bAllowStacks": true
  },
  {
    "strName": "footL",
    "strNameFriendly": "Левая стопа",
    "strHitboxImage": "paperdoll/HBfootL",
    "strIconImage": "paperdoll/HBfootLIcon",
    "nItems": 1,
    "nDepth": 1,
    "fAlignX": 0.0,
    "fAlignY": 0.0,
    "bAlignSlot": false,
    "bHoldSlot": false,
    "bHide": false,
    "bCarried": false,
    "bAllowStacks": false
  },
  {
    "strName": "footR",
    "strNameFriendly": "Правая стопа",
    "strHitboxImage": "paperdoll/HBfootR",
    "strIconImage": "paperdoll/HBfootRIcon",
    "nItems": 1,
    "nDepth": 1,
    "fAlignX": 0.0,
    "fAlignY": 0.0,
    "bAlignSlot": false,
    "bHoldSlot": false,
    "bHide": false,
    "bCarried": false,
    "bAllowStacks": false
  },
  {
    "strName": "handL",
    "strNameFriendly": "Левая рука (носит)",
    "strHitboxImage": "paperdoll/HBheldL",
    "strIconImage": "paperdoll/HBheldLIcon",
    "nItems": 1,
    "nDepth": 1,
    "fAlignX": 0.0,
    "fAlignY": 0.0,
    "bAlignSlot": false,
    "bHoldSlot": false,
    "bHide": false,
    "bCarried": false,
    "bAllowStacks": false
  },
  {
    "strName": "handR",
    "strNameFriendly": "Правая рука (носит)",
    "strHitboxImage": "paperdoll/HBheldR",
    "strIconImage": "paperdoll/HBheldRIcon",
    "nItems": 1,
    "nDepth": 1,
    "fAlignX": 0.0,
    "fAlignY": 0.0,
    "bAlignSlot": false,
    "bHoldSlot": false,
    "bHide": false,
    "bCarried": false,
    "bAllowStacks": false
  },
  {
    "strName": "heldL",
    "strNameFriendly": "Левая рука (держит)",
    "strHitboxImage": "paperdoll/HBheldL",
    "strIconImage": "paperdoll/HBheldLIcon",
    "nItems": 1,
    "nDepth": 12,
    "fAlignX": 0.512,
    "fAlignY": -0.017,
    "bAlignSlot": true,
    "bHoldSlot": true,
    "bHide": false,
    "bCarried": true,
    "bAllowStacks": true
  },
  {
    "strName": "heldR",
    "strNameFriendly": "Правая рука (держит)",
    "strHitboxImage": "paperdoll/HBheldR",
    "strIconImage": "paperdoll/HBheldRIcon",
    "nItems": 1,
    "nDepth": 12,
    "fAlignX": -0.512,
    "fAlignY": -0.017,
    "bAlignSlot": true,
    "bHoldSlot": true,
    "bHide": false,
    "bCarried": true,
    "bAllowStacks": true
  },
  {
    "strName": "head_glasses",
    "strNameFriendly": "Очки",
    "strHitboxImage": "paperdoll/HBhelmet",
    "strIconImage": "paperdoll/HBhelmetIcon",
    "nItems": 1,
    "nDepth": 4,
    "fAlignX": 0.0,
    "fAlignY": 0.0,
    "bAlignSlot": false,
    "bHoldSlot": false,
    "bHide": false,
    "bCarried": true,
    "bAllowStacks": false
  },
  {
    "strName": "head_in",
    "strNameFriendly": "Голова (внутр.)",
    "strHitboxImage": "paperdoll/HBhelmet",
    "strIconImage": "paperdoll/HBhelmetIcon",
    "nItems": 1,
    "nDepth": 5,
    "fAlignX": 0.0,
    "fAlignY": 0.0,
    "bAlignSlot": false,
    "bHoldSlot": false,
    "bHide": false,
    "bCarried": true,
    "bAllowStacks": false
  },
  {
    "strName": "head_mid",
    "strNameFriendly": "Голова (средн.)",
    "strHitboxImage": "paperdoll/HBhelmet",
    "strIconImage": "paperdoll/HBhelmetIcon",
    "nItems": 1,
    "nDepth": 6,
    "fAlignX": 0.0,
    "fAlignY": 0.0,
    "bAlignSlot": false,
    "bHoldSlot": false,
    "bHide": false,
    "bCarried": true,
    "bAllowStacks": false
  },
  {
    "strName": "head_out",
    "strNameFriendly": "Голова (внешн.)",
    "strHitboxImage": "paperdoll/HBhelmet",
    "strIconImage": "paperdoll/HBhelmetIcon",
    "nItems": 1,
    "nDepth": 11,
    "fAlignX": 0.0,
    "fAlignY": 0.0,
    "bAlignSlot": false,
    "bHoldSlot": false,
    "bHide": false,
    "bCarried": true,
    "bAllowStacks": false
  },
  {
    "strName": "legLowerL",
    "strNameFriendly": "Левая голень",
    "strHitboxImage": "paperdoll/HBlegLowerL",
    "strIconImage": "paperdoll/HBlegLowerLIcon",
    "nItems": 1,
    "nDepth": 2,
    "fAlignX": 0.0,
    "fAlignY": 0.0,
    "bAlignSlot": false,
    "bHoldSlot": false,
    "bHide": false,
    "bCarried": false,
    "bAllowStacks": false
  },
  {
    "strName": "legLowerR",
    "strNameFriendly": "Правая голень",
    "strHitboxImage": "paperdoll/HBlegLowerR",
    "strIconImage": "paperdoll/HBlegLowerRIcon",
    "nItems": 1,
    "nDepth": 2,
    "fAlignX": 0.0,
    "fAlignY": 0.0,
    "bAlignSlot": false,
    "bHoldSlot": false,
    "bHide": false,
    "bCarried": false,
    "bAllowStacks": false
  },
  {
    "strName": "legUpperL",
    "strNameFriendly": "Левое бедро",
    "strHitboxImage": "paperdoll/HBlegUpperL",
    "strIconImage": "paperdoll/HBlegUpperLIcon",
    "nItems": 1,
    "nDepth": 3,
    "fAlignX": 0.0,
    "fAlignY": 0.0,
    "bAlignSlot": false,
    "bHoldSlot": false,
    "bHide": false,
    "bCarried": false,
    "bAllowStacks": false
  },
  {
    "strName": "legUpperR",
    "strNameFriendly": "Правое бедро",
    "strHitboxImage": "paperdoll/HBlegUpperR",
    "strIconImage": "paperdoll/HBlegUpperRIcon",
    "nItems": 1,
    "nDepth": 3,
    "fAlignX": 0.0,
    "fAlignY": 0.0,
    "bAlignSlot": false,
    "bHoldSlot": false,
    "bHide": false,
    "bCarried": false,
    "bAllowStacks": false
  },
  {
    "strName": "pants_in",
    "strNameFriendly": "Штаны (внутр.)",
    "strHitboxImage": "paperdoll/HBpants",
    "strIconImage": "paperdoll/HBpantsIcon",
    "nItems": 1,
    "nDepth": 5,
    "fAlignX": 0.0,
    "fAlignY": 0.0,
    "bAlignSlot": false,
    "bHoldSlot": false,
    "bHide": false,
    "bCarried": true,
    "bAllowStacks": false
  },
  {
    "strName": "pants_mid",
    "strNameFriendly": "Штаны (средн.)",
    "strHitboxImage": "paperdoll/HBpants",
    "strIconImage": "paperdoll/HBpantsIcon",
    "nItems": 1,
    "nDepth": 7,
    "fAlignX": 0.0,
    "fAlignY": 0.0,
    "bAlignSlot": false,
    "bHoldSlot": false,
    "bHide": false,
    "bCarried": true,
    "bAllowStacks": false
  },
  {
    "strName": "pants_out",
    "strNameFriendly": "Штаны (внешн.)",
    "strHitboxImage": "paperdoll/HBpants",
    "strIconImage": "paperdoll/HBpantsIcon",
    "nItems": 1,
    "nDepth": 9,
    "fAlignX": 0.0,
    "fAlignY": 0.0,
    "bAlignSlot": false,
    "bHoldSlot": false,
    "bHide": false,
    "bCarried": true,
    "bAllowStacks": false
  },
  {
    "strName": "pledges",
    "strNameFriendly": "Обязательства",
    "strHitboxImage": "blank",
    "nItems": 1,
    "nDepth": 0,
    "fAlignX": 0.0,
    "fAlignY": 0.0,
    "bAlignSlot": false,
    "bHoldSlot": false,
    "bHide": true,
    "bCarried": true,
    "bAllowStacks": false
  },
  {
    "strName": "pocket_breastL",
    "strNameFriendly": "Левый нагрудный карман",
    "strHitboxImage": "blank",
    "nItems": 1,
    "nDepth": 15,
    "fAlignX": 0.0,
    "fAlignY": 0.0,
    "bAlignSlot": false,
    "bHoldSlot": false,
    "bHide": false,
    "bCarried": true,
    "bAllowStacks": false
  },
  {
    "strName": "pocket_breastR",
    "strNameFriendly": "Правый нагрудный карман",
    "strHitboxImage": "blank",
    "nItems": 1,
    "nDepth": 15,
    "fAlignX": 0.0,
    "fAlignY": 0.0,
    "bAlignSlot": false,
    "bHoldSlot": false,
    "bHide": false,
    "bCarried": true,
    "bAllowStacks": false
  },
  {
    "strName": "pocket_clip01",
    "strNameFriendly": "Точка крепления",
    "strHitboxImage": "blank",
    "nItems": 1,
    "nDepth": 15,
    "fAlignX": 0.0,
    "fAlignY": 0.0,
    "bAlignSlot": false,
    "bHoldSlot": false,
    "bHide": false,
    "bCarried": true,
    "bAllowStacks": false
  },
  {
    "strName": "pocket_clip02",
    "strNameFriendly": "Точка крепления",
    "strHitboxImage": "blank",
    "nItems": 1,
    "nDepth": 15,
    "fAlignX": 0.0,
    "fAlignY": 0.0,
    "bAlignSlot": false,
    "bHoldSlot": false,
    "bHide": false,
    "bCarried": true,
    "bAllowStacks": false
  },
  {
    "strName": "pocket_clip03",
    "strNameFriendly": "Точка крепления",
    "strHitboxImage": "blank",
    "nItems": 1,
    "nDepth": 15,
    "fAlignX": 0.0,
    "fAlignY": 0.0,
    "bAlignSlot": false,
    "bHoldSlot": false,
    "bHide": false,
    "bCarried": true,
    "bAllowStacks": false
  },
  {
    "strName": "pocket_clip04",
    "strNameFriendly": "Точка крепления",
    "strHitboxImage": "blank",
    "nItems": 1,
    "nDepth": 15,
    "fAlignX": 0.0,
    "fAlignY": 0.0,
    "bAlignSlot": false,
    "bHoldSlot": false,
    "bHide": false,
    "bCarried": true,
    "bAllowStacks": false
  },
  {
    "strName": "pocket_clip05",
    "strNameFriendly": "Точка крепления",
    "strHitboxImage": "blank",
    "nItems": 1,
    "nDepth": 15,
    "fAlignX": 0.0,
    "fAlignY": 0.0,
    "bAlignSlot": false,
    "bHoldSlot": false,
    "bHide": false,
    "bCarried": true,
    "bAllowStacks": false
  },
  {
    "strName": "pocket_clip06",
    "strNameFriendly": "Точка крепления",
    "strHitboxImage": "blank",
    "nItems": 1,
    "nDepth": 15,
    "fAlignX": 0.0,
    "fAlignY": 0.0,
    "bAlignSlot": false,
    "bHoldSlot": false,
    "bHide": false,
    "bCarried": true,
    "bAllowStacks": false
  },
  {
    "strName": "pocket_clip07",
    "strNameFriendly": "Точка крепления",
    "strHitboxImage": "blank",
    "nItems": 1,
    "nDepth": 15,
    "fAlignX": 0.0,
    "fAlignY": 0.0,
    "bAlignSlot": false,
    "bHoldSlot": false,
    "bHide": false,
    "bCarried": true,
    "bAllowStacks": false
  },
  {
    "strName": "pocket_clip08",
    "strNameFriendly": "Точка крепления",
    "strHitboxImage": "blank",
    "nItems": 1,
    "nDepth": 15,
    "fAlignX": 0.0,
    "fAlignY": 0.0,
    "bAlignSlot": false,
    "bHoldSlot": false,
    "bHide": false,
    "bCarried": true,
    "bAllowStacks": false
  },
  {
    "strName": "pocket_coatL",
    "strNameFriendly": "Левый карман пальто",
    "strHitboxImage": "blank",
    "nItems": 1,
    "nDepth": 15,
    "fAlignX": 0.0,
    "fAlignY": 0.0,
    "bAlignSlot": false,
    "bHoldSlot": false,
    "bHide": false,
    "bCarried": true,
    "bAllowStacks": false
  },
  {
    "strName": "pocket_coatR",
    "strNameFriendly": "Правый карман пальто",
    "strHitboxImage": "blank",
    "nItems": 1,
    "nDepth": 15,
    "fAlignX": 0.0,
    "fAlignY": 0.0,
    "bAlignSlot": false,
    "bHoldSlot": false,
    "bHide": false,
    "bCarried": true,
    "bAllowStacks": false
  },
  {
    "strName": "pocket_EVABatt",
    "strNameFriendly": "Отсек для батареи (ВКД)",
    "strHitboxImage": "blank",
    "nItems": 1,
    "nDepth": 15,
    "fAlignX": 0.0,
    "fAlignY": 0.0,
    "bAlignSlot": false,
    "bHoldSlot": false,
    "bHide": false,
    "bCarried": true,
    "bAllowStacks": false
  },
  {
    "strName": "pocket_EVACO2",
    "strNameFriendly": "Отсек для CO2 фильтра (ВКД)",
    "strHitboxImage": "blank",
    "nItems": 1,
    "nDepth": 15,
    "fAlignX": 0.0,
    "fAlignY": 0.0,
    "bAlignSlot": false,
    "bHoldSlot": false,
    "bHide": false,
    "bCarried": true,
    "bAllowStacks": false
  },
  {
    "strName": "pocket_EVAO2",
    "strNameFriendly": "Отсек для O2 баллона (ВКД)",
    "strHitboxImage": "blank",
    "nItems": 1,
    "nDepth": 15,
    "fAlignX": 0.0,
    "fAlignY": 0.0,
    "bAlignSlot": false,
    "bHoldSlot": false,
    "bHide": false,
    "bCarried": true,
    "bAllowStacks": false
  },
  {
    "strName": "pocket_hipL",
    "strNameFriendly": "Левый набедренный карман",
    "strHitboxImage": "blank",
    "nItems": 1,
    "nDepth": 15,
    "fAlignX": 0.0,
    "fAlignY": 0.0,
    "bAlignSlot": false,
    "bHoldSlot": false,
    "bHide": false,
    "bCarried": true,
    "bAllowStacks": false
  },
  {
    "strName": "pocket_hipR",
    "strNameFriendly": "Правый набедренный карман",
    "strHitboxImage": "blank",
    "nItems": 1,
    "nDepth": 15,
    "fAlignX": 0.0,
    "fAlignY": 0.0,
    "bAlignSlot": false,
    "bHoldSlot": false,
    "bHide": false,
    "bCarried": true,
    "bAllowStacks": false
  },
  {
    "strName": "pocket_hoodie01",
    "strNameFriendly": "Карман худи",
    "strHitboxImage": "blank",
    "nItems": 1,
    "nDepth": 15,
    "fAlignX": 0.0,
    "fAlignY": 0.0,
    "bAlignSlot": false,
    "bHoldSlot": false,
    "bHide": false,
    "bCarried": true,
    "bAllowStacks": false
  },
  {
    "strName": "pocket_hoodie02",
    "strNameFriendly": "Карман худи",
    "strHitboxImage": "blank",
    "nItems": 1,
    "nDepth": 15,
    "fAlignX": 0.0,
    "fAlignY": 0.0,
    "bAlignSlot": false,
    "bHoldSlot": false,
    "bHide": false,
    "bCarried": true,
    "bAllowStacks": false
  },
  {
    "strName": "pocket_hoodie03",
    "strNameFriendly": "Карман худи",
    "strHitboxImage": "blank",
    "nItems": 1,
    "nDepth": 15,
    "fAlignX": 0.0,
    "fAlignY": 0.0,
    "bAlignSlot": false,
    "bHoldSlot": false,
    "bHide": false,
    "bCarried": true,
    "bAllowStacks": false
  },
  {
    "strName": "pocket_hoodie04",
    "strNameFriendly": "Карман худи",
    "strHitboxImage": "blank",
    "nItems": 1,
    "nDepth": 15,
    "fAlignX": 0.0,
    "fAlignY": 0.0,
    "bAlignSlot": false,
    "bHoldSlot": false,
    "bHide": false,
    "bCarried": true,
    "bAllowStacks": false
  },
  {
    "strName": "pocket_pouchSm01",
    "strNameFriendly": "Малый подсумок",
    "strHitboxImage": "blank",
    "nItems": 1,
    "nDepth": 15,
    "fAlignX": 0.0,
    "fAlignY": 0.0,
    "bAlignSlot": false,
    "bHoldSlot": false,
    "bHide": false,
    "bCarried": true,
    "bAllowStacks": false
  },
  {
    "strName": "pocket_pouchSm02",
    "strNameFriendly": "Малый подсумок",
    "strHitboxImage": "blank",
    "nItems": 1,
    "nDepth": 15,
    "fAlignX": 0.0,
    "fAlignY": 0.0,
    "bAlignSlot": false,
    "bHoldSlot": false,
    "bHide": false,
    "bCarried": true,
    "bAllowStacks": false
  },
  {
    "strName": "pocket_pouchSm03",
    "strNameFriendly": "Малый подсумок",
    "strHitboxImage": "blank",
    "nItems": 1,
    "nDepth": 15,
    "fAlignX": 0.0,
    "fAlignY": 0.0,
    "bAlignSlot": false,
    "bHoldSlot": false,
    "bHide": false,
    "bCarried": true,
    "bAllowStacks": false
  },
  {
    "strName": "pocket_pouchSm04",
    "strNameFriendly": "Малый подсумок",
    "strHitboxImage": "blank",
    "nItems": 1,
    "nDepth": 15,
    "fAlignX": 0.0,
    "fAlignY": 0.0,
    "bAlignSlot": false,
    "bHoldSlot": false,
    "bHide": false,
    "bCarried": true,
    "bAllowStacks": false
  },
  {
    "strName": "pocket_cargo01",
    "strNameFriendly": "Грузовой карман",
    "strHitboxImage": "blank",
    "nItems": 1,
    "nDepth": 15,
    "fAlignX": 0.0,
    "fAlignY": 0.0,
    "bAlignSlot": false,
    "bHoldSlot": false,
    "bHide": false,
    "bCarried": true,
    "bAllowStacks": false
  },
  {
    "strName": "pocket_cargo02",
    "strNameFriendly": "Грузовой карман",
    "strHitboxImage": "blank",
    "nItems": 1,
    "nDepth": 15,
    "fAlignX": 0.0,
    "fAlignY": 0.0,
    "bAlignSlot": false,
    "bHoldSlot": false,
    "bHide": false,
    "bCarried": true,
    "bAllowStacks": false
  },
  {
    "strName": "pocket_cargo03",
    "strNameFriendly": "Грузовой карман",
    "strHitboxImage": "blank",
    "nItems": 1,
    "nDepth": 15,
    "fAlignX": 0.0,
    "fAlignY": 0.0,
    "bAlignSlot": false,
    "bHoldSlot": false,
    "bHide": false,
    "bCarried": true,
    "bAllowStacks": false
  },
  {
    "strName": "pocket_cargo04",
    "strNameFriendly": "Грузовой карман",
    "strHitboxImage": "blank",
    "nItems": 1,
    "nDepth": 15,
    "fAlignX": 0.0,
    "fAlignY": 0.0,
    "bAlignSlot": false,
    "bHoldSlot": false,
    "bHide": false,
    "bCarried": true,
    "bAllowStacks": false
  },
  {
    "strName": "robotHandL",
    "strNameFriendly": "Левая рука (носит)",
    "strHitboxImage": "paperdoll/HBheldL",
    "nItems": 1,
    "nDepth": 1,
    "fAlignX": 0.0,
    "fAlignY": 0.0,
    "bAlignSlot": false,
    "bHoldSlot": false,
    "bHide": true,
    "bCarried": false,
    "bAllowStacks": false
  },
  {
    "strName": "robotHandR",
    "strNameFriendly": "Правая рука (носит)",
    "strHitboxImage": "paperdoll/HBheldR",
    "nItems": 1,
    "nDepth": 1,
    "fAlignX": 0.0,
    "fAlignY": 0.0,
    "bAlignSlot": false,
    "bHoldSlot": false,
    "bHide": true,
    "bCarried": false,
    "bAllowStacks": false
  },
  {
    "strName": "robotMovementUnit",
    "strNameFriendly": "Двигательный блок",
    "strHitboxImage": "paperdoll/HBlegUpperR",
    "nItems": 1,
    "nDepth": 3,
    "fAlignX": 0.0,
    "fAlignY": 0.0,
    "bAlignSlot": false,
    "bHoldSlot": false,
    "bHide": true,
    "bCarried": false,
    "bAllowStacks": false
  },
  {
    "strName": "shirt_in",
    "strNameFriendly": "Рубашка (внутр.)",
    "strHitboxImage": "paperdoll/HBbody",
    "strIconImage": "paperdoll/HBbodyIcon",
    "nItems": 1,
    "nDepth": 6,
    "fAlignX": 0.0,
    "fAlignY": 0.0,
    "bAlignSlot": false,
    "bHoldSlot": false,
    "bHide": false,
    "bCarried": true,
    "bAllowStacks": false
  },
  {
    "strName": "shirt_mid",
    "strNameFriendly": "Рубашка (средн.)",
    "strHitboxImage": "paperdoll/HBbody",
    "strIconImage": "paperdoll/HBbodyIcon",
    "nItems": 1,
    "nDepth": 8,
    "fAlignX": 0.0,
    "fAlignY": 0.0,
    "bAlignSlot": false,
    "bHoldSlot": false,
    "bHide": false,
    "bCarried": true,
    "bAllowStacks": false
  },
  {
    "strName": "shirt_out",
    "strNameFriendly": "Рубашка (внешн.)",
    "strHitboxImage": "paperdoll/HBbody",
    "strIconImage": "paperdoll/HBbodyIcon",
    "nItems": 1,
    "nDepth": 10,
    "fAlignX": 0.0,
    "fAlignY": 0.0,
    "bAlignSlot": false,
    "bHoldSlot": false,
    "bHide": false,
    "bCarried": true,
    "bAllowStacks": false
  },
  {
    "strName": "shoeL",
    "strNameFriendly": "Левый ботинок",
    "strHitboxImage": "paperdoll/HBfootL",
    "strIconImage": "paperdoll/HBfootLIcon",
    "nItems": 1,
    "nDepth": 6,
    "fAlignX": 0.0,
    "fAlignY": 0.0,
    "bAlignSlot": false,
    "bHoldSlot": false,
    "bHide": false,
    "bCarried": true,
    "bAllowStacks": false
  },
  {
    "strName": "shoeR",
    "strNameFriendly": "Правый ботинок",
    "strHitboxImage": "paperdoll/HBfootR",
    "strIconImage": "paperdoll/HBfootRIcon",
    "nItems": 1,
    "nDepth": 6,
    "fAlignX": 0.0,
    "fAlignY": 0.0,
    "bAlignSlot": false,
    "bHoldSlot": false,
    "bHide": false,
    "bCarried": true,
    "bAllowStacks": false
  },
  {
    "strName": "data",
    "strNameFriendly": "Данные",
    "strHitboxImage": "blank",
    "nItems": 1,
    "nDepth": 0,
    "fAlignX": 0.0,
    "fAlignY": 0.0,
    "bAlignSlot": false,
    "bHoldSlot": false,
    "bHide": true,
    "bCarried": true,
    "bAllowStacks": false
  },
  {
    "strName": "pdaCards",
    "strNameFriendly": "PDA-картриджи",
    "strHitboxImage": "blank",
    "nItems": 2,
    "nDepth": 5,
    "fAlignX": 0.0,
    "fAlignY": 0.0,
    "bAlignSlot": false,
    "bHoldSlot": false,
    "bHide": false,
    "bCarried": true,
    "bAllowStacks": false
  },
  {
    "strName": "social",
    "strNameFriendly": "Социальное",
    "strHitboxImage": "blank",
    "nItems": 1,
    "nDepth": 0,
    "fAlignX": 0.0,
    "fAlignY": 0.0,
    "bAlignSlot": false,
    "bHoldSlot": false,
    "bHide": true,
    "bCarried": true,
    "bAllowStacks": false
  },
  {
    "strName": "trash",
    "strNameFriendly": "Мусор",
    "strHitboxImage": "paperdoll/HBtrash",
    "strIconImage": "paperdoll/HBtrashIcon",
    "nItems": 1,
    "nDepth": 10,
    "fAlignX": -0.71,
    "fAlignY": 0.75,
    "bAlignSlot": true,
    "bHoldSlot": true,
    "bHide": false,
    "bCarried": false,
    "bAllowStacks": true
  },
  {
    "strName": "wristL",
    "strNameFriendly": "Запястье",
    "strHitboxImage": "paperdoll/HBwristL",
    "strIconImage": "paperdoll/HBwristLIcon",
    "nItems": 1,
    "nDepth": 11,
    "fAlignX": 0,
    "fAlignY": 0,
    "bAlignSlot": false,
    "bHoldSlot": true,
    "bHide": false,
    "bCarried": true,
    "bAllowStacks": true
  }
]