[
  {
    "strName": "WoundArmFractureL",
    "strNameFriendly": "Перелом левой руки",
    "strHitboxImage": "paperdoll/HBarmFractureL",
    "nItems": 1,
    "nDepth": 4,
    "fAlignX": 0.0,
    "fAlignY": 0.0,
    "bAlignSlot": false,
    "bHoldSlot": false,
    "bHide": false,
    "bCarried": false,
    "bAllowStacks": false,
    "strCTAutoSlot": "TIsAutoSlotWound"
  },
  {
    "strName": "WoundItemArmFractureL",
    "strNameFriendly": "Перелом левой руки (предмет)",
    "strHitboxImage": "paperdoll/HBarmFractureL",
    "nItems": 1,
    "nDepth": 4,
    "fAlignX": 0.0,
    "fAlignY": 0.0,
    "bAlignSlot": false,
    "bHoldSlot": false,
    "bHide": false,
    "bCarried": true,
    "bAllowStacks": false,
    "strCTAutoSlot": "TIsAutoSlotWound"
  },
  {
    "strName": "WoundArmFractureR",
    "strNameFriendly": "Перелом правой руки",
    "strHitboxImage": "paperdoll/HBarmFractureR",
    "nItems": 1,
    "nDepth": 4,
    "fAlignX": 0.0,
    "fAlignY": 0.0,
    "bAlignSlot": false,
    "bHoldSlot": false,
    "bHide": false,
    "bCarried": false,
    "bAllowStacks": false,
    "strCTAutoSlot": "TIsAutoSlotWound"
  },
  {
    "strName": "WoundItemArmFractureR",
    "strNameFriendly": "Перелом правой руки (предмет)",
    "strHitboxImage": "paperdoll/HBarmFractureR",
    "nItems": 1,
    "nDepth": 4,
    "fAlignX": 0.0,
    "fAlignY": 0.0,
    "bAlignSlot": false,
    "bHoldSlot": false,
    "bHide": false,
    "bCarried": true,
    "bAllowStacks": false,
    "strCTAutoSlot": "TIsAutoSlotWound"
  },
  {
    "strName": "WoundArmLowerL",
    "strNameFriendly": "Рана левого предплечья",
    "strHitboxImage": "paperdoll/HBarmLowerL",
    "nItems": 1,
    "nDepth": 4,
    "fAlignX": 0.0,
    "fAlignY": 0.0,
    "bAlignSlot": false,
    "bHoldSlot": false,
    "bHide": false,
    "bCarried": false,
    "bAllowStacks": false,
    "strCTAutoSlot": "TIsAutoSlotWound"
  },
  {
    "strName": "WoundItemArmLowerL",
    "strNameFriendly": "Рана левого предплечья (предмет)",
    "strHitboxImage": "paperdoll/HBarmLowerL",
    "nItems": 1,
    "nDepth": 4,
    "fAlignX": 0.0,
    "fAlignY": 0.0,
    "bAlignSlot": false,
    "bHoldSlot": false,
    "bHide": false,
    "bCarried": true,
    "bAllowStacks": false,
    "strCTAutoSlot": "TIsAutoSlotWound"
  },
  {
    "strName": "WoundArmLowerR",
    "strNameFriendly": "Рана правого предплечья",
    "strHitboxImage": "paperdoll/HBarmLowerR",
    "nItems": 1,
    "nDepth": 4,
    "fAlignX": 0.0,
    "fAlignY": 0.0,
    "bAlignSlot": false,
    "bHoldSlot": false,
    "bHide": false,
    "bCarried": false,
    "bAllowStacks": false,
    "strCTAutoSlot": "TIsAutoSlotWound"
  },
  {
    "strName": "WoundItemArmLowerR",
    "strNameFriendly": "Рана правого предплечья (предмет)",
    "strHitboxImage": "paperdoll/HBarmLowerR",
    "nItems": 1,
    "nDepth": 4,
    "fAlignX": 0.0,
    "fAlignY": 0.0,
    "bAlignSlot": false,
    "bHoldSlot": false,
    "bHide": false,
    "bCarried": true,
    "bAllowStacks": false,
    "strCTAutoSlot": "TIsAutoSlotWound"
  },
  {
    "strName": "WoundArmUpperL",
    "strNameFriendly": "Рана левого плеча",
    "strHitboxImage": "paperdoll/HBarmUpperL",
    "nItems": 1,
    "nDepth": 4,
    "fAlignX": 0.0,
    "fAlignY": 0.0,
    "bAlignSlot": false,
    "bHoldSlot": false,
    "bHide": false,
    "bCarried": false,
    "bAllowStacks": false,
    "strCTAutoSlot": "TIsAutoSlotWound"
  },
  {
    "strName": "WoundItemArmUpperL",
    "strNameFriendly": "Рана левого плеча (предмет)",
    "strHitboxImage": "paperdoll/HBarmUpperL",
    "nItems": 1,
    "nDepth": 4,
    "fAlignX": 0.0,
    "fAlignY": 0.0,
    "bAlignSlot": false,
    "bHoldSlot": false,
    "bHide": false,
    "bCarried": true,
    "bAllowStacks": false,
    "strCTAutoSlot": "TIsAutoSlotWound"
  },
  {
    "strName": "WoundArmUpperR",
    "strNameFriendly": "Рана правого плеча",
    "strHitboxImage": "paperdoll/HBarmUpperR",
    "nItems": 1,
    "nDepth": 4,
    "fAlignX": 0.0,
    "fAlignY": 0.0,
    "bAlignSlot": false,
    "bHoldSlot": false,
    "bHide": false,
    "bCarried": false,
    "bAllowStacks": false,
    "strCTAutoSlot": "TIsAutoSlotWound"
  },
  {
    "strName": "WoundItemArmUpperR",
    "strNameFriendly": "Рана правого плеча (предмет)",
    "strHitboxImage": "paperdoll/HBarmUpperR",
    "nItems": 1,
    "nDepth": 4,
    "fAlignX": 0.0,
    "fAlignY": 0.0,
    "bAlignSlot": false,
    "bHoldSlot": false,
    "bHide": false,
    "bCarried": true,
    "bAllowStacks": false,
    "strCTAutoSlot": "TIsAutoSlotWound"
  },
  {
    "strName": "WoundAbdomenLower",
    "strNameFriendly": "Рана нижней части живота",
    "strHitboxImage": "paperdoll/HBAbdomenLower",
    "nItems": 1,
    "nDepth": 4,
    "fAlignX": 0.0,
    "fAlignY": 0.0,
    "bAlignSlot": false,
    "bHoldSlot": false,
    "bHide": false,
    "bCarried": false,
    "bAllowStacks": false,
    "strCTAutoSlot": "TIsAutoSlotWound"
  },
  {
    "strName": "WoundItemAbdomenLower",
    "strNameFriendly": "Рана нижней части живота (предмет)",
    "strHitboxImage": "paperdoll/HBAbdomenLower",
    "nItems": 1,
    "nDepth": 4,
    "fAlignX": 0.0,
    "fAlignY": 0.0,
    "bAlignSlot": false,
    "bHoldSlot": false,
    "bHide": false,
    "bCarried": true,
    "bAllowStacks": false,
    "strCTAutoSlot": "TIsAutoSlotWound"
  },
  {
    "strName": "WoundAbdomenUpper",
    "strNameFriendly": "Рана верхней части живота",
    "strHitboxImage": "paperdoll/HBAbdomenUpper",
    "nItems": 1,
    "nDepth": 4,
    "fAlignX": 0.0,
    "fAlignY": 0.0,
    "bAlignSlot": false,
    "bHoldSlot": false,
    "bHide": false,
    "bCarried": false,
    "bAllowStacks": false,
    "strCTAutoSlot": "TIsAutoSlotWound"
  },
  {
    "strName": "WoundItemAbdomenUpper",
    "strNameFriendly": "Рана верхней части живота (предмет)",
    "strHitboxImage": "paperdoll/HBAbdomenUpper",
    "nItems": 1,
    "nDepth": 4,
    "fAlignX": 0.0,
    "fAlignY": 0.0,
    "bAlignSlot": false,
    "bHoldSlot": false,
    "bHide": false,
    "bCarried": true,
    "bAllowStacks": false,
    "strCTAutoSlot": "TIsAutoSlotWound"
  },
  {
    "strName": "WoundChestLower",
    "strNameFriendly": "Рана нижней части груди",
    "strHitboxImage": "paperdoll/HBChestLower",
    "nItems": 1,
    "nDepth": 4,
    "fAlignX": 0.0,
    "fAlignY": 0.0,
    "bAlignSlot": false,
    "bHoldSlot": false,
    "bHide": false,
    "bCarried": false,
    "bAllowStacks": false,
    "strCTAutoSlot": "TIsAutoSlotWound"
  },
  {
    "strName": "WoundItemChestLower",
    "strNameFriendly": "Рана нижней части груди (предмет)",
    "strHitboxImage": "paperdoll/HBChestLower",
    "nItems": 1,
    "nDepth": 4,
    "fAlignX": 0.0,
    "fAlignY": 0.0,
    "bAlignSlot": false,
    "bHoldSlot": false,
    "bHide": false,
    "bCarried": true,
    "bAllowStacks": false,
    "strCTAutoSlot": "TIsAutoSlotWound"
  },
  {
    "strName": "WoundChestUpper",
    "strNameFriendly": "Рана верхней части груди",
    "strHitboxImage": "paperdoll/HBChestUpper",
    "nItems": 1,
    "nDepth": 4,
    "fAlignX": 0.0,
    "fAlignY": 0.0,
    "bAlignSlot": false,
    "bHoldSlot": false,
    "bHide": false,
    "bCarried": false,
    "bAllowStacks": false,
    "strCTAutoSlot": "TIsAutoSlotWound"
  },
  {
    "strName": "WoundItemChestUpper",
    "strNameFriendly": "Рана верхней части груди (предмет)",
    "strHitboxImage": "paperdoll/HBChestUpper",
    "nItems": 1,
    "nDepth": 4,
    "fAlignX": 0.0,
    "fAlignY": 0.0,
    "bAlignSlot": false,
    "bHoldSlot": false,
    "bHide": false,
    "bCarried": true,
    "bAllowStacks": false,
    "strCTAutoSlot": "TIsAutoSlotWound"
  },
  {
    "strName": "WoundHead",
    "strNameFriendly": "Рана головы",
    "strHitboxImage": "paperdoll/HBhelmet",
    "nItems": 1,
    "nDepth": 4,
    "fAlignX": 0.0,
    "fAlignY": 0.0,
    "bAlignSlot": false,
    "bHoldSlot": false,
    "bHide": false,
    "bCarried": false,
    "bAllowStacks": false,
    "strCTAutoSlot": "TIsAutoSlotWound"
  },
  {
    "strName": "WoundItemHead",
    "strNameFriendly": "Рана головы (предмет)",
    "strHitboxImage": "paperdoll/HBhelmet",
    "nItems": 1,
    "nDepth": 4,
    "fAlignX": 0.0,
    "fAlignY": 0.0,
    "bAlignSlot": false,
    "bHoldSlot": false,
    "bHide": false,
    "bCarried": true,
    "bAllowStacks": false,
    "strCTAutoSlot": "TIsAutoSlotWound"
  },
  {
    "strName": "WoundLegFractureL",
    "strNameFriendly": "Перелом левой ноги",
    "strHitboxImage": "paperdoll/HBLegFractureL",
    "nItems": 1,
    "nDepth": 4,
    "fAlignX": 0.0,
    "fAlignY": 0.0,
    "bAlignSlot": false,
    "bHoldSlot": false,
    "bHide": false,
    "bCarried": false,
    "bAllowStacks": false,
    "strCTAutoSlot": "TIsAutoSlotWound"
  },
  {
    "strName": "WoundItemLegFractureL",
    "strNameFriendly": "Перелом левой ноги (предмет)",
    "strHitboxImage": "paperdoll/HBLegFractureL",
    "nItems": 1,
    "nDepth": 4,
    "fAlignX": 0.0,
    "fAlignY": 0.0,
    "bAlignSlot": false,
    "bHoldSlot": false,
    "bHide": false,
    "bCarried": true,
    "bAllowStacks": false,
    "strCTAutoSlot": "TIsAutoSlotWound"
  },
  {
    "strName": "WoundLegFractureR",
    "strNameFriendly": "Перелом правой ноги",
    "strHitboxImage": "paperdoll/HBLegFractureR",
    "nItems": 1,
    "nDepth": 4,
    "fAlignX": 0.0,
    "fAlignY": 0.0,
    "bAlignSlot": false,
    "bHoldSlot": false,
    "bHide": false,
    "bCarried": false,
    "bAllowStacks": false,
    "strCTAutoSlot": "TIsAutoSlotWound"
  },
  {
    "strName": "WoundItemLegFractureR",
    "strNameFriendly": "Перелом правой ноги (предмет)",
    "strHitboxImage": "paperdoll/HBLegFractureR",
    "nItems": 1,
    "nDepth": 4,
    "fAlignX": 0.0,
    "fAlignY": 0.0,
    "bAlignSlot": false,
    "bHoldSlot": false,
    "bHide": false,
    "bCarried": true,
    "bAllowStacks": false,
    "strCTAutoSlot": "TIsAutoSlotWound"
  },
  {
    "strName": "WoundLegLowerL",
    "strNameFriendly": "Рана левой голени",
    "strHitboxImage": "paperdoll/HBLegLowerL",
    "nItems": 1,
    "nDepth": 4,
    "fAlignX": 0.0,
    "fAlignY": 0.0,
    "bAlignSlot": false,
    "bHoldSlot": false,
    "bHide": false,
    "bCarried": false,
    "bAllowStacks": false,
    "strCTAutoSlot": "TIsAutoSlotWound"
  },
  {
    "strName": "WoundItemLegLowerL",
    "strNameFriendly": "Рана левой голени (предмет)",
    "strHitboxImage": "paperdoll/HBLegLowerL",
    "nItems": 1,
    "nDepth": 4,
    "fAlignX": 0.0,
    "fAlignY": 0.0,
    "bAlignSlot": false,
    "bHoldSlot": false,
    "bHide": false,
    "bCarried": true,
    "bAllowStacks": false,
    "strCTAutoSlot": "TIsAutoSlotWound"
  },
  {
    "strName": "WoundLegLowerR",
    "strNameFriendly": "Рана правой голени",
    "strHitboxImage": "paperdoll/HBLegLowerR",
    "nItems": 1,
    "nDepth": 4,
    "fAlignX": 0.0,
    "fAlignY": 0.0,
    "bAlignSlot": false,
    "bHoldSlot": false,
    "bHide": false,
    "bCarried": false,
    "bAllowStacks": false,
    "strCTAutoSlot": "TIsAutoSlotWound"
  },
  {
    "strName": "WoundItemLegLowerR",
    "strNameFriendly": "Рана правой голени (предмет)",
    "strHitboxImage": "paperdoll/HBLegLowerR",
    "nItems": 1,
    "nDepth": 4,
    "fAlignX": 0.0,
    "fAlignY": 0.0,
    "bAlignSlot": false,
    "bHoldSlot": false,
    "bHide": false,
    "bCarried": true,
    "bAllowStacks": false,
    "strCTAutoSlot": "TIsAutoSlotWound"
  },
  {
    "strName": "WoundRobotMovementUnit",
    "strNameFriendly": "Повреждение двигательного модуля робота",
    "strHitboxImage": "paperdoll/HBLegUpperR",
    "nItems": 1,
    "nDepth": 4,
    "fAlignX": 0.0,
    "fAlignY": 0.0,
    "bAlignSlot": false,
    "bHoldSlot": false,
    "bHide": false,
    "bCarried": false,
    "bAllowStacks": false,
    "strCTAutoSlot": "TIsAutoSlotWound"
  },
  {
    "strName": "WoundItemRobotMovementUnit",
    "strNameFriendly": "Повреждение двигателя робота (предмет)",
    "strHitboxImage": "paperdoll/HBLegUpperR",
    "nItems": 1,
    "nDepth": 4,
    "fAlignX": 0.0,
    "fAlignY": 0.0,
    "bAlignSlot": false,
    "bHoldSlot": false,
    "bHide": false,
    "bCarried": true,
    "bAllowStacks": false,
    "strCTAutoSlot": "TIsAutoSlotWound"
  },
  {
    "strName": "WoundRobotTorso",
    "strNameFriendly": "Повреждение корпуса робота",
    "strHitboxImage": "paperdoll/HBChestLower",
    "nItems": 1,
    "nDepth": 4,
    "fAlignX": 0.0,
    "fAlignY": 0.0,
    "bAlignSlot": false,
    "bHoldSlot": false,
    "bHide": false,
    "bCarried": false,
    "bAllowStacks": false,
    "strCTAutoSlot": "TIsAutoSlotWound"
  },
  {
    "strName": "WoundItemRobotTorso",
    "strNameFriendly": "Повреждение корпуса робота (предмет)",
    "strHitboxImage": "paperdoll/HBChestLower",
    "nItems": 1,
    "nDepth": 4,
    "fAlignX": 0.0,
    "fAlignY": 0.0,
    "bAlignSlot": false,
    "bHoldSlot": false,
    "bHide": false,
    "bCarried": true,
    "bAllowStacks": false,
    "strCTAutoSlot": "TIsAutoSlotWound"
  },
  {
    "strName": "WoundRobotHead",
    "strNameFriendly": "Повреждение головы робота",
    "strHitboxImage": "paperdoll/HBhelmet",
    "nItems": 1,
    "nDepth": 4,
    "fAlignX": 0.0,
    "fAlignY": 0.0,
    "bAlignSlot": false,
    "bHoldSlot": false,
    "bHide": false,
    "bCarried": false,
    "bAllowStacks": false,
    "strCTAutoSlot": "TIsAutoSlotWound"
  },
  {
    "strName": "WoundItemRobotHead",
    "strNameFriendly": "Повреждение головы робота (предмет)",
    "strHitboxImage": "paperdoll/HBhelmet",
    "nItems": 1,
    "nDepth": 4,
    "fAlignX": 0.0,
    "fAlignY": 0.0,
    "bAlignSlot": false,
    "bHoldSlot": false,
    "bHide": false,
    "bCarried": true,
    "bAllowStacks": false,
    "strCTAutoSlot": "TIsAutoSlotWound"
  },
  {
    "strName": "WoundLegUpperL",
    "strNameFriendly": "Рана левого бедра",
    "strHitboxImage": "paperdoll/HBLegUpperL",
    "nItems": 1,
    "nDepth": 4,
    "fAlignX": 0.0,
    "fAlignY": 0.0,
    "bAlignSlot": false,
    "bHoldSlot": false,
    "bHide": false,
    "bCarried": false,
    "bAllowStacks": false,
    "strCTAutoSlot": "TIsAutoSlotWound"
  },
  {
    "strName": "WoundItemLegUpperL",
    "strNameFriendly": "Рана левого бедра (предмет)",
    "strHitboxImage": "paperdoll/HBLegUpperL",
    "nItems": 1,
    "nDepth": 4,
    "fAlignX": 0.0,
    "fAlignY": 0.0,
    "bAlignSlot": false,
    "bHoldSlot": false,
    "bHide": false,
    "bCarried": true,
    "bAllowStacks": false,
    "strCTAutoSlot": "TIsAutoSlotWound"
  },
  {
    "strName": "WoundLegUpperR",
    "strNameFriendly": "Рана правого бедра",
    "strHitboxImage": "paperdoll/HBLegUpperR",
    "nItems": 1,
    "nDepth": 4,
    "fAlignX": 0.0,
    "fAlignY": 0.0,
    "bAlignSlot": false,
    "bHoldSlot": false,
    "bHide": false,
    "bCarried": false,
    "bAllowStacks": false,
    "strCTAutoSlot": "TIsAutoSlotWound"
  },
  {
    "strName": "WoundItemLegUpperR",
    "strNameFriendly": "Рана левого бедра (предмет)",
    "strHitboxImage": "paperdoll/HBLegUpperR",
    "nItems": 1,
    "nDepth": 4,
    "fAlignX": 0.0,
    "fAlignY": 0.0,
    "bAlignSlot": false,
    "bHoldSlot": false,
    "bHide": false,
    "bCarried": true,
    "bAllowStacks": false,
    "strCTAutoSlot": "TIsAutoSlotWound"
  }
]