[
  {
    "strName" : "MVPCourierTestDeliverCO",
    "strPSpecClient" : "RandomAdultGigTargetLiving",
    "strIASetupClient" : "JOBMVPCourierTestSetupClient00",
    "strIASetupPlayer" : "JOBMVPCourierTestSetupPlayer",
    "strIAAbandonClient" : "JOBMVPCourierTestAbandonClient",
    "strIAAbandonPlayer" : "JOBMVPCourierTestAbandonPlayer",
    "strIAFinishClient" : "JOBMVPCourierTestFinishClient",
    "strIAFinishPlayer" : "JOBMVPCourierTestFinishPlayer",
    "strIADo" : "JOBMVPCourierTestDo",
    "strLootTxt1" : "TXTJOBMVPCourierTestSetupClient00Txt1",
    "strLootJobItems" : "TXTJOBMVPCourierTest00JobItems",
    "strLootRegIDsOrigin" : "TXTJobKioskOriginRegIDs",
    "strLootRegIDsDest" : null,
    "fContractMin" : 100,
    "fContractMax" : 300,
    "fPayoutMin" : 200,
    "fPayoutMax" : 600,
    "fDuration" : 6
  },
  {
    "strName" : "MVPCourierTestDeliverCOVENC",
    "strPSpecClient" : "RandomAdultGigTargetLiving",
    "strIASetupClient" : "JOBMVPCourierTestSetupClient00",
    "strIASetupPlayer" : "JOBMVPCourierTestSetupPlayer",
    "strIAAbandonClient" : "JOBMVPCourierTestAbandonClient",
    "strIAAbandonPlayer" : "JOBMVPCourierTestAbandonPlayer",
    "strIAFinishClient" : "JOBMVPCourierTestFinishClient",
    "strIAFinishPlayer" : "JOBMVPCourierTestFinishPlayer",
    "strIADo" : "JOBMVPCourierTestDo",
    "strLootTxt1" : "TXTJOBMVPCourierTestSetupClient00Txt1",
    "strLootJobItems" : "TXTJOBMVPCourierTest00JobItems",
    "strLootRegIDsOrigin" : "TXTJobKioskOriginVenusRegIDs",
    "strLootRegIDsDest" : null,
    "fContractMin" : 100,
    "fContractMax" : 300,
    "fPayoutMin" : 200,
    "fPayoutMax" : 600,
    "fDuration" : 6
  },
  {
    "strName" : "MVPCourierTestDeliverCOVNCA",
    "strPSpecClient" : "RandomAdultGigTargetLiving",
    "strIASetupClient" : "JOBMVPCourierTestSetupClient00",
    "strIASetupPlayer" : "JOBMVPCourierTestSetupPlayer",
    "strIAAbandonClient" : "JOBMVPCourierTestAbandonClient",
    "strIAAbandonPlayer" : "JOBMVPCourierTestAbandonPlayer",
    "strIAFinishClient" : "JOBMVPCourierTestFinishClient",
    "strIAFinishPlayer" : "JOBMVPCourierTestFinishPlayer",
    "strIADo" : "JOBMVPCourierTestDo",
    "strLootTxt1" : "TXTJOBMVPCourierTestSetupClient00Txt1",
    "strLootJobItems" : "TXTJOBMVPCourierTest00JobItems",
    "strLootRegIDsOrigin" : "TXTJobKioskOriginVenusRegIDs",
    "strLootRegIDsDest" : null,
    "fContractMin" : 100,
    "fContractMax" : 300,
    "fPayoutMin" : 200,
    "fPayoutMax" : 600,
    "fDuration" : 6
  },
  {
    "strName" : "MVPCourierTestDeliverCOVORB",
    "strPSpecClient" : "RandomAdultGigTargetLiving",
    "strIASetupClient" : "JOBMVPCourierTestSetupClient00",
    "strIASetupPlayer" : "JOBMVPCourierTestSetupPlayer",
    "strIAAbandonClient" : "JOBMVPCourierTestAbandonClient",
    "strIAAbandonPlayer" : "JOBMVPCourierTestAbandonPlayer",
    "strIAFinishClient" : "JOBMVPCourierTestFinishClient",
    "strIAFinishPlayer" : "JOBMVPCourierTestFinishPlayer",
    "strIADo" : "JOBMVPCourierTestDo",
    "strLootTxt1" : "TXTJOBMVPCourierTestSetupClient00Txt1",
    "strLootJobItems" : "TXTJOBMVPCourierTest00JobItems",
    "strLootRegIDsOrigin" : "TXTJobKioskOriginVenusRegIDs",
    "strLootRegIDsDest" : null,
    "fContractMin" : 100,
    "fContractMax" : 300,
    "fPayoutMin" : 200,
    "fPayoutMax" : 600,
    "fDuration" : 6
  },
  {
    "strName" : "MVPCourierTestDeliverCOShortHopOKLG",
    "strPSpecClient" : "RandomAdultGigTargetLiving",
    "strIASetupClient" : "JOBMVPCourierTestSetupClientLocker",
    "strIASetupPlayer" : "JOBMVPCourierTestSetupPlayer",
    "strIAAbandonClient" : "JOBMVPCourierTestAbandonClient",
    "strIAAbandonPlayer" : "JOBMVPCourierTestAbandonPlayer",
    "strIAFinishClient" : "JOBMVPCourierTestFinishClient",
    "strIAFinishPlayer" : "JOBMVPCourierTestFinishPlayer",
    "strIADo" : null,
    "strLootTxt1" : "TXTJOBMVPCourierTestSetupClient00Txt1",
    "strLootJobItems" : "TXTJOBMVPCourierTest00JobItemsShortHop",
    "strLootRegIDsOrigin" : "TXTJobKioskOriginOKLGShortHopRegIDs",
    "strLootRegIDsDest" : "TXTJobKioskOriginOKLGShortHopRegIDs",
    "fContractMin" : 0,
    "fContractMax" : 0,
    "fPayoutMin" : 100,
    "fPayoutMax" : 250,
    "fDuration" : 0.0445
  },
  {
    "strName" : "MVPCourierTestDeliverCOShortHopVENC",
    "strPSpecClient" : "RandomAdultGigTargetLiving",
    "strIASetupClient" : "JOBMVPCourierTestSetupClientLocker",
    "strIASetupPlayer" : "JOBMVPCourierTestSetupPlayer",
    "strIAAbandonClient" : "JOBMVPCourierTestAbandonClient",
    "strIAAbandonPlayer" : "JOBMVPCourierTestAbandonPlayer",
    "strIAFinishClient" : "JOBMVPCourierTestFinishClient",
    "strIAFinishPlayer" : "JOBMVPCourierTestFinishPlayer",
    "strIADo" : null,
    "strLootTxt1" : "TXTJOBMVPCourierTestSetupClient00Txt1",
    "strLootJobItems" : "TXTJOBMVPCourierTest00JobItemsShortHop",
    "strLootRegIDsOrigin" : "TXTJobKioskOriginVENCShortHopRegIDs",
    "strLootRegIDsDest" : "TXTJobKioskOriginVENCShortHopRegIDs",
    "fContractMin" : 0,
    "fContractMax" : 0,
    "fPayoutMin" : 100,
    "fPayoutMax" : 250,
    "fDuration" : 0.0445
  },
  {
    "strName" : "MVPCourierTestDeliverCOShortHopVNCA",
    "strPSpecClient" : "RandomAdultGigTargetLiving",
    "strIASetupClient" : "JOBMVPCourierTestSetupClientLocker",
    "strIASetupPlayer" : "JOBMVPCourierTestSetupPlayer",
    "strIAAbandonClient" : "JOBMVPCourierTestAbandonClient",
    "strIAAbandonPlayer" : "JOBMVPCourierTestAbandonPlayer",
    "strIAFinishClient" : "JOBMVPCourierTestFinishClient",
    "strIAFinishPlayer" : "JOBMVPCourierTestFinishPlayer",
    "strIADo" : null,
    "strLootTxt1" : "TXTJOBMVPCourierTestSetupClient00Txt1",
    "strLootJobItems" : "TXTJOBMVPCourierTest00JobItemsShortHop",
    "strLootRegIDsOrigin" : "TXTJobKioskOriginVNCAShortHopRegIDs",
    "strLootRegIDsDest" : "TXTJobKioskOriginVNCAShortHopRegIDs",
    "fContractMin" : 0,
    "fContractMax" : 0,
    "fPayoutMin" : 100,
    "fPayoutMax" : 250,
    "fDuration" : 0.0445
  },
  {
    "strName" : "MVPCourierTestDeliverCOShortHopVORB",
    "strPSpecClient" : "RandomAdultGigTargetLiving",
    "strIASetupClient" : "JOBMVPCourierTestSetupClientLocker",
    "strIASetupPlayer" : "JOBMVPCourierTestSetupPlayer",
    "strIAAbandonClient" : "JOBMVPCourierTestAbandonClient",
    "strIAAbandonPlayer" : "JOBMVPCourierTestAbandonPlayer",
    "strIAFinishClient" : "JOBMVPCourierTestFinishClient",
    "strIAFinishPlayer" : "JOBMVPCourierTestFinishPlayer",
    "strIADo" : null,
    "strLootTxt1" : "TXTJOBMVPCourierTestSetupClient00Txt1",
    "strLootJobItems" : "TXTJOBMVPCourierTest00JobItemsShortHop",
    "strLootRegIDsOrigin" : "TXTJobKioskOriginVORBShortHopRegIDs",
    "strLootRegIDsDest" : "TXTJobKioskOriginVORBShortHopRegIDs",
    "fContractMin" : 0,
    "fContractMax" : 0,
    "fPayoutMin" : 100,
    "fPayoutMax" : 250,
    "fDuration" : 0.0445
  },
  {
    "strName" : "JOBMVPHoneypot",
    "strPSpecClient" : "RandomAdultGigTargetLiving",
    "strIASetupClient" : "JOBMVPHoneypotSetupClient01",
    "strIASetupPlayer" : "JOBMVPHoneypotSetupPlayer",
    "strIAAbandonClient" : "JOBMVPHoneypotAbandonClient",
    "strIAAbandonPlayer" : "JOBMVPHoneypotAbandonPlayer",
    "strIAFinishClient" : "JOBMVPHoneypotFinishClient",
    "strIAFinishPlayer" : "JOBMVPTestFinishPlayer",
    "strIADo" : "SOCHoneypotCombatStart",
    "strLootTxt1" : "TXTJOBMVPHoneypotSetupClient01Txt1",
    "fContractMin" : 100,
    "fContractMax" : 300,
    "fPayoutMin" : 200,
    "fPayoutMax" : 600,
    "fDuration" : 6
  },

  {
    "strName" : "JOBDeadBody1",
    "strPSpecClient" : "RandomAdultGigTargetLiving",
    "strIASetupClient" : "JOBDeadBody1SetupClient01",
    "strIASetupPlayer" : "JOBDeadBody1SetupPlayer",
    "strIAAbandonClient" : "JOBDeadBody1AbandonClient",
    "strIAAbandonPlayer" : "JOBDeadBody1AbandonPlayer",
    "strIAFinishClient" : "JOBDeadBody1FinishClient",
    "strIAFinishPlayer" : "JOBDeadBody1FinishPlayer",
    "strIADo" : "JOBDeadBody1Do",
    "strLootTxt1" : "TXTJOBDeadBody1SetupClient01Txt1",
    "fContractMin" : 100,
    "fContractMax" : 300,
    "fPayoutMin" : 200,
    "fPayoutMax" : 600,
    "fDuration" : 6
  },


  {
    "strName" : "JOBMVPPowerItem",
    "strPSpecClient" : "RandomAdultGigTargetLiving",
    "strIASetupClient" : "JOBMVPPowerItemSetupClientLocker",
    "strIASetupPlayer" : "JOBMVPCourierPowerItemSetupPlayer",
    "strIAAbandonClient" : "JOBMVPPowerItemAbandonClient",
    "strIAAbandonPlayer" : "JOBMVPPowerItemAbandonPlayer",
    "strIAFinishClient" : "JOBMVPPowerItemFinishClient",
    "strIAFinishPlayer" : "JOBMVPPowerItemFinishPlayer",
    "strIADo" : null,
    "strLootTxt1" : "TXTJOBMVPPowerItemSetupClient01Txt1",
    "strLootJobItems" : "TXTJOBMVPPowerItemJobItems",
    "strLootRegIDsOrigin" : "TXTJobKioskOriginOKLGShortHopRegIDs",
    "strLootRegIDsDest" : "TXTJobKioskDestinationOKLGLongHaulRegIDs",
    "fContractMin" : 0,
    "fContractMax" : 0,
    "fPayoutMin" : 5000,
    "fPayoutMax" : 8000,
    "fDuration" : 6
  },
  {
    "strName" : "JOBViolentHeavy1",
    "strPSpecClient" : "RandomAdultGigTargetLiving",
    "strIASetupClient" : "JOBViolentHeavy1SetupClient",
    "strIASetupPlayer" : "JOBViolentHeavy1SetupPlayer",
    "strIAAbandonClient" : "JOBHeavy1AbandonClient",
    "strIAAbandonPlayer" : "JOBHeavy1AbandonPlayer",
    "strIAFinishClient" : "JOBHeavy1FinishClient",
    "strIAFinishPlayer" : "JOBHeavy1FinishPlayer",
    "strIADo" : "JOBHeavy1DoInvis",
    "strLootTxt1" : "TXTJOBHeavy1SetupClient01Txt1",
    "fContractMin" : 100,
    "fContractMax" : 300,
    "fPayoutMin" : 200,
    "fPayoutMax" : 600,
    "fDuration" : 6
  },
  {
    "strName" : "MVPTest00",
    "strPSpecClient" : "RandomAdultGigTargetLiving",
    "strIASetupClient" : "JOBMVPTestSetupClient00",
    "strIASetupPlayer" : "JOBMVPTestSetupPlayer",
    "strIAAbandonClient" : "JOBMVPTestAbandonClient",
    "strIAAbandonPlayer" : "JOBMVPTestAbandonPlayer",
    "strIAFinishClient" : "JOBMVPTestFinishClient",
    "strIAFinishPlayer" : "JOBMVPTestFinishPlayer",
    "strIADo" : "JOBMVPTestDo",
    "fContractMin" : 100,
    "fContractMax" : 300,
    "fPayoutMin" : 200,
    "fPayoutMax" : 600,
    "fDuration" : 6
  },
  {
    "strName" : "MVPTest01",
    "strPSpecClient" : "RandomAdultGigTargetLiving",
    "strIASetupClient" : "JOBMVPTestSetupClient01",
    "strIASetupPlayer" : "JOBMVPTestSetupPlayer",
    "strIAAbandonClient" : "JOBMVPTestAbandonClient",
    "strIAAbandonPlayer" : "JOBMVPTestAbandonPlayer",
    "strIAFinishClient" : "JOBMVPTestFinishClient",
    "strIAFinishPlayer" : "JOBMVPTestFinishPlayer",
    "strIADo" : "JOBMVPTestDo",
    "strLootTxt1" : "TXTJOBMVPTestSetupClient01Txt1",
    "fContractMin" : 100,
    "fContractMax" : 300,
    "fPayoutMin" : 200,
    "fPayoutMax" : 600,
    "fDuration" : 6
  }
]