[
  {
    "strName": "Plot_Whodunnit_VictimLiquidBlood",
    "strNameFriendly": "Кровь жертвы",
    "strNameShort": "Кровь жертвы",
    "strDesc": "Собранная кровь с тела жертвы.",
    "strImg": "ItmLiquidRed",
    "strImgNorm": "ItmLiquidRedn",
    "strPortraitImg": "ItmLiquidRed",
    "strCOBase": "LiquidBlood",
    "strCondLoot": "CNDOLPlot_Whodunnit_VictimLiquidBlood"
  },
  {
    "strName": "Plot_Merga_BarStainCOO",
    "strNameFriendly": "Барная стойка со странным пятном",
    "strImg": "ItmBartop03",
    "strImgNorm": "ItmBartop03n",
    "strPortraitImg": "ItmBartop03",
    "strCOBase": "ItmBartop03",
    "strCondLoot": "CNDOLBartopStained",
    "mapModeSwitches": []
  }
]