[
  {
    "strName": "ItmStorageBin1x102",
    "strNameFriendly": "Переборочный ящик",
    "strDesc": "Серия переборочных ящиков «Мокко» от Раков не столь вместительна, как отдельно стоящие варианты хранения, но они компактно убираются — ценное качество на переполненных судах.",
    "strImg": "containers/ItmStorageBin1x102",
    "strImgNorm": "containers/ItmStorageBin1x101n",
    "strPortraitImg": "containers/ItmStorageBin1x102",
    "strCOBase": "ItmStorageBin1x101",
    "strCondLoot": "CNDOLStorageBin1x102",
    "mapModeSwitches": [
      "ItmStorageBin1x101",
      "ItmStorageBin1x102",
      "ItmStorageBin1x101Loose",
      "ItmStorageBin1x102Loose",
      "ItmStorageBin1x101Dmg",
      "ItmStorageBin1x102Dmg",
      "ItmStorageBin1x101DmgLoose",
      "ItmStorageBin1x102DmgLoose"
    ]
  },
  {
    "strName": "ItmStorageBin1x102Loose",
    "strNameFriendly": "Переборочный ящик (незакреплён)",
    "strDesc": "Серия переборочных ящиков «Мокко» от Раков не столь вместительна, как отдельно стоящие варианты хранения, но они компактно убираются — ценное качество на переполненных судах.",
    "strImg": "containers/ItmStorageBin1x102Loose",
    "strImgNorm": "containers/ItmStorageBin1x101Loosen",
    "strPortraitImg": "containers/ItmStorageBin1x102Loose",
    "strCOBase": "ItmStorageBin1x101Loose",
    "strCondLoot": "CNDOLStorageBin1x102Loose",
    "mapSlotEffects": [
      "drag",
      "Blank"
    ],
    "mapModeSwitches": [
      "ItmStorageBin1x101",
      "ItmStorageBin1x102",
      "ItmStorageBin1x101Loose",
      "ItmStorageBin1x102Loose",
      "ItmStorageBin1x101Dmg",
      "ItmStorageBin1x102Dmg",
      "ItmStorageBin1x101DmgLoose",
      "ItmStorageBin1x102DmgLoose"
    ]
  },
  {
    "strName": "ItmStorageBin1x102Dmg",
    "strNameFriendly": "Переборочный ящик (повреждён)",
    "strDesc": "Серия переборочных ящиков «Мокко» от Раков не столь вместительна, как отдельно стоящие варианты хранения, но они компактно убираются — ценное качество на переполненных судах.",
    "strImg": "containers/ItmStorageBin1x102Dmg02",
    "strImgNorm": "containers/ItmStorageBin1x101Dmg02n",
    "strPortraitImg": "containers/ItmStorageBin1x102Dmg02",
    "strCOBase": "ItmStorageBin1x101Dmg",
    "strCondLoot": "CNDOLStorageBin1x102Dmg",
    "mapModeSwitches": [
      "ItmStorageBin1x101",
      "ItmStorageBin1x102",
      "ItmStorageBin1x101Loose",
      "ItmStorageBin1x102Loose",
      "ItmStorageBin1x101Dmg",
      "ItmStorageBin1x102Dmg",
      "ItmStorageBin1x101DmgLoose",
      "ItmStorageBin1x102DmgLoose"
    ]
  },
  {
    "strName": "ItmStorageBin1x102DmgLoose",
    "strNameFriendly": "Переборочный ящик (незакреплён, повреждён)",
    "strDesc": "Серия переборочных ящиков «Мокко» от Раков не столь вместительна, как отдельно стоящие варианты хранения, но они компактно убираются — ценное качество на переполненных судах.",
    "strImg": "containers/ItmStorageBin1x102Dmg02Loose",
    "strImgNorm": "containers/ItmStorageBin1x101Dmg02Loosen",
    "strPortraitImg": "containers/ItmStorageBin1x102Dmg02Loose",
    "strCOBase": "ItmStorageBin1x101DmgLoose",
    "strCondLoot": "CNDOLStorageBin1x102DmgLoose",
    "mapSlotEffects": [
      "drag",
      "Blank"
    ],
    "mapModeSwitches": [
      "ItmStorageBin1x101",
      "ItmStorageBin1x102",
      "ItmStorageBin1x101Loose",
      "ItmStorageBin1x102Loose",
      "ItmStorageBin1x101Dmg",
      "ItmStorageBin1x102Dmg",
      "ItmStorageBin1x101DmgLoose",
      "ItmStorageBin1x102DmgLoose"
    ]
  },
  {
    "strName": "ItmStorageBin1x102b",
    "strNameFriendly": "Переборочный ящик",
    "strDesc": "Серия переборочных ящиков «Мокко-Б» от Раков не столь вместительна, как отдельно стоящие варианты хранения, но они компактно убираются — ценное качество на переполненных судах.",
    "strImg": "containers/ItmStorageBin1x102b",
    "strImgNorm": "containers/ItmStorageBin1x101n",
    "strPortraitImg": "containers/ItmStorageBin1x102b",
    "strCOBase": "ItmStorageBin1x101",
    "strCondLoot": "CNDOLStorageBin1x102b",
    "mapModeSwitches": [
      "ItmStorageBin1x101",
      "ItmStorageBin1x102b",
      "ItmStorageBin1x101Loose",
      "ItmStorageBin1x102bLoose",
      "ItmStorageBin1x101Dmg",
      "ItmStorageBin1x102bDmg",
      "ItmStorageBin1x101DmgLoose",
      "ItmStorageBin1x102bDmgLoose"
    ]
  },
  {
    "strName": "ItmStorageBin1x102bLoose",
    "strNameFriendly": "Переборочный ящик (незакреплён)",
    "strDesc": "Серия переборочных ящиков «Мокко-Б» от Раков не столь вместительна, как отдельно стоящие варианты хранения, но они компактно убираются — ценное качество на переполненных судах.",
    "strImg": "containers/ItmStorageBin1x102bLoose",
    "strImgNorm": "containers/ItmStorageBin1x101Loosen",
    "strPortraitImg": "containers/ItmStorageBin1x102bLoose",
    "strCOBase": "ItmStorageBin1x101Loose",
    "strCondLoot": "CNDOLStorageBin1x102bLoose",
    "mapSlotEffects": [
      "drag",
      "Blank"
    ],
    "mapModeSwitches": [
      "ItmStorageBin1x101",
      "ItmStorageBin1x102b",
      "ItmStorageBin1x101Loose",
      "ItmStorageBin1x102bLoose",
      "ItmStorageBin1x101Dmg",
      "ItmStorageBin1x102bDmg",
      "ItmStorageBin1x101DmgLoose",
      "ItmStorageBin1x102bDmgLoose"
    ]
  },
  {
    "strName": "ItmStorageBin1x102bDmg",
    "strNameFriendly": "Переборочный ящик (повреждён)",
    "strDesc": "Серия переборочных ящиков «Мокко-Б» от Раков не столь вместительна, как отдельно стоящие варианты хранения, но они компактно убираются — ценное качество на переполненных судах.",
    "strImg": "containers/ItmStorageBin1x102Dmg02",
    "strImgNorm": "containers/ItmStorageBin1x101Dmg02n",
    "strPortraitImg": "containers/ItmStorageBin1x102Dmg02",
    "strCOBase": "ItmStorageBin1x101Dmg",
    "strCondLoot": "CNDOLStorageBin1x102bDmg",
    "mapModeSwitches": [
      "ItmStorageBin1x101",
      "ItmStorageBin1x102b",
      "ItmStorageBin1x101Loose",
      "ItmStorageBin1x102bLoose",
      "ItmStorageBin1x101Dmg",
      "ItmStorageBin1x102bDmg",
      "ItmStorageBin1x101DmgLoose",
      "ItmStorageBin1x102bDmgLoose"
    ]
  },
  {
    "strName": "ItmStorageBin1x102bDmgLoose",
    "strNameFriendly": "Переборочный ящик (незакреплён, повреждён)",
    "strDesc": "Серия переборочных ящиков «Мокко-Б» от Раков не столь вместительна, как отдельно стоящие варианты хранения, но они компактно убираются — ценное качество на переполненных судах.",
    "strImg": "containers/ItmStorageBin1x102Dmg02Loose",
    "strImgNorm": "containers/ItmStorageBin1x101Dmg02Loosen",
    "strPortraitImg": "containers/ItmStorageBin1x102Dmg02Loose",
    "strCOBase": "ItmStorageBin1x101DmgLoose",
    "strCondLoot": "CNDOLStorageBin1x102bDmgLoose",
    "mapSlotEffects": [
      "drag",
      "Blank"
    ],
    "mapModeSwitches": [
      "ItmStorageBin1x101",
      "ItmStorageBin1x102b",
      "ItmStorageBin1x101Loose",
      "ItmStorageBin1x102bLoose",
      "ItmStorageBin1x101Dmg",
      "ItmStorageBin1x102bDmg",
      "ItmStorageBin1x101DmgLoose",
      "ItmStorageBin1x102bDmgLoose"
    ]
  },
  {
    "strName": "ItmStorageBin1x103",
    "strNameFriendly": "Переборочный ящик",
    "strDesc": "Линейка переборочных ящиков «Аплифт» от «Мобайл Спейс Системс» известна своими неброскими, но стильными решениями для хранения, эргономически разработанными для повседневного использования.",
    "strImg": "containers/ItmStorageBin1x103",
    "strImgNorm": "containers/ItmStorageBin1x101n",
    "strPortraitImg": "containers/ItmStorageBin1x103",
    "strCOBase": "ItmStorageBin1x101",
    "strCondLoot": "CNDOLStorageBin1x103",
    "mapModeSwitches": [
      "ItmStorageBin1x101",
      "ItmStorageBin1x103",
      "ItmStorageBin1x101Loose",
      "ItmStorageBin1x103Loose",
      "ItmStorageBin1x101Dmg",
      "ItmStorageBin1x103Dmg",
      "ItmStorageBin1x101DmgLoose",
      "ItmStorageBin1x103DmgLoose"
    ]
  },
  {
    "strName": "ItmStorageBin1x103Loose",
    "strNameFriendly": "Переборочный ящик (незакреплён)",
    "strDesc": "Линейка переборочных ящиков «Аплифт» от «Мобайл Спейс Системс» известна своими неброскими, но стильными решениями для хранения, эргономически разработанными для повседневного использования.",
    "strImg": "containers/ItmStorageBin1x103Loose",
    "strImgNorm": "containers/ItmStorageBin1x101Loosen",
    "strPortraitImg": "containers/ItmStorageBin1x103Loose",
    "strCOBase": "ItmStorageBin1x101Loose",
    "strCondLoot": "CNDOLStorageBin1x103Loose",
    "mapSlotEffects": [
      "drag",
      "Blank"
    ],
    "mapModeSwitches": [
      "ItmStorageBin1x101",
      "ItmStorageBin1x103",
      "ItmStorageBin1x101Loose",
      "ItmStorageBin1x103Loose",
      "ItmStorageBin1x101Dmg",
      "ItmStorageBin1x103Dmg",
      "ItmStorageBin1x101DmgLoose",
      "ItmStorageBin1x103DmgLoose"
    ]
  },
  {
    "strName": "ItmStorageBin1x103Dmg",
    "strNameFriendly": "Переборочный ящик (повреждён)",
    "strDesc": "Линейка переборочных ящиков «Аплифт» от «Мобайл Спейс Системс» известна своими неброскими, но стильными решениями для хранения, эргономически разработанными для повседневного использования.",
    "strImg": "containers/ItmStorageBin1x103Dmg02",
    "strImgNorm": "containers/ItmStorageBin1x101Dmg02n",
    "strPortraitImg": "containers/ItmStorageBin1x103Dmg02",
    "strCOBase": "ItmStorageBin1x101Dmg",
    "strCondLoot": "CNDOLStorageBin1x103Dmg",
    "mapModeSwitches": [
      "ItmStorageBin1x101",
      "ItmStorageBin1x103",
      "ItmStorageBin1x101Loose",
      "ItmStorageBin1x103Loose",
      "ItmStorageBin1x101Dmg",
      "ItmStorageBin1x103Dmg",
      "ItmStorageBin1x101DmgLoose",
      "ItmStorageBin1x103DmgLoose"
    ]
  },
  {
    "strName": "ItmStorageBin1x103DmgLoose",
    "strNameFriendly": "Переборочный ящик (незакреплён, повреждён)",
    "strDesc": "Линейка переборочных ящиков «Аплифт» от «Мобайл Спейс Системс» известна своими неброскими, но стильными решениями для хранения, эргономически разработанными для повседневного использования.",
    "strImg": "containers/ItmStorageBin1x103Dmg02Loose",
    "strImgNorm": "containers/ItmStorageBin1x101Dmg02Loosen",
    "strPortraitImg": "containers/ItmStorageBin1x103Dmg02Loose",
    "strCOBase": "ItmStorageBin1x101DmgLoose",
    "strCondLoot": "CNDOLStorageBin1x103DmgLoose",
    "mapSlotEffects": [
      "drag",
      "Blank"
    ],
    "mapModeSwitches": [
      "ItmStorageBin1x101",
      "ItmStorageBin1x103",
      "ItmStorageBin1x101Loose",
      "ItmStorageBin1x103Loose",
      "ItmStorageBin1x101Dmg",
      "ItmStorageBin1x103Dmg",
      "ItmStorageBin1x101DmgLoose",
      "ItmStorageBin1x103DmgLoose"
    ]
  },
  {
    "strName": "ItmStorageBin2x2C02",
    "strNameFriendly": "Переборочный ящик: угловой",
    "strDesc": "Серия переборочных ящиков «Мокко» от Раков не столь вместительна, как отдельно стоящие варианты хранения, но они компактно убираются — ценное качество на переполненных судах.",
    "strImg": "containers/ItmStorageBin2x2C02",
    "strImgNorm": "containers/ItmStorageBin2x2C01n",
    "strPortraitImg": "containers/ItmStorageBin2x2C02",
    "strCOBase": "ItmStorageBin2x2C01",
    "strCondLoot": "CNDOLStorageBin2x2C02",
    "mapModeSwitches": [
      "ItmStorageBin2x2C01",
      "ItmStorageBin2x2C02",
      "ItmStorageBin2x2C01Loose",
      "ItmStorageBin2x2C02Loose",
      "ItmStorageBin2x2C01Dmg",
      "ItmStorageBin2x2C02Dmg",
      "ItmStorageBin2x2C01DmgLoose",
      "ItmStorageBin2x2C02DmgLoose"
    ]
  },
  {
    "strName": "ItmStorageBin2x2C02Loose",
    "strNameFriendly": "Переборочный ящик: угловой (незакреплён)",
    "strDesc": "Серия переборочных ящиков «Мокко» от Раков не столь вместительна, как отдельно стоящие варианты хранения, но они компактно убираются — ценное качество на переполненных судах.",
    "strImg": "containers/ItmStorageBin2x2C02Loose",
    "strImgNorm": "containers/ItmStorageBin2x2C01Loosen",
    "strPortraitImg": "containers/ItmStorageBin2x2C02Loose",
    "strCOBase": "ItmStorageBin2x2C01Loose",
    "strCondLoot": "CNDOLStorageBin2x2C02Loose",
    "mapSlotEffects": [
      "drag",
      "Blank"
    ],
    "mapModeSwitches": [
      "ItmStorageBin2x2C01",
      "ItmStorageBin2x2C02",
      "ItmStorageBin2x2C01Loose",
      "ItmStorageBin2x2C02Loose",
      "ItmStorageBin2x2C01Dmg",
      "ItmStorageBin2x2C02Dmg",
      "ItmStorageBin2x2C01DmgLoose",
      "ItmStorageBin2x2C02DmgLoose"
    ]
  },
  {
    "strName": "ItmStorageBin2x2C02Dmg",
    "strNameFriendly": "Переборочный ящик: угловой (повреждён)",
    "strDesc": "Серия переборочных ящиков «Мокко» от Раков не столь вместительна, как отдельно стоящие варианты хранения, но они компактно убираются — ценное качество на переполненных судах.",
    "strImg": "containers/ItmStorageBin2x2C02Dmg02",
    "strImgNorm": "containers/ItmStorageBin2x2C01Dmg02n",
    "strPortraitImg": "containers/ItmStorageBin2x2C02Dmg02",
    "strCOBase": "ItmStorageBin2x2C01Dmg",
    "strCondLoot": "CNDOLStorageBin2x2C02Dmg",
    "mapModeSwitches": [
      "ItmStorageBin2x2C01",
      "ItmStorageBin2x2C02",
      "ItmStorageBin2x2C01Loose",
      "ItmStorageBin2x2C02Loose",
      "ItmStorageBin2x2C01Dmg",
      "ItmStorageBin2x2C02Dmg",
      "ItmStorageBin2x2C01DmgLoose",
      "ItmStorageBin2x2C02DmgLoose"
    ]
  },
  {
    "strName": "ItmStorageBin2x2C02DmgLoose",
    "strNameFriendly": "Переборочный ящик: угловой (незакреплён, повреждён)",
    "strDesc": "Серия переборочных ящиков «Мокко» от Раков не столь вместительна, как отдельно стоящие варианты хранения, но они компактно убираются — ценное качество на переполненных судах.",
    "strImg": "containers/ItmStorageBin2x2C02Dmg02Loose",
    "strImgNorm": "containers/ItmStorageBin2x2C01Dmg02Loosen",
    "strPortraitImg": "containers/ItmStorageBin2x2C02Dmg02Loose",
    "strCOBase": "ItmStorageBin2x2C01DmgLoose",
    "strCondLoot": "CNDOLStorageBin2x2C02DmgLoose",
    "mapSlotEffects": [
      "drag",
      "Blank"
    ],
    "mapModeSwitches": [
      "ItmStorageBin2x2C01",
      "ItmStorageBin2x2C02",
      "ItmStorageBin2x2C01Loose",
      "ItmStorageBin2x2C02Loose",
      "ItmStorageBin2x2C01Dmg",
      "ItmStorageBin2x2C02Dmg",
      "ItmStorageBin2x2C01DmgLoose",
      "ItmStorageBin2x2C02DmgLoose"
    ]
  },
  {
    "strName": "ItmStorageBin2x2C03",
    "strNameFriendly": "Переборочный ящик: угловой",
    "strDesc": "Линейка переборочных ящиков «Аплифт» от «Мобайл Спейс Системс» известна своими неброскими, но стильными решениями для хранения, эргономически разработанными для повседневного использования.",
    "strImg": "containers/ItmStorageBin2x2C03",
    "strImgNorm": "containers/ItmStorageBin2x2C01n",
    "strPortraitImg": "containers/ItmStorageBin2x2C03",
    "strCOBase": "ItmStorageBin2x2C01",
    "strCondLoot": "CNDOLStorageBin2x2C03",
    "mapModeSwitches": [
      "ItmStorageBin2x2C01",
      "ItmStorageBin2x2C03",
      "ItmStorageBin2x2C01Loose",
      "ItmStorageBin2x2C03Loose",
      "ItmStorageBin2x2C01Dmg",
      "ItmStorageBin2x2C03Dmg",
      "ItmStorageBin2x2C01DmgLoose",
      "ItmStorageBin2x2C03DmgLoose"
    ]
  },
  {
    "strName": "ItmStorageBin2x2C03Loose",
    "strNameFriendly": "Переборочный ящик: угловой (незакреплён)",
    "strDesc": "Линейка переборочных ящиков «Аплифт» от «Мобайл Спейс Системс» известна своими неброскими, но стильными решениями для хранения, эргономически разработанными для повседневного использования.",
    "strImg": "containers/ItmStorageBin2x2C03Loose",
    "strImgNorm": "containers/ItmStorageBin2x2C01Loosen",
    "strPortraitImg": "containers/ItmStorageBin2x2C03Loose",
    "strCOBase": "ItmStorageBin2x2C01Loose",
    "strCondLoot": "CNDOLStorageBin2x2C03Loose",
    "mapSlotEffects": [
      "drag",
      "Blank"
    ],
    "mapModeSwitches": [
      "ItmStorageBin2x2C01",
      "ItmStorageBin2x2C03",
      "ItmStorageBin2x2C01Loose",
      "ItmStorageBin2x2C03Loose",
      "ItmStorageBin2x2C01Dmg",
      "ItmStorageBin2x2C03Dmg",
      "ItmStorageBin2x2C01DmgLoose",
      "ItmStorageBin2x2C03DmgLoose"
    ]
  },
  {
    "strName": "ItmStorageBin2x2C03Dmg",
    "strNameFriendly": "Переборочный ящик: угловой (повреждён)",
    "strDesc": "Линейка переборочных ящиков «Аплифт» от «Мобайл Спейс Системс» известна своими неброскими, но стильными решениями для хранения, эргономически разработанными для повседневного использования.",
    "strImg": "containers/ItmStorageBin2x2C03Dmg02",
    "strImgNorm": "containers/ItmStorageBin2x2C01Dmg02n",
    "strPortraitImg": "containers/ItmStorageBin2x2C03Dmg02",
    "strCOBase": "ItmStorageBin2x2C01Dmg",
    "strCondLoot": "CNDOLStorageBin2x2C03Dmg",
    "mapModeSwitches": [
      "ItmStorageBin2x2C01",
      "ItmStorageBin2x2C03",
      "ItmStorageBin2x2C01Loose",
      "ItmStorageBin2x2C03Loose",
      "ItmStorageBin2x2C01Dmg",
      "ItmStorageBin2x2C03Dmg",
      "ItmStorageBin2x2C01DmgLoose",
      "ItmStorageBin2x2C03DmgLoose"
    ]
  },
  {
    "strName": "ItmStorageBin2x2C03DmgLoose",
    "strNameFriendly": "Переборочный ящик: угловой (незакреплён, повреждён)",
    "strDesc": "Линейка переборочных ящиков «Аплифт» от «Мобайл Спейс Системс» известна своими неброскими, но стильными решениями для хранения, эргономически разработанными для повседневного использования.",
    "strImg": "containers/ItmStorageBin2x2C03Dmg02Loose",
    "strImgNorm": "containers/ItmStorageBin2x2C01Dmg02Loosen",
    "strPortraitImg": "containers/ItmStorageBin2x2C03Dmg02Loose",
    "strCOBase": "ItmStorageBin2x2C01DmgLoose",
    "strCondLoot": "CNDOLStorageBin2x2C03DmgLoose",
    "mapSlotEffects": [
      "drag",
      "Blank"
    ],
    "mapModeSwitches": [
      "ItmStorageBin2x2C01",
      "ItmStorageBin2x2C03",
      "ItmStorageBin2x2C01Loose",
      "ItmStorageBin2x2C03Loose",
      "ItmStorageBin2x2C01Dmg",
      "ItmStorageBin2x2C03Dmg",
      "ItmStorageBin2x2C01DmgLoose",
      "ItmStorageBin2x2C03DmgLoose"
    ]
  },
  {
    "strName": "ItmStorageBin2x2C04",
    "strNameFriendly": "Переборочный ящик: угловой",
    "strItemDef": "ItmStorageBin2x2C04",
    "strDesc": "Серия переборочных ящиков «Резерв» от Раков не столь вместительна, как отдельно стоящие варианты хранения, но они компактно убираются — ценное качество на переполненных судах.",
    "strImg": "containers/ItmStorageBin2x2C04",
    "strImgNorm": "containers/ItmStorageBin2x2C04n",
    "strPortraitImg": "containers/ItmStorageBin2x2C04",
    "strCOBase": "ItmStorageBin2x2C01",
    "strCondLoot": "CNDOLStorageBin2x2C04",
    "mapModeSwitches": [
      "ItmStorageBin2x2C01",
      "ItmStorageBin2x2C04",
      "ItmStorageBin2x2C01Loose",
      "ItmStorageBin2x2C04Loose",
      "ItmStorageBin2x2C01Dmg",
      "ItmStorageBin2x2C04Dmg",
      "ItmStorageBin2x2C01DmgLoose",
      "ItmStorageBin2x2C04DmgLoose"
    ]
  },
  {
    "strName": "ItmStorageBin2x2C04Loose",
    "strNameFriendly": "Переборочный ящик: угловой (незакреплён)",
    "strDesc": "Серия переборочных ящиков «Резерв» от Раков не столь вместительна, как отдельно стоящие варианты хранения, но они компактно убираются — ценное качество на переполненных судах.",
    "strImg": "containers/ItmStorageBin2x2C04Loose",
    "strImgNorm": "containers/ItmStorageBin2x2C04Loosen",
    "strPortraitImg": "containers/ItmStorageBin2x2C04Loose",
    "strCOBase": "ItmStorageBin2x2C01Loose",
    "strCondLoot": "CNDOLStorageBin2x2C04Loose",
    "mapSlotEffects": [
      "drag",
      "Blank"
    ],
    "mapModeSwitches": [
      "ItmStorageBin2x2C01",
      "ItmStorageBin2x2C04",
      "ItmStorageBin2x2C01Loose",
      "ItmStorageBin2x2C04Loose",
      "ItmStorageBin2x2C01Dmg",
      "ItmStorageBin2x2C04Dmg",
      "ItmStorageBin2x2C01DmgLoose",
      "ItmStorageBin2x2C04DmgLoose"
    ]
  },
  {
    "strName": "ItmStorageBin2x2C04Dmg",
    "strNameFriendly": "Переборочный ящик: угловой (повреждён)",
    "strItemDef": "ItmStorageBin2x2C04Dmg",
    "strDesc": "Серия переборочных ящиков «Резерв» от Раков не столь вместительна, как отдельно стоящие варианты хранения, но они компактно убираются — ценное качество на переполненных судах.",
    "strImg": "containers/ItmStorageBin2x2C04Dmg02",
    "strImgNorm": "containers/ItmStorageBin2x2C04Dmg02n",
    "strPortraitImg": "containers/ItmStorageBin2x2C04Dmg02",
    "strCOBase": "ItmStorageBin2x2C01Dmg",
    "strCondLoot": "CNDOLStorageBin2x2C04Dmg",
    "mapModeSwitches": [
      "ItmStorageBin2x2C01",
      "ItmStorageBin2x2C04",
      "ItmStorageBin2x2C01Loose",
      "ItmStorageBin2x2C04Loose",
      "ItmStorageBin2x2C01Dmg",
      "ItmStorageBin2x2C04Dmg",
      "ItmStorageBin2x2C01DmgLoose",
      "ItmStorageBin2x2C04DmgLoose"
    ]
  },
  {
    "strName": "ItmStorageBin2x2C04DmgLoose",
    "strNameFriendly": "Переборочный ящик: угловой (незакреплён, повреждён)",
    "strDesc": "Серия переборочных ящиков «Резерв» от Раков не столь вместительна, как отдельно стоящие варианты хранения, но они компактно убираются — ценное качество на переполненных судах.",
    "strImg": "containers/ItmStorageBin2x2C04Dmg02Loose",
    "strImgNorm": "containers/ItmStorageBin2x2C04Dmg02Loosen",
    "strPortraitImg": "containers/ItmStorageBin2x2C04Dmg02Loose",
    "strCOBase": "ItmStorageBin2x2C01DmgLoose",
    "strCondLoot": "CNDOLStorageBin2x2C04DmgLoose",
    "mapSlotEffects": [
      "drag",
      "Blank"
    ],
    "mapModeSwitches": [
      "ItmStorageBin2x2C01",
      "ItmStorageBin2x2C04",
      "ItmStorageBin2x2C01Loose",
      "ItmStorageBin2x2C04Loose",
      "ItmStorageBin2x2C01Dmg",
      "ItmStorageBin2x2C04Dmg",
      "ItmStorageBin2x2C01DmgLoose",
      "ItmStorageBin2x2C04DmgLoose"
    ]
  },
  {
    "strName": "ItmStorageBin2x102",
    "strNameFriendly": "Переборочный ящик 2x",
    "strDesc": "Серия переборочных ящиков «Мокко» от Раков не столь вместительна, как отдельно стоящие варианты хранения, но они компактно убираются — ценное качество на переполненных судах.",
    "strImg": "containers/ItmStorageBin2x102",
    "strImgNorm": "containers/ItmStorageBin2x101n",
    "strPortraitImg": "containers/ItmStorageBin2x102",
    "strCOBase": "ItmStorageBin2x101",
    "strCondLoot": "CNDOLStorageBin2x102",
    "mapModeSwitches": [
      "ItmStorageBin2x101",
      "ItmStorageBin2x102",
      "ItmStorageBin2x101Loose",
      "ItmStorageBin2x102Loose",
      "ItmStorageBin2x101Dmg",
      "ItmStorageBin2x102Dmg",
      "ItmStorageBin2x101DmgLoose",
      "ItmStorageBin2x102DmgLoose"
    ]
  },
  {
    "strName": "ItmStorageBin2x102Loose",
    "strNameFriendly": "Переборочный ящик 2x (незакреплён)",
    "strDesc": "Серия переборочных ящиков «Мокко» от Раков не столь вместительна, как отдельно стоящие варианты хранения, но они компактно убираются — ценное качество на переполненных судах.",
    "strImg": "containers/ItmStorageBin2x102Loose",
    "strImgNorm": "containers/ItmStorageBin2x101Loosen",
    "strPortraitImg": "containers/ItmStorageBin2x102Loose",
    "strCOBase": "ItmStorageBin2x101Loose",
    "strCondLoot": "CNDOLStorageBin2x102Loose",
    "mapSlotEffects": [
      "drag",
      "Blank"
    ],
    "mapModeSwitches": [
      "ItmStorageBin2x101",
      "ItmStorageBin2x102",
      "ItmStorageBin2x101Loose",
      "ItmStorageBin2x102Loose",
      "ItmStorageBin2x101Dmg",
      "ItmStorageBin2x102Dmg",
      "ItmStorageBin2x101DmgLoose",
      "ItmStorageBin2x102DmgLoose"
    ]
  },
  {
    "strName": "ItmStorageBin2x102Dmg",
    "strNameFriendly": "Переборочный ящик 2x (повреждён)",
    "strDesc": "Серия переборочных ящиков «Мокко» от Раков не столь вместительна, как отдельно стоящие варианты хранения, но они компактно убираются — ценное качество на переполненных судах.",
    "strImg": "containers/ItmStorageBin2x102Dmg02",
    "strImgNorm": "containers/ItmStorageBin2x101Dmg02n",
    "strPortraitImg": "containers/ItmStorageBin2x102Dmg02",
    "strCOBase": "ItmStorageBin2x101Dmg",
    "strCondLoot": "CNDOLStorageBin2x102Dmg",
    "mapModeSwitches": [
      "ItmStorageBin2x101",
      "ItmStorageBin2x102",
      "ItmStorageBin2x101Loose",
      "ItmStorageBin2x102Loose",
      "ItmStorageBin2x101Dmg",
      "ItmStorageBin2x102Dmg",
      "ItmStorageBin2x101DmgLoose",
      "ItmStorageBin2x102DmgLoose"
    ]
  },
  {
    "strName": "ItmStorageBin2x102DmgLoose",
    "strNameFriendly": "Переборочный ящик 2x (незакреплён, повреждён)",
    "strDesc": "Серия переборочных ящиков «Мокко» от Раков не столь вместительна, как отдельно стоящие варианты хранения, но они компактно убираются — ценное качество на переполненных судах.",
    "strImg": "containers/ItmStorageBin2x102Dmg02Loose",
    "strImgNorm": "containers/ItmStorageBin2x101Dmg02Loosen",
    "strPortraitImg": "containers/ItmStorageBin2x102Dmg02Loose",
    "strCOBase": "ItmStorageBin2x101DmgLoose",
    "strCondLoot": "CNDOLStorageBin2x102DmgLoose",
    "mapSlotEffects": [
      "drag",
      "Blank"
    ],
    "mapModeSwitches": [
      "ItmStorageBin2x101",
      "ItmStorageBin2x102",
      "ItmStorageBin2x101Loose",
      "ItmStorageBin2x102Loose",
      "ItmStorageBin2x101Dmg",
      "ItmStorageBin2x102Dmg",
      "ItmStorageBin2x101DmgLoose",
      "ItmStorageBin2x102DmgLoose"
    ]
  },
  {
    "strName": "ItmStorageBin2x103",
    "strNameFriendly": "Переборочный ящик 2x",
    "strDesc": "Линейка переборочных ящиков «Аплифт» от «Мобайл Спейс Системс» известна своими неброскими, но стильными решениями для хранения, эргономически разработанными для повседневного использования.",
    "strImg": "containers/ItmStorageBin2x103",
    "strImgNorm": "containers/ItmStorageBin2x101n",
    "strPortraitImg": "containers/ItmStorageBin2x103",
    "strCOBase": "ItmStorageBin2x101",
    "strCondLoot": "CNDOLStorageBin2x103",
    "mapModeSwitches": [
      "ItmStorageBin2x101",
      "ItmStorageBin2x103",
      "ItmStorageBin2x101Loose",
      "ItmStorageBin2x103Loose",
      "ItmStorageBin2x101Dmg",
      "ItmStorageBin2x103Dmg",
      "ItmStorageBin2x101DmgLoose",
      "ItmStorageBin2x103DmgLoose"
    ]
  },
  {
    "strName": "ItmStorageBin2x103Loose",
    "strNameFriendly": "Переборочный ящик 2x (незакреплён)",
    "strDesc": "Линейка переборочных ящиков «Аплифт» от «Мобайл Спейс Системс» известна своими неброскими, но стильными решениями для хранения, эргономически разработанными для повседневного использования.",
    "strImg": "containers/ItmStorageBin2x103Loose",
    "strImgNorm": "containers/ItmStorageBin2x101Loosen",
    "strPortraitImg": "containers/ItmStorageBin2x103Loose",
    "strCOBase": "ItmStorageBin2x101Loose",
    "strCondLoot": "CNDOLStorageBin2x103Loose",
    "mapSlotEffects": [
      "drag",
      "Blank"
    ],
    "mapModeSwitches": [
      "ItmStorageBin2x101",
      "ItmStorageBin2x103",
      "ItmStorageBin2x101Loose",
      "ItmStorageBin2x103Loose",
      "ItmStorageBin2x101Dmg",
      "ItmStorageBin2x103Dmg",
      "ItmStorageBin2x101DmgLoose",
      "ItmStorageBin2x103DmgLoose"
    ]
  },
  {
    "strName": "ItmStorageBin2x103Dmg",
    "strNameFriendly": "Переборочный ящик 2x (повреждён)",
    "strDesc": "Линейка переборочных ящиков «Аплифт» от «Мобайл Спейс Системс» известна своими неброскими, но стильными решениями для хранения, эргономически разработанными для повседневного использования.",
    "strImg": "containers/ItmStorageBin2x103Dmg02",
    "strImgNorm": "containers/ItmStorageBin2x101Dmg02n",
    "strPortraitImg": "containers/ItmStorageBin2x103Dmg02",
    "strCOBase": "ItmStorageBin2x101Dmg",
    "strCondLoot": "CNDOLStorageBin2x103Dmg",
    "mapModeSwitches": [
      "ItmStorageBin2x101",
      "ItmStorageBin2x103",
      "ItmStorageBin2x101Loose",
      "ItmStorageBin2x103Loose",
      "ItmStorageBin2x101Dmg",
      "ItmStorageBin2x103Dmg",
      "ItmStorageBin2x101DmgLoose",
      "ItmStorageBin2x103DmgLoose"
    ]
  },
  {
    "strName": "ItmStorageBin2x103DmgLoose",
    "strNameFriendly": "Переборочный ящик 2x (незакреплён, повреждён)",
    "strDesc": "Линейка переборочных ящиков «Аплифт» от «Мобайл Спейс Системс» известна своими неброскими, но стильными решениями для хранения, эргономически разработанными для повседневного использования.",
    "strImg": "containers/ItmStorageBin2x103Dmg02Loose",
    "strImgNorm": "containers/ItmStorageBin2x101Dmg02Loosen",
    "strPortraitImg": "containers/ItmStorageBin2x103Dmg02Loose",
    "strCOBase": "ItmStorageBin2x101DmgLoose",
    "strCondLoot": "CNDOLStorageBin2x103DmgLoose",
    "mapSlotEffects": [
      "drag",
      "Blank"
    ],
    "mapModeSwitches": [
      "ItmStorageBin2x101",
      "ItmStorageBin2x103",
      "ItmStorageBin2x101Loose",
      "ItmStorageBin2x103Loose",
      "ItmStorageBin2x101Dmg",
      "ItmStorageBin2x103Dmg",
      "ItmStorageBin2x101DmgLoose",
      "ItmStorageBin2x103DmgLoose"
    ]
  },
  {
    "strName": "ItmStorageBin2x104",
    "strNameFriendly": "Переборочный ящик 2x",
    "strItemDef": "ItmStorageBin2x104",
    "strDesc": "Серия переборочных ящиков «Резерв» от Раков не столь вместительна, как отдельно стоящие варианты хранения, но они компактно убираются — ценное качество на переполненных судах.",
    "strImg": "containers/ItmStorageBin2x104",
    "strImgNorm": "containers/ItmStorageBin2x104n",
    "strPortraitImg": "containers/ItmStorageBin2x104",
    "strCOBase": "ItmStorageBin2x101",
    "strCondLoot": "CNDOLStorageBin2x104",
    "mapModeSwitches": [
      "ItmStorageBin2x101",
      "ItmStorageBin2x104",
      "ItmStorageBin2x101Loose",
      "ItmStorageBin2x104Loose",
      "ItmStorageBin2x101Dmg",
      "ItmStorageBin2x104Dmg",
      "ItmStorageBin2x101DmgLoose",
      "ItmStorageBin2x104DmgLoose"
    ]
  },
  {
    "strName": "ItmStorageBin2x104Loose",
    "strNameFriendly": "Переборочный ящик 2x (незакреплён)",
    "strDesc": "Серия переборочных ящиков «Резерв» от Раков не столь вместительна, как отдельно стоящие варианты хранения, но они компактно убираются — ценное качество на переполненных судах.",
    "strImg": "containers/ItmStorageBin2x104Loose",
    "strImgNorm": "containers/ItmStorageBin2x104Loosen",
    "strPortraitImg": "containers/ItmStorageBin2x104Loose",
    "strCOBase": "ItmStorageBin2x101Loose",
    "strCondLoot": "CNDOLStorageBin2x104Loose",
    "mapSlotEffects": [
      "drag",
      "Blank"
    ],
    "mapModeSwitches": [
      "ItmStorageBin2x101",
      "ItmStorageBin2x104",
      "ItmStorageBin2x101Loose",
      "ItmStorageBin2x104Loose",
      "ItmStorageBin2x101Dmg",
      "ItmStorageBin2x104Dmg",
      "ItmStorageBin2x101DmgLoose",
      "ItmStorageBin2x104DmgLoose"
    ]
  },
  {
    "strName": "ItmStorageBin2x104Dmg",
    "strNameFriendly": "Переборочный ящик 2x (повреждён)",
    "strItemDef": "ItmStorageBin2x104Dmg",
    "strDesc": "Серия переборочных ящиков «Резерв» от Раков не столь вместительна, как отдельно стоящие варианты хранения, но они компактно убираются — ценное качество на переполненных судах.",
    "strImg": "containers/ItmStorageBin2x104Dmg02",
    "strImgNorm": "containers/ItmStorageBin2x104Dmg02n",
    "strPortraitImg": "containers/ItmStorageBin2x104Dmg02",
    "strCOBase": "ItmStorageBin2x101Dmg",
    "strCondLoot": "CNDOLStorageBin2x104Dmg",
    "mapModeSwitches": [
      "ItmStorageBin2x101",
      "ItmStorageBin2x104",
      "ItmStorageBin2x101Loose",
      "ItmStorageBin2x104Loose",
      "ItmStorageBin2x101Dmg",
      "ItmStorageBin2x104Dmg",
      "ItmStorageBin2x101DmgLoose",
      "ItmStorageBin2x104DmgLoose"
    ]
  },
  {
    "strName": "ItmStorageBin2x104DmgLoose",
    "strNameFriendly": "Переборочный ящик 2x (незакреплён, повреждён)",
    "strDesc": "Серия переборочных ящиков «Резерв» от Раков не столь вместительна, как отдельно стоящие варианты хранения, но они компактно убираются — ценное качество на переполненных судах.",
    "strImg": "containers/ItmStorageBin2x104Dmg02Loose",
    "strImgNorm": "containers/ItmStorageBin2x104Dmg02Loosen",
    "strPortraitImg": "containers/ItmStorageBin2x104Dmg02Loose",
    "strCOBase": "ItmStorageBin2x101DmgLoose",
    "strCondLoot": "CNDOLStorageBin2x104DmgLoose",
    "mapSlotEffects": [
      "drag",
      "Blank"
    ],
    "mapModeSwitches": [
      "ItmStorageBin2x101",
      "ItmStorageBin2x104",
      "ItmStorageBin2x101Loose",
      "ItmStorageBin2x104Loose",
      "ItmStorageBin2x101Dmg",
      "ItmStorageBin2x104Dmg",
      "ItmStorageBin2x101DmgLoose",
      "ItmStorageBin2x104DmgLoose"
    ]
  },
  {
    "strName": "ItmStorageBin3x102",
    "strNameFriendly": "Переборочный ящик 3x",
    "strDesc": "Серия переборочных ящиков «Мокко» от Раков не столь вместительна, как отдельно стоящие варианты хранения, но они компактно убираются — ценное качество на переполненных судах.",
    "strImg": "containers/ItmStorageBin3x102",
    "strImgNorm": "containers/ItmStorageBin3x101n",
    "strPortraitImg": "containers/ItmStorageBin3x102",
    "strCOBase": "ItmStorageBin3x101",
    "strCondLoot": "CNDOLStorageBin3x102",
    "mapModeSwitches": [
      "ItmStorageBin3x101",
      "ItmStorageBin3x102",
      "ItmStorageBin3x101Loose",
      "ItmStorageBin3x102Loose",
      "ItmStorageBin3x101Dmg",
      "ItmStorageBin3x102Dmg",
      "ItmStorageBin3x101DmgLoose",
      "ItmStorageBin3x102DmgLoose"
    ]
  },
  {
    "strName": "ItmStorageBin3x102Loose",
    "strNameFriendly": "Переборочный ящик 3x (незакреплён)",
    "strDesc": "Серия переборочных ящиков «Мокко» от Раков не столь вместительна, как отдельно стоящие варианты хранения, но они компактно убираются — ценное качество на переполненных судах.",
    "strImg": "containers/ItmStorageBin3x102Loose",
    "strImgNorm": "containers/ItmStorageBin3x101Loosen",
    "strPortraitImg": "containers/ItmStorageBin3x102Loose",
    "strCOBase": "ItmStorageBin3x101Loose",
    "strCondLoot": "CNDOLStorageBin3x102Loose",
    "mapSlotEffects": [
      "drag",
      "Blank"
    ],
    "mapModeSwitches": [
      "ItmStorageBin3x101",
      "ItmStorageBin3x102",
      "ItmStorageBin3x101Loose",
      "ItmStorageBin3x102Loose",
      "ItmStorageBin3x101Dmg",
      "ItmStorageBin3x102Dmg",
      "ItmStorageBin3x101DmgLoose",
      "ItmStorageBin3x102DmgLoose"
    ]
  },
  {
    "strName": "ItmStorageBin3x102Dmg",
    "strNameFriendly": "Переборочный ящик 3x (повреждён)",
    "strDesc": "Серия переборочных ящиков «Мокко» от Раков не столь вместительна, как отдельно стоящие варианты хранения, но они компактно убираются — ценное качество на переполненных судах.",
    "strImg": "containers/ItmStorageBin3x102Dmg02",
    "strImgNorm": "containers/ItmStorageBin3x101Dmg02n",
    "strPortraitImg": "containers/ItmStorageBin3x102Dmg02",
    "strCOBase": "ItmStorageBin3x101Dmg",
    "strCondLoot": "CNDOLStorageBin3x102Dmg",
    "mapModeSwitches": [
      "ItmStorageBin3x101",
      "ItmStorageBin3x102",
      "ItmStorageBin3x101Loose",
      "ItmStorageBin3x102Loose",
      "ItmStorageBin3x101Dmg",
      "ItmStorageBin3x102Dmg",
      "ItmStorageBin3x101DmgLoose",
      "ItmStorageBin3x102DmgLoose"
    ]
  },
  {
    "strName": "ItmStorageBin3x102DmgLoose",
    "strNameFriendly": "Переборочный ящик 3x (незакреплён, повреждён)",
    "strDesc": "Серия переборочных ящиков «Мокко» от Раков не столь вместительна, как отдельно стоящие варианты хранения, но они компактно убираются — ценное качество на переполненных судах.",
    "strImg": "containers/ItmStorageBin3x102Dmg02Loose",
    "strImgNorm": "containers/ItmStorageBin3x101Dmg02Loosen",
    "strPortraitImg": "containers/ItmStorageBin3x102Dmg02Loose",
    "strCOBase": "ItmStorageBin3x101DmgLoose",
    "strCondLoot": "CNDOLStorageBin3x102DmgLoose",
    "mapSlotEffects": [
      "drag",
      "Blank"
    ],
    "mapModeSwitches": [
      "ItmStorageBin3x101",
      "ItmStorageBin3x102",
      "ItmStorageBin3x101Loose",
      "ItmStorageBin3x102Loose",
      "ItmStorageBin3x101Dmg",
      "ItmStorageBin3x102Dmg",
      "ItmStorageBin3x101DmgLoose",
      "ItmStorageBin3x102DmgLoose"
    ]
  },
  {
    "strName": "ItmStorageBinFloor1x101b",
    "strNameFriendly": "Подпольный ящик",
    "strDesc": "Серия подпольных ящиков «Ванила» от Раков расширяет хранение под полом.\n\nВНИМАНИЕ: Подпольные ящики служат герметичным полом, поэтому их демонтаж подвергнет внутренности корабля вакууму.",
    "strImg": "containers/ItmStorageBinFloor1x101b",
    "strImgNorm": "containers/ItmStorageBinFloor1x101bn",
    "strPortraitImg": "containers/ItmStorageBinFloor1x101b",
    "strCOBase": "ItmStorageBinFloor1x101",
    "strCondLoot": "CNDOLStorageBinFloor1x101b",
    "mapModeSwitches": [
      "ItmStorageBinFloor1x101",
      "ItmStorageBinFloor1x101b",
      "ItmStorageBinFloor1x101Loose",
      "ItmStorageBinFloor1x101bLoose",
      "ItmStorageBinFloor1x101Dmg",
      "ItmStorageBinFloor1x101bDmg",
      "ItmStorageBinFloor1x101Patch",
      "ItmStorageBinFloor1x101bPatch"
    ]
  },
  {
    "strName": "ItmStorageBinFloor1x101bLoose",
    "strNameFriendly": "Подпольный ящик (незакреплён)",
    "strDesc": "Серия подпольных ящиков «Ванила» от Раков расширяет хранение под полом.\n\nВНИМАНИЕ: Подпольные ящики служат герметичным полом, поэтому их демонтаж подвергнет внутренности корабля вакууму.",
    "strImg": "containers/ItmStorageBinFloor1x101bLoose",
    "strImgNorm": "containers/ItmStorageBinFloor1x101bLoosen",
    "strPortraitImg": "containers/ItmStorageBinFloor1x101bLoose",
    "strCOBase": "ItmStorageBinFloor1x101Loose",
    "strCondLoot": "CNDOLStorageBinFloor1x101bLoose",
    "mapSlotEffects": [
      "drag",
      "Blank"
    ],
    "mapModeSwitches": [
      "ItmStorageBinFloor1x101",
      "ItmStorageBinFloor1x101b",
      "ItmStorageBinFloor1x101Loose",
      "ItmStorageBinFloor1x101bLoose",
      "ItmStorageBinFloor1x101Dmg",
      "ItmStorageBinFloor1x101bDmg",
      "ItmStorageBinFloor1x101Patch",
      "ItmStorageBinFloor1x101bPatch"
    ]
  },
  {
    "strName": "ItmStorageBinFloor1x101bDmg",
    "strNameFriendly": "Подпольный ящик (повреждён)",
    "strDesc": "Серия подпольных ящиков «Ванила» от Раков расширяет хранение под полом.\n\nВНИМАНИЕ: Подпольные ящики служат герметичным полом, поэтому их повреждение подвергнет внутренности корабля вакууму.",
    "strImg": "containers/ItmStorageBinFloor1x101bDmg02",
    "strImgNorm": "containers/ItmStorageBinFloor1x101Dmg02n",
    "strPortraitImg": "containers/ItmStorageBinFloor1x101bDmg02",
    "strCOBase": "ItmStorageBinFloor1x101Dmg",
    "strCondLoot": "CNDOLStorageBinFloor1x101bDmg",
    "mapModeSwitches": [
      "ItmStorageBinFloor1x101",
      "ItmStorageBinFloor1x101b",
      "ItmStorageBinFloor1x101Loose",
      "ItmStorageBinFloor1x101bLoose",
      "ItmStorageBinFloor1x101Dmg",
      "ItmStorageBinFloor1x101bDmg",
      "ItmStorageBinFloor1x101Patch",
      "ItmStorageBinFloor1x101bPatch"
    ]
  },
  {
    "strName": "ItmStorageBinFloor1x101bPatch",
    "strNameFriendly": "Подпольный ящик (залатан)",
    "strDesc": "Серия подпольных ящиков «Ванила» от Раков расширяет хранение под полом.\n\nВНИМАНИЕ: Подпольные ящики служат герметичным полом, поэтому их демонтаж подвергнет внутренности корабля вакууму.",
    "strImg": "containers/ItmStorageBinFloor1x101bPatch",
    "strImgNorm": "containers/ItmStorageBinFloor1x1Patchn",
    "strPortraitImg": "containers/ItmStorageBinFloor1x101bPatch",
    "strCOBase": "ItmStorageBinFloor1x101Patch",
    "strCondLoot": "CNDOLStorageBinFloor1x101bPatch",
    "mapModeSwitches": [
      "ItmStorageBinFloor1x101",
      "ItmStorageBinFloor1x101b",
      "ItmStorageBinFloor1x101Loose",
      "ItmStorageBinFloor1x101bLoose",
      "ItmStorageBinFloor1x101Dmg",
      "ItmStorageBinFloor1x101bDmg",
      "ItmStorageBinFloor1x101Patch",
      "ItmStorageBinFloor1x101bPatch"
    ]
  },
  {
    "strName": "ItmStorageBinFloor1x102",
    "strNameFriendly": "Подпольный ящик",
    "strDesc": "Серия подпольных ящиков «Мокко» от Раков расширяет хранение под полом.\n\nВНИМАНИЕ: Подпольные ящики служат герметичным полом, поэтому их демонтаж подвергнет внутренности корабля вакууму.",
    "strImg": "containers/ItmStorageBinFloor1x102",
    "strImgNorm": "containers/ItmStorageBinFloor1x101n",
    "strPortraitImg": "containers/ItmStorageBinFloor1x102",
    "strCOBase": "ItmStorageBinFloor1x101",
    "strCondLoot": "CNDOLStorageBinFloor1x102",
    "mapModeSwitches": [
      "ItmStorageBinFloor1x101",
      "ItmStorageBinFloor1x102",
      "ItmStorageBinFloor1x101Loose",
      "ItmStorageBinFloor1x102Loose",
      "ItmStorageBinFloor1x101Dmg",
      "ItmStorageBinFloor1x102Dmg",
      "ItmStorageBinFloor1x101Patch",
      "ItmStorageBinFloor1x102Patch"
    ]
  },
  {
    "strName": "ItmStorageBinFloor1x102Loose",
    "strNameFriendly": "Подпольный ящик (незакреплён)",
    "strDesc": "Серия подпольных ящиков «Мокко» от Раков расширяет хранение под полом.\n\nВНИМАНИЕ: Подпольные ящики служат герметичным полом, поэтому их демонтаж подвергнет внутренности корабля вакууму.",
    "strImg": "containers/ItmStorageBinFloor1x102Loose",
    "strImgNorm": "containers/ItmStorageBinFloor1x101Loosen",
    "strPortraitImg": "containers/ItmStorageBinFloor1x102Loose",
    "strCOBase": "ItmStorageBinFloor1x101Loose",
    "strCondLoot": "CNDOLStorageBinFloor1x102Loose",
    "mapSlotEffects": [
      "drag",
      "Blank"
    ],
    "mapModeSwitches": [
      "ItmStorageBinFloor1x101",
      "ItmStorageBinFloor1x102",
      "ItmStorageBinFloor1x101Loose",
      "ItmStorageBinFloor1x102Loose",
      "ItmStorageBinFloor1x101Dmg",
      "ItmStorageBinFloor1x102Dmg",
      "ItmStorageBinFloor1x101Patch",
      "ItmStorageBinFloor1x102Patch"
    ]
  },
  {
    "strName": "ItmStorageBinFloor1x102Dmg",
    "strNameFriendly": "Подпольный ящик (повреждён)",
    "strDesc": "Серия подпольных ящиков «Мокко» от Раков расширяет хранение под полом.\n\nВНИМАНИЕ: Подпольные ящики служат герметичным полом, поэтому их повреждение подвергнет внутренности корабля вакууму.",
    "strImg": "containers/ItmStorageBinFloor1x102Dmg02",
    "strImgNorm": "containers/ItmStorageBinFloor1x101Dmg02n",
    "strPortraitImg": "containers/ItmStorageBinFloor1x102Dmg02",
    "strCOBase": "ItmStorageBinFloor1x101Dmg",
    "strCondLoot": "CNDOLStorageBinFloor1x102Dmg",
    "mapModeSwitches": [
      "ItmStorageBinFloor1x101",
      "ItmStorageBinFloor1x102",
      "ItmStorageBinFloor1x101Loose",
      "ItmStorageBinFloor1x102Loose",
      "ItmStorageBinFloor1x101Dmg",
      "ItmStorageBinFloor1x102Dmg",
      "ItmStorageBinFloor1x101Patch",
      "ItmStorageBinFloor1x102Patch"
    ]
  },
  {
    "strName": "ItmStorageBinFloor1x102Patch",
    "strNameFriendly": "Подпольный ящик (залатан)",
    "strDesc": "Серия подпольных ящиков «Мокко» от Раков расширяет хранение под полом.\n\nВНИМАНИЕ: Подпольные ящики служат герметичным полом, поэтому их демонтаж подвергнет внутренности корабля вакууму.",
    "strImg": "containers/ItmStorageBinFloor1x102Patch",
    "strImgNorm": "containers/ItmStorageBinFloor1x1Patchn",
    "strPortraitImg": "containers/ItmStorageBinFloor1x102Patch",
    "strCOBase": "ItmStorageBinFloor1x101Patch",
    "strCondLoot": "CNDOLStorageBinFloor1x102Patch",
    "mapModeSwitches": [
      "ItmStorageBinFloor1x101",
      "ItmStorageBinFloor1x102",
      "ItmStorageBinFloor1x101Loose",
      "ItmStorageBinFloor1x102Loose",
      "ItmStorageBinFloor1x101Dmg",
      "ItmStorageBinFloor1x102Dmg",
      "ItmStorageBinFloor1x101Patch",
      "ItmStorageBinFloor1x102Patch"
    ]
  },
  {
    "strName": "ItmStorageBinFloor1x102b",
    "strNameFriendly": "Подпольный ящик",
    "strDesc": "Серия подпольных ящиков «Мокко-Б» от Раков расширяет хранение под полом.\n\nВНИМАНИЕ: Подпольные ящики служат герметичным полом, поэтому их демонтаж подвергнет внутренности корабля вакууму.",
    "strImg": "containers/ItmStorageBinFloor1x102b",
    "strImgNorm": "containers/ItmStorageBinFloor1x102bn",
    "strPortraitImg": "containers/ItmStorageBinFloor1x102b",
    "strCOBase": "ItmStorageBinFloor1x101",
    "strCondLoot": "CNDOLStorageBinFloor1x102b",
    "mapModeSwitches": [
      "ItmStorageBinFloor1x101",
      "ItmStorageBinFloor1x102b",
      "ItmStorageBinFloor1x101Loose",
      "ItmStorageBinFloor1x102bLoose",
      "ItmStorageBinFloor1x101Dmg",
      "ItmStorageBinFloor1x102bDmg",
      "ItmStorageBinFloor1x101Patch",
      "ItmStorageBinFloor1x102bPatch"
    ]
  },
  {
    "strName": "ItmStorageBinFloor1x102bLoose",
    "strNameFriendly": "Подпольный ящик (незакреплён)",
    "strDesc": "Серия подпольных ящиков «Мокко-Б» от Раков расширяет хранение под полом.\n\nВНИМАНИЕ: Подпольные ящики служат герметичным полом, поэтому их демонтаж подвергнет внутренности корабля вакууму.",
    "strImg": "containers/ItmStorageBinFloor1x102bLoose",
    "strImgNorm": "containers/ItmStorageBinFloor1x102bLoosen",
    "strPortraitImg": "containers/ItmStorageBinFloor1x102bLoose",
    "strCOBase": "ItmStorageBinFloor1x101Loose",
    "strCondLoot": "CNDOLStorageBinFloor1x102bLoose",
    "mapSlotEffects": [
      "drag",
      "Blank"
    ],
    "mapModeSwitches": [
      "ItmStorageBinFloor1x101",
      "ItmStorageBinFloor1x102b",
      "ItmStorageBinFloor1x101Loose",
      "ItmStorageBinFloor1x102bLoose",
      "ItmStorageBinFloor1x101Dmg",
      "ItmStorageBinFloor1x102bDmg",
      "ItmStorageBinFloor1x101Patch",
      "ItmStorageBinFloor1x102bPatch"
    ]
  },
  {
    "strName": "ItmStorageBinFloor1x102bDmg",
    "strNameFriendly": "Подпольный ящик (повреждён)",
    "strDesc": "Серия подпольных ящиков «Мокко-Б» от Раков расширяет хранение под полом.\n\nВНИМАНИЕ: Подпольные ящики служат герметичным полом, поэтому их повреждение подвергнет внутренности корабля вакууму.",
    "strImg": "containers/ItmStorageBinFloor1x102bDmg02",
    "strImgNorm": "containers/ItmStorageBinFloor1x101Dmg02n",
    "strPortraitImg": "containers/ItmStorageBinFloor1x102bDmg02",
    "strCOBase": "ItmStorageBinFloor1x101Dmg",
    "strCondLoot": "CNDOLStorageBinFloor1x102bDmg",
    "mapModeSwitches": [
      "ItmStorageBinFloor1x101",
      "ItmStorageBinFloor1x102b",
      "ItmStorageBinFloor1x101Loose",
      "ItmStorageBinFloor1x102bLoose",
      "ItmStorageBinFloor1x101Dmg",
      "ItmStorageBinFloor1x102bDmg",
      "ItmStorageBinFloor1x101Patch",
      "ItmStorageBinFloor1x102bPatch"
    ]
  },
  {
    "strName": "ItmStorageBinFloor1x102bPatch",
    "strNameFriendly": "Подпольный ящик (залатан)",
    "strDesc": "Серия подпольных ящиков «Мокко-Б» от Раков расширяет хранение под полом.\n\nВНИМАНИЕ: Подпольные ящики служат герметичным полом, поэтому их демонтаж подвергнет внутренности корабля вакууму.",
    "strImg": "containers/ItmStorageBinFloor1x102bPatch",
    "strImgNorm": "containers/ItmStorageBinFloor1x1Patchn",
    "strPortraitImg": "containers/ItmStorageBinFloor1x102bPatch",
    "strCOBase": "ItmStorageBinFloor1x101Patch",
    "strCondLoot": "CNDOLStorageBinFloor1x102bPatch",
    "mapModeSwitches": [
      "ItmStorageBinFloor1x101",
      "ItmStorageBinFloor1x102b",
      "ItmStorageBinFloor1x101Loose",
      "ItmStorageBinFloor1x102bLoose",
      "ItmStorageBinFloor1x101Dmg",
      "ItmStorageBinFloor1x102bDmg",
      "ItmStorageBinFloor1x101Patch",
      "ItmStorageBinFloor1x102bPatch"
    ]
  },
  {
    "strName": "ItmStorageBinFloor1x103",
    "strNameFriendly": "Подпольный ящик",
    "strDesc": "Линейка переборочных ящиков «Аплифт» от «Мобайл Спейс Системс» известна своими неброскими, но стильными решениями для хранения, эргономически разработанными для повседневного использования.\n\nВНИМАНИЕ: Подпольные ящики служат герметичным полом, поэтому их демонтаж подвергнет внутренности корабля вакууму.",
    "strImg": "containers/ItmStorageBinFloor1x103",
    "strImgNorm": "containers/ItmStorageBinFloor1x101n",
    "strPortraitImg": "containers/ItmStorageBinFloor1x103",
    "strCOBase": "ItmStorageBinFloor1x101",
    "strCondLoot": "CNDOLStorageBinFloor1x103",
    "mapModeSwitches": [
      "ItmStorageBinFloor1x101",
      "ItmStorageBinFloor1x103",
      "ItmStorageBinFloor1x101Loose",
      "ItmStorageBinFloor1x103Loose",
      "ItmStorageBinFloor1x101Dmg",
      "ItmStorageBinFloor1x103Dmg",
      "ItmStorageBinFloor1x101Patch",
      "ItmStorageBinFloor1x103Patch"
    ]
  },
  {
    "strName": "ItmStorageBinFloor1x103Loose",
    "strNameFriendly": "Подпольный ящик (незакреплён)",
    "strDesc": "Линейка переборочных ящиков «Аплифт» от «Мобайл Спейс Системс» известна своими неброскими, но стильными решениями для хранения, эргономически разработанными для повседневного использования.\n\nВНИМАНИЕ: Подпольные ящики служат герметичным полом, поэтому их демонтаж подвергнет внутренности корабля вакууму.",
    "strImg": "containers/ItmStorageBinFloor1x103Loose",
    "strImgNorm": "containers/ItmStorageBinFloor1x101Loosen",
    "strPortraitImg": "containers/ItmStorageBinFloor1x103Loose",
    "strCOBase": "ItmStorageBinFloor1x101Loose",
    "strCondLoot": "CNDOLStorageBinFloor1x103Loose",
    "mapSlotEffects": [
      "drag",
      "Blank"
    ],
    "mapModeSwitches": [
      "ItmStorageBinFloor1x101",
      "ItmStorageBinFloor1x103",
      "ItmStorageBinFloor1x101Loose",
      "ItmStorageBinFloor1x103Loose",
      "ItmStorageBinFloor1x101Dmg",
      "ItmStorageBinFloor1x103Dmg",
      "ItmStorageBinFloor1x101Patch",
      "ItmStorageBinFloor1x103Patch"
    ]
  },
  {
    "strName": "ItmStorageBinFloor1x103Dmg",
    "strNameFriendly": "Подпольный ящик (повреждён)",
    "strDesc": "Линейка переборочных ящиков «Аплифт» от «Мобайл Спейс Системс» известна своими неброскими, но стильными решениями для хранения, эргономически разработанными для повседневного использования.\n\nВНИМАНИЕ: Подпольные ящики служат герметичным полом, поэтому их повреждение подвергнет внутренности корабля вакууму.",
    "strImg": "containers/ItmStorageBinFloor1x103Dmg02",
    "strImgNorm": "containers/ItmStorageBinFloor1x101Dmg02n",
    "strPortraitImg": "containers/ItmStorageBinFloor1x103Dmg02",
    "strCOBase": "ItmStorageBinFloor1x101Dmg",
    "strCondLoot": "CNDOLStorageBinFloor1x103Dmg",
    "mapModeSwitches": [
      "ItmStorageBinFloor1x101",
      "ItmStorageBinFloor1x103",
      "ItmStorageBinFloor1x101Loose",
      "ItmStorageBinFloor1x103Loose",
      "ItmStorageBinFloor1x101Dmg",
      "ItmStorageBinFloor1x103Dmg",
      "ItmStorageBinFloor1x101Patch",
      "ItmStorageBinFloor1x103Patch"
    ]
  },
  {
    "strName": "ItmStorageBinFloor1x103Patch",
    "strNameFriendly": "Подпольный ящик (залатан)",
    "strDesc": "Линейка переборочных ящиков «Аплифт» от «Мобайл Спейс Системс» известна своими неброскими, но стильными решениями для хранения, эргономически разработанными для повседневного использования.\n\nВНИМАНИЕ: Подпольные ящики служат герметичным полом, поэтому их демонтаж подвергнет внутренности корабля вакууму.",
    "strImg": "containers/ItmStorageBinFloor1x103Patch",
    "strImgNorm": "containers/ItmStorageBinFloor1x1Patchn",
    "strPortraitImg": "containers/ItmStorageBinFloor1x103Patch",
    "strCOBase": "ItmStorageBinFloor1x101Patch",
    "strCondLoot": "CNDOLStorageBinFloor1x103Patch",
    "mapModeSwitches": [
      "ItmStorageBinFloor1x101",
      "ItmStorageBinFloor1x103",
      "ItmStorageBinFloor1x101Loose",
      "ItmStorageBinFloor1x103Loose",
      "ItmStorageBinFloor1x101Dmg",
      "ItmStorageBinFloor1x103Dmg",
      "ItmStorageBinFloor1x101Patch",
      "ItmStorageBinFloor1x103Patch"
    ]
  },
  {
    "strName": "ItmStorageBinFloor1x103b",
    "strNameFriendly": "Подпольный ящик",
    "strDesc": "Линейка переборочных ящиков «Аплифт» от «Мобайл Спейс Системс» известна своими неброскими, но стильными решениями для хранения, эргономически разработанными для повседневного использования.\n\nВНИМАНИЕ: Подпольные ящики служат герметичным полом, поэтому их демонтаж подвергнет внутренности корабля вакууму.",
    "strImg": "containers/ItmStorageBinFloor1x103b",
    "strImgNorm": "containers/ItmStorageBinFloor1x101bn",
    "strPortraitImg": "containers/ItmStorageBinFloor1x103b",
    "strCOBase": "ItmStorageBinFloor1x101",
    "strCondLoot": "CNDOLStorageBinFloor1x103b",
    "mapModeSwitches": [
      "ItmStorageBinFloor1x101",
      "ItmStorageBinFloor1x103b",
      "ItmStorageBinFloor1x101Loose",
      "ItmStorageBinFloor1x103bLoose",
      "ItmStorageBinFloor1x101Dmg",
      "ItmStorageBinFloor1x103bDmg",
      "ItmStorageBinFloor1x101Patch",
      "ItmStorageBinFloor1x103bPatch"
    ]
  },
  {
    "strName": "ItmStorageBinFloor1x103bLoose",
    "strNameFriendly": "Подпольный ящик (незакреплён)",
    "strDesc": "Линейка переборочных ящиков «Аплифт» от «Мобайл Спейс Системс» известна своими неброскими, но стильными решениями для хранения, эргономически разработанными для повседневного использования.\n\nВНИМАНИЕ: Подпольные ящики служат герметичным полом, поэтому их демонтаж подвергнет внутренности корабля вакууму.",
    "strImg": "containers/ItmStorageBinFloor1x103bLoose",
    "strImgNorm": "containers/ItmStorageBinFloor1x102bLoosen",
    "strPortraitImg": "containers/ItmStorageBinFloor1x103bLoose",
    "strCOBase": "ItmStorageBinFloor1x101Loose",
    "strCondLoot": "CNDOLStorageBinFloor1x103bLoose",
    "mapSlotEffects": [
      "drag",
      "Blank"
    ],
    "mapModeSwitches": [
      "ItmStorageBinFloor1x101",
      "ItmStorageBinFloor1x103b",
      "ItmStorageBinFloor1x101Loose",
      "ItmStorageBinFloor1x103bLoose",
      "ItmStorageBinFloor1x101Dmg",
      "ItmStorageBinFloor1x103bDmg",
      "ItmStorageBinFloor1x101Patch",
      "ItmStorageBinFloor1x103bPatch"
    ]
  },
  {
    "strName": "ItmStorageBinFloor1x103bDmg",
    "strNameFriendly": "Подпольный ящик (повреждён)",
    "strDesc": "Линейка переборочных ящиков «Аплифт» от «Мобайл Спейс Системс» известна своими неброскими, но стильными решениями для хранения, эргономически разработанными для повседневного использования.\n\nВНИМАНИЕ: Подпольные ящики служат герметичным полом, поэтому их повреждение подвергнет внутренности корабля вакууму.",
    "strImg": "containers/ItmStorageBinFloor1x103bDmg02",
    "strImgNorm": "containers/ItmStorageBinFloor1x101Dmg02n",
    "strPortraitImg": "containers/ItmStorageBinFloor1x103bDmg02",
    "strCOBase": "ItmStorageBinFloor1x101Dmg",
    "strCondLoot": "CNDOLStorageBinFloor1x103bDmg",
    "mapModeSwitches": [
      "ItmStorageBinFloor1x101",
      "ItmStorageBinFloor1x103b",
      "ItmStorageBinFloor1x101Loose",
      "ItmStorageBinFloor1x103bLoose",
      "ItmStorageBinFloor1x101Dmg",
      "ItmStorageBinFloor1x103bDmg",
      "ItmStorageBinFloor1x101Patch",
      "ItmStorageBinFloor1x103bPatch"
    ]
  },
  {
    "strName": "ItmStorageBinFloor1x103bPatch",
    "strNameFriendly": "Подпольный ящик (залатан)",
    "strDesc": "Линейка переборочных ящиков «Аплифт» от «Мобайл Спейс Системс» известна своими неброскими, но стильными решениями для хранения, эргономически разработанными для повседневного использования.\n\nВНИМАНИЕ: Подпольные ящики служат герметичным полом, поэтому их демонтаж подвергнет внутренности корабля вакууму.",
    "strImg": "containers/ItmStorageBinFloor1x103bPatch",
    "strImgNorm": "containers/ItmStorageBinFloor1x1Patchn",
    "strPortraitImg": "containers/ItmStorageBinFloor1x103bPatch",
    "strCOBase": "ItmStorageBinFloor1x101Patch",
    "strCondLoot": "CNDOLStorageBinFloor1x103bPatch",
    "mapModeSwitches": [
      "ItmStorageBinFloor1x101",
      "ItmStorageBinFloor1x103b",
      "ItmStorageBinFloor1x101Loose",
      "ItmStorageBinFloor1x103bLoose",
      "ItmStorageBinFloor1x101Dmg",
      "ItmStorageBinFloor1x103bDmg",
      "ItmStorageBinFloor1x101Patch",
      "ItmStorageBinFloor1x103bPatch"
    ]
  }
]