[
    {
        "strName": "DataBINPersonalAddressesOKLG",
        "strNameFriendly": "CONTACTS.BIN",
        "strCOBase": "DataFile",
        "strCondLoot": "CNDOLDatafileBIN"
    },
    {
        "strName": "DataTXTHelioHoraInfo",
        "strNameFriendly": "PRISONER_INFO_HELIOHORA.TXT",
        "strCOBase": "DataFile",
        "strCondLoot": "CNDOLDatafileTXT"
    },
    {
        "strName": "DataBINBreakout2K79Mods",
        "strNameFriendly": "BO2k79_MODPACK.BIN",
        "strDesc": "Набор читов и модов для консольной игры Брейкаут 2K79, включающий настраиваемую форму, режим зомби, режим мехов, реактивные ботинки, настройки переменной гравитации, питомцев игрока, добавляющих уникальные специальные способности, и непостижимо — режим с более чем 100 видами огнестрельного оружия.",
        "strCOBase": "DataFile",
        "strCondLoot": "CNDOLDatafileBIN"
    },
    {
        "strName": "DataIMGRemoteControlCat",
        "strNameFriendly": "REMOTECATROL.IMG",
        "strDesc": "Изображение кота, сидящего развалившись, с лапой на пульте от телевизора.",
        "strCOBase": "DataFile",
        "strCondLoot": "CNDOLDatafileIMG"
    },
    {
        "strName": "DataBINNavStationData",
        "strNameFriendly": "NAVDATA.BIN",
        "strDesc": "База данных для использования с навигационной консолью Поларис «Стандартная Навигационная Консоль» (ПСНК).\n\nЭтот файл содержит данные регистрационных ID для любых судов, идентифицированных во время использования навигации.\n\nПомещение этого файла в любую навигационную станцию ПСНК загрузит его содержимое в эту консоль, расширив список известных судов.",
        "strCOBase": "DataFile",
        "strCondLoot": "CNDOLDatafileBINNavData"
    },
    {
        "strName": "DataBINPDACracker",
        "strNameFriendly": "R3N-B00.BIN",
        "strDesc": "ПО для взлома PDA для Ренбао \"Portal\" PDA.",
        "strCOBase": "DataFile",
        "strCondLoot": "CNDOLDatafileBINPDACracker"
    },
    {
        "strName": "DataBINRobotCracker",
        "strNameFriendly": "B43-B-G0N3.BIN",
        "strDesc": "ПО для взлома ОС дрона для Бейдат строительных и охранных дронов.",
        "strCOBase": "DataFile",
        "strCondLoot": "CNDOLDatafileBINRobotCracker"
    },
    {
        "strName": "DataSNDJTSmoovPutItIn",
        "strNameFriendly": "JTSMOOV_PUTITIN.SND",
        "strDesc": "Аудиофайл без потерь 'Put It In' от JT Smoov.",
        "strCOBase": "DataFile",
        "strCondLoot": "CNDOLDatafileSND"
    },
    {
        "strName": "DataTXTDebitAppOutdated",
        "strNameFriendly": "APPDEBITFORM.TXT",
        "strDesc": "Предварительно авторизованное дебетовое приложение для устаревшего банковского счёта.",
        "strCOBase": "DataFile",
        "strCondLoot": "CNDOLDatafileTXT"
    },
    {
        "strName": "DataVIDRoboKetchup",
        "strNameFriendly": "ROBOKETCHUP.VID",
        "strDesc": "Видео робота, неточно выдавливающего кетчуп на еду.",
        "strCOBase": "DataFile",
        "strCondLoot": "CNDOLDatafileVID"
    },
    {
        "strName": "DataBINRoster_PMC",
        "strNameFriendly": "ROSTER_PMC.BIN",
        "strCOBase": "DataFile",
        "strCondLoot": "CNDOLDatafileBIN1k-5k"
    },
    {
        "strName": "DataBINPersonalAddressesVoltaire",
        "strNameFriendly": "CONTACTS.BIN",
        "strCOBase": "DataFile",
        "strCondLoot": "CNDOLDatafileBIN100-1k"
    },
    {
        "strName": "DataBINPersonalAddressesRingStation",
        "strNameFriendly": "CONTACTS.BIN",
        "strCOBase": "DataFile",
        "strCondLoot": "CNDOLDatafileBIN100-1k"
    },
    {
        "strName": "DataBINPersonalAddressesNewcal",
        "strNameFriendly": "CONTACTS.BIN",
        "strCOBase": "DataFile",
        "strCondLoot": "CNDOLDatafileBIN100-1k"
    },
    {
        "strName": "DataBINPersonalAddressesProkofiev",
        "strNameFriendly": "INVENTORY.BIN",
        "strCOBase": "DataFile",
        "strCondLoot": "CNDOLDatafileBIN100-1k"
    },
    {
        "strName": "DataBINPersonalAddressesFortSimpson",
        "strNameFriendly": "CONTACTS.BIN",
        "strCOBase": "DataFile",
        "strCondLoot": "CNDOLDatafileBIN100-1k"
    },
    {
        "strName": "DataBINPersonalAddressesAtlantis",
        "strNameFriendly": "CONTACTS.BIN",
        "strCOBase": "DataFile",
        "strCondLoot": "CNDOLDatafileBIN100-1k"
    },
    {
        "strName": "DataBINAtlantisResearch",
        "strNameFriendly": "SIGHTINGS.BIN",
        "strCOBase": "DataFile",
        "strCondLoot": "CNDOLDatafileBIN1k-5k"
    },
    {
        "strName": "DataBINPersonalAddressesJadeRabbit",
        "strNameFriendly": "CONTACTS.BIN",
        "strCOBase": "DataFile",
        "strCondLoot": "CNDOLDatafileBIN100-1k"
    },
    {
        "strName": "DataBINCryptoSmall",
        "strNameFriendly": "CRYPTO_TOKEN.BIN",
        "strDesc": "Свободные криптокредиты. Часто используются для чаевых, подарков и неотслеживаемых переводов.",
        "strCOBase": "DataFile",
        "strCondLoot": "CNDOLDatafileBIN100-1k"
    },
    {
        "strName": "DataBINCryptoMed",
        "strNameFriendly": "CRYPTO_WALLET.BIN",
        "strDesc": "Кто-то взломал чужой личный крипто-кошелёк.",
        "strCOBase": "DataFile",
        "strCondLoot": "CNDOLDatafileBIN1k-5k"
    },
    {
        "strName": "DataBINCryptoLarge",
        "strNameFriendly": "CRYPTO_VAULT.BIN",
        "strDesc": "PIN-код доступа к криптокейсу. Людям, вероятно, не стоит оставлять их без присмотра. Конечно, он уже может быть обнулён.",
        "strCOBase": "DataFile",
        "strCondLoot": "CNDOLDatafileBIN0-15k"
    },
    {
        "strName": "DataIMGSuperHarrison",
        "strNameFriendly": "HARRYMUSCLES.IMG",
        "strCOBase": "DataFile",
        "strCondLoot": "CNDOLDatafileIMG"
    },
    {
        "strName": "DataIMGThreeWolfMoons",
        "strNameFriendly": "3WOLFMOONS.IMG",
        "strCOBase": "DataFile",
        "strCondLoot": "CNDOLDatafileIMG"
    },
    {
        "strName": "DataIMGMeat01",
        "strNameFriendly": "PPP.IMG",
        "strCOBase": "DataFile",
        "strCondLoot": "CNDOLDatafileIMGMeat"
    },
    {
        "strName": "DataIMGMeat02",
        "strNameFriendly": "INFESTATION.IMG",
        "strCOBase": "DataFile",
        "strCondLoot": "CNDOLDatafileIMGMeat"
    },
    {
        "strName": "DataSNDMeat01",
        "strNameFriendly": "SPACER_SHANTY.SND",
        "strCOBase": "DataFile",
        "strCondLoot": "CNDOLDatafileSNDMeat"
    },
    {
        "strName": "DataTXTFusionManual01",
        "strNameFriendly": "FUSION_AO_MANUAL_1_PARTS.TXT",
        "strCOBase": "DataFile",
        "strCondLoot": "CNDOLDatafileTXTFusion"
    },
    {
        "strName": "DataTXTFusionManual02",
        "strNameFriendly": "FUSION_AO_MANUAL_2_OPS.TXT",
        "strCOBase": "DataFile",
        "strCondLoot": "CNDOLDatafileTXTFusion"
    },
    {
        "strName": "DataTXTFusionManual03",
        "strNameFriendly": "FUSION_AO_MANUAL_3_WARNINGS.TXT",
        "strCOBase": "DataFile",
        "strCondLoot": "CNDOLDatafileTXTFusion"
    },
    {
        "strName": "DataTXTMeat01",
        "strNameFriendly": "PPP_History_01.TXT",
        "strCOBase": "DataFile",
        "strCondLoot": "CNDOLDatafileTXTMeat"
    },
    {
        "strName": "DataTXTMeat02",
        "strNameFriendly": "PPP_History_02.TXT",
        "strCOBase": "DataFile",
        "strCondLoot": "CNDOLDatafileTXTMeat"
    },
    {
        "strName": "DataTXTMeat03",
        "strNameFriendly": "PPP_History_03.TXT",
        "strCOBase": "DataFile",
        "strCondLoot": "CNDOLDatafileTXTMeat"
    },
    {
        "strName": "DataTXTMeat04",
        "strNameFriendly": "PPP_History_04.TXT",
        "strCOBase": "DataFile",
        "strCondLoot": "CNDOLDatafileTXTMeat"
    },
    {
        "strName": "DataTXTMeat05",
        "strNameFriendly": "PPP_History_05.TXT",
        "strCOBase": "DataFile",
        "strCondLoot": "CNDOLDatafileTXTMeat"
    },
    {
        "strName": "DataTXTMeat06",
        "strNameFriendly": "PPP_History_06.TXT",
        "strCOBase": "DataFile",
        "strCondLoot": "CNDOLDatafileTXTMeat"
    },
    {
        "strName": "DataTXTMeat07",
        "strNameFriendly": "PPP_History_07.TXT",
        "strCOBase": "DataFile",
        "strCondLoot": "CNDOLDatafileTXTMeat"
    },
    {
        "strName": "DataTXTMeat08",
        "strNameFriendly": "PPP_History_08.TXT",
        "strCOBase": "DataFile",
        "strCondLoot": "CNDOLDatafileTXTMeat"
    },
    {
        "strName": "DataTXTMeat09",
        "strNameFriendly": "PPP_History_09.TXT",
        "strCOBase": "DataFile",
        "strCondLoot": "CNDOLDatafileTXTMeat"
    },
    {
        "strName": "DataIMGCryptid01",
        "strNameFriendly": "UFO_SIGHTING?!.IMG",
        "strCOBase": "DataFile",
        "strCondLoot": "CNDOLDatafileIMG"
    },
    {
        "strName": "DataIMGCryptid02",
        "strNameFriendly": "I_FOUND_BIGFOOT.IMG",
        "strDesc": "Невзрачное изображение волосатого, тёмношёрстного, мускулистого человекозверя с длинной мордой, идущего на двух ногах через леса и руины Мичигана.\n\nНесмотря на отсутствие лесов за пределами Земли, некоторые легенды никогда не умирают.",
        "strCOBase": "DataFile",
        "strCondLoot": "CNDOLDatafileIMG"
    },
    {
        "strName": "DataIMGXinhua",
        "strNameFriendly": "黄金周.IMG",
        "strCOBase": "DataFile",
        "strCondLoot": "CNDOLDatafileIMG"
    },
    {
        "strName": "DataIMGXinhua02",
        "strNameFriendly": "来得好!不然离开通过气闸!.IMG",
        "strCOBase": "DataFile",
        "strCondLoot": "CNDOLDatafileIMG"
    },
    {
        "strName": "DataVIDVlog01",
        "strNameFriendly": "VLOG.VID",
        "strDesc": "Видеодневник космолётчика, который надеется увидеть все достопримечательности Системы.",
        "strCOBase": "DataFile",
        "strCondLoot": "CNDOLDatafileVID"
    },
    {
        "strName": "DataVIDVlog02",
        "strNameFriendly": "VLOG.VID",
        "strDesc": "Видеодневник неловкого космолётчика, который пробует танцевальные челленджи в микрогравитации и говорит о самосовершенствовании.",
        "strCOBase": "DataFile",
        "strCondLoot": "CNDOLDatafileVID"
    },
    {
        "strName": "DataVIDVlog03",
        "strNameFriendly": "VLOG!.VID",
        "strDesc": "Видеодневник жизнерадостного космолётчика, который делится маленькими моментами радости в бескрайней пустоте.",
        "strCOBase": "DataFile",
        "strCondLoot": "CNDOLDatafileVID"
    },
    {
        "strName": "DataVIDVlog04",
        "strNameFriendly": "VIDEOLOG.VID",
        "strDesc": "Видеодневник одинокого космолётчика, который рассказывает о процессе создания крайне детализированных фанфиков про Далисай от первого лица.",
        "strCOBase": "DataFile",
        "strCondLoot": "CNDOLDatafileVID"
    },
    {
        "strName": "DataVIDVlog05",
        "strNameFriendly": "VLOG.VID",
        "strDesc": "Видеодневник талантливого космолётчика, который поёт каверы на хиты середины прошлого и позапрошлого века.",
        "strCOBase": "DataFile",
        "strCondLoot": "CNDOLDatafileVID"
    },
    {
        "strName": "DataVIDVlog06",
        "strNameFriendly": "VLOG.VID",
        "strDesc": "Видеодневник из повседневной жизни пылкого ученика знаменитого экстрасенса Филиппа Барри.\n\nВ основном это одна большая реклама, призывающая всех пройти тест на экстрасенсорные способности, потому что это может 'изменить вашу жизнь', как это изменило их.",
        "strCOBase": "DataFile",
        "strCondLoot": "CNDOLDatafileVID"
    },
    {
        "strName": "DataVIDVlog07",
        "strNameFriendly": "VLOG.VID",
        "strDesc": "Видеодневник юного космолётчика, который рисует мрачные комиксы и жалуется на непонимание.",
        "strCOBase": "DataFile",
        "strCondLoot": "CNDOLDatafileVID"
    },
    {
        "strName": "DataVIDVlog08",
        "strNameFriendly": "VLOG.VID",
        "strDesc": "Видеодневник модного космолётчика без пары зубов, но с обилием романтических партнёров из большого экипажа корабля.",
        "strCOBase": "DataFile",
        "strCondLoot": "CNDOLDatafileVID"
    },
    {
        "strName": "DataVIDVlog09",
        "strNameFriendly": "VLOG.VID",
        "strDesc": "Видеодневник тату-мастера, который практикуется на стирофоуме Трэнчерс и ищет новых клиентов в каждом порту.",
        "strCOBase": "DataFile",
        "strCondLoot": "CNDOLDatafileVID"
    },
    {
        "strName": "DataVIDVlog10",
        "strNameFriendly": "VLOGYRINTH.VID",
        "strCOBase": "DataFile",
        "strCondLoot": "CNDOLDatafileVID"
    },
    {
        "strName": "DataVIDBlackmail",
        "strNameFriendly": "LEVERAGE.VID",
        "strDesc": "Компрометирующие записи со скрытой камеры пикантного свидания с участием местного лидера.",
        "strCOBase": "DataFile",
        "strCondLoot": "CNDOLDatafileVID5k-15k"
    },
    {
        "strName": "DataVIDMundane01",
        "strNameFriendly": "GREYWATER_TRAINING.VID",
        "strDesc": "Унылое обучающее видео из прошлых десятилетий о протоколах обращения с серой водой. Ведущий говорит медленно и без интонации.",
        "strCOBase": "DataFile",
        "strCondLoot": "CNDOLDatafileVID"
    },
    {
        "strName": "DataVIDMundane02",
        "strNameFriendly": "VISIT_TITAN.VID",
        "strCOBase": "DataFile",
        "strCondLoot": "CNDOLDatafileVID"
    },
    {
        "strName": "DataVIDMundane03",
        "strNameFriendly": "DOCKING_PROCEDURES.VID",
        "strDesc": "Серия озвученных уроков с каркасной графикой, охватывающих сценарии стыковки и гипотетические ситуации для различных нетипичных и обычно опасных для жизни случаев.",
        "strCOBase": "DataFile",
        "strCondLoot": "CNDOLDatafileVID"
    },
    {
        "strName": "DataVIDMundane04",
        "strNameFriendly": "INTERIOR_TOUR.VID",
        "strDesc": "Тщательно детализированный обзор интерьера корабля или небольшой станции, включая содержимое каждого контейнера, стойки и ящика. Полезно, если берёшься за одиночную работу на время.",
        "strCOBase": "DataFile",
        "strCondLoot": "CNDOLDatafileVID"
    },
    {
        "strName": "DataVIDMundane05",
        "strNameFriendly": "THE_ZERO-G_GOURMAND.VID",
        "strDesc": "Видеосерия харизматичного шеф-повара, демонстрирующего различные техники приготовления еды в микрогравитации.",
        "strCOBase": "DataFile",
        "strCondLoot": "CNDOLDatafileVID"
    },
    {
        "strName": "DataVIDFilm01",
        "strNameFriendly": "THOSE_WITH_LOADED_GUNS.VID",
        "strCOBase": "DataFile",
        "strCondLoot": "CNDOLDatafileVID"
    },
    {
        "strName": "DataVIDFilm02",
        "strNameFriendly": "THE_DISCONNECT(CLEAN).VID",
        "strCOBase": "DataFile",
        "strCondLoot": "CNDOLDatafileVID"
    },
    {
        "strName": "DataVIDFilm03",
        "strNameFriendly": "TIMELOCK1798_71215.VID",
        "strCOBase": "DataFile",
        "strCondLoot": "CNDOLDatafileVID"
    },
    {
        "strName": "DataVIDFilm04",
        "strNameFriendly": "DIAMONDS_CENSORED.VID",
        "strCOBase": "DataFile",
        "strCondLoot": "CNDOLDatafileVID"
    },
    {
        "strName": "DataVIDFilm05",
        "strNameFriendly": "SOUTHERN_HIGHLAND.VID",
        "strCOBase": "DataFile",
        "strCondLoot": "CNDOLDatafileVID"
    },
    {
        "strName": "DataVIDFilm06",
        "strNameFriendly": "FAST&FULMINATING.VID",
        "strCOBase": "DataFile",
        "strCondLoot": "CNDOLDatafileVID"
    },
    {
        "strName": "DataTXTFanfic01",
        "strNameFriendly": "ДАЛИСАЙ.TXT",
        "strDesc": "Посредственный рассказ с крайне детализированным фанфиком о Далисай с самовставкой, пропитанный штампами и тоской.",
        "strCOBase": "DataFile",
        "strCondLoot": "CNDOLDatafileTXT"
    },
    {
        "strName": "DataTXTFanfic02",
        "strNameFriendly": "LOCUSPOCUS.TXT",
        "strCOBase": "DataFile",
        "strCondLoot": "CNDOLDatafileTXT"
    },
    {
        "strName": "DataTXTFanfic03",
        "strNameFriendly": "TAXINFO.TXT",
        "strDesc": "Замаскированное хранилище эротики. Тщательно рассортировано по множеству неожиданных категорий.",
        "strCOBase": "DataFile",
        "strCondLoot": "CNDOLDatafileTXT"
    },
    {
        "strName": "DataTXTGame01",
        "strNameFriendly": "RETRO_RPG.TXT",
        "strDesc": "Фэнтезийная ролевая игра «для своих» с тщательно проработанным самодельным сеттингом и 523 страницами правил (213 из них — описания заклинаний).",
        "strCOBase": "DataFile",
        "strCondLoot": "CNDOLDatafileTXT"
    },
    {
        "strName": "DataTXTGame02",
        "strNameFriendly": "LONE_STAR_GAMEBOOK.TXT",
        "strDesc": "Интерактивная книга-игра «Выбери своё приключение» с захватывающей интерактивной историей интриг, следующей за Одиноким Звездой — нуарным антигероем, чья история и способности определяются выбором читателя.",
        "strCOBase": "DataFile",
        "strCondLoot": "CNDOLDatafileTXT"
    },
    {
        "strName": "DataSNDSilversmythRIP",
        "strNameFriendly": "SILVERSMYTH_RIP.SND",
        "strCOBase": "DataFile",
        "strCondLoot": "CNDOLDatafileSND"
    },
    {
        "strName": "DataSNDSilversmythAlbum",
        "strNameFriendly": "SILVERSMYTH_GOLD.SND",
        "strDesc": "Торрент с полным альбомом «Gold» популярной K-Pop группы Сильверсмит. Редкий коллекционный предмет, который может стоить денег для правильного покупателя.",
        "strCOBase": "DataFile",
        "strCondLoot": "CNDOLDatafileSND1k-5k"
    },
    {
        "strName": "DataSNDSilversmythBloopers",
        "strNameFriendly": "SILVERSMYTH_BLOOPERS.SND",
        "strDesc": "Непосредственная аудиозапись закулисных и турных курьёзов очаровательной музыкальной группы Сильверсмит со станции Капёнг.",
        "strCOBase": "DataFile",
        "strCondLoot": "CNDOLDatafileSND"
    },
    {
        "strName": "DataSNDBreathing",
        "strNameFriendly": "BREATH.SND",
        "strDesc": "ASMR-трек с белым шумом спокойного дыхания в герметичном вакуумном шлеме. Иногда монотонность прерывается мычанием, кашлем, многоязычными ругательствами или учащённым дыханием.",
        "strCOBase": "DataFile",
        "strCondLoot": "CNDOLDatafileSND"
    },
    {
        "strName": "DataSNDPercussion",
        "strNameFriendly": "BEATS.SND",
        "strDesc": "ASMR-трек с близко записанными отзвуками барабанения по любым мыслимым бытовым предметам и материалам в повседневной среде космолётчика. Космолётчик спокойно и успокаивающе комментирует всё это красивым звучным голосом.",
        "strCOBase": "DataFile",
        "strCondLoot": "CNDOLDatafileSND"
    },
    {
        "strName": "DataSNDSakuraNoir",
        "strNameFriendly": "SAKURANOIR.SND",
        "strCOBase": "DataFile",
        "strCondLoot": "CNDOLDatafileSND"
    },
    {
        "strName": "DataSNDAttack",
        "strNameFriendly": "CAPTAIN_LOG.SND",
        "strDesc": "Параноидальный на слух журнал капитана об обречённой экспедиции. Отчёт прерывается на середине звуками насилия, гневными голосами и корабельной сигнализацией.",
        "strCOBase": "DataFile",
        "strCondLoot": "CNDOLDatafileSND"
    },
    {
        "strName": "DataSNDAttack02",
        "strNameFriendly": "MAYDAY.SND",
        "strDesc": "Запись с мостика момента, когда нападающие прорываются через двери, последующей перестрелки, панических ругательств и мрачного ликования выживших.",
        "strCOBase": "DataFile",
        "strCondLoot": "CNDOLDatafileSND"
    },
    {
        "strName": "DataSNDAttack03",
        "strNameFriendly": "BREACHINGTEAM.SND",
        "strDesc": "Запись переговоров, пропитанная бравадой, штурмовой группы при атаке на другой корабль. Координация команды безжалостна, они насмехаются над врагами, пока те падают перед ними.\n\nДисциплина, ритм и фоновая хэви-метал музыка намекают на хорошо обученную ЧВК или пиратскую команду, а не на формальные военно-морские силы.",
        "strCOBase": "DataFile",
        "strCondLoot": "CNDOLDatafileSND"
    },
    {
        "strName": "DataSNDGhostStory",
        "strNameFriendly": "GHOST.SND",
        "strDesc": "Перепуганный космолётчик описывает, как видел Моряка во время космического выхода. Они безрезультатно размышляют, содержит ли его шлем череп, и что было бы хуже или лучше — это или полное, немигающее человеческое лицо.",
        "strCOBase": "DataFile",
        "strCondLoot": "CNDOLDatafileSND"
    },
    {
        "strName": "DataSNDGhostStory02",
        "strNameFriendly": "FIREFLIES.SND",
        "strDesc": "Журнал инженера описывает роковой рой неопределённых энергетических сигналов, которые вмешались, чтобы предотвратить пиратский абордаж. Говорящий задаётся вопросом, не те ли это Светлячки, о которых он слышал в космических суевериях.",
        "strCOBase": "DataFile",
        "strCondLoot": "CNDOLDatafileSND"
    },
    {
        "strName": "DataSNDGhostStory03",
        "strNameFriendly": "WHY_DOESNT_IT_ROT?.SND",
        "strDesc": "Быстро говорящий космолётчик распространяется о корпоративной халатности и детальных теориях о различных заговорах мегакорпораций, заканчивая длинной тирадой о мясе, устойчивом к вакууму и разложению, которое сводяще шепчет и двигается, когда на него не смотришь.",
        "strCOBase": "DataFile",
        "strCondLoot": "CNDOLDatafileSND"
    },
    {
        "strName": "DataSNDNeverland",
        "strNameFriendly": "CREEPYKIDS.SND",
        "strDesc": "Радиоведущий разглагольствует о том, как неправильно, что вся колония Неверленд на карликовой планете Макемаке населена детьми. Жуткость и сомнительная человечность неверлендцев обсуждается подробно, без нюансов, сочувствия или извинений.",
        "strCOBase": "DataFile",
        "strCondLoot": "CNDOLDatafileSND"
    },
    {
        "strName": "DataSNDLovedOneVoice",
        "strNameFriendly": "LASTGOODBYE.SND",
        "strDesc": "Хриплое, низкокачественное голосовое сообщение, сохранённое со старого устройства, от любимого человека, желающего тёплого прощания на случай, если не выживет.",
        "strCOBase": "DataFile",
        "strCondLoot": "CNDOLDatafileSND"
    },
    {
        "strName": "DataSNDSavedApology",
        "strNameFriendly": "APOLOGY.SND",
        "strDesc": "Краткое записанное сообщение с извинениями от кого-то, кто срывается на слёзы в надежде на примирение в отношениях.",
        "strCOBase": "DataFile",
        "strCondLoot": "CNDOLDatafileSND"
    },
    {
        "strName": "DataSNDVoiceMemo",
        "strNameFriendly": "REMINDER.SND",
        "strDesc": "Голосовая заметка о различных рутинных задачах космолётчика, требующих полурегулярных напоминаний и частого обращения.",
        "strCOBase": "DataFile",
        "strCondLoot": "CNDOLDatafileSND"
    },
    {
        "strName": "DataSNDRoar",
        "strNameFriendly": "WHAT_IS_THIS.SND",
        "strDesc": "Чудовищный рёв и цоканье когтистых шагов, эхом разносящиеся по переборкам узких коридоров корабля или станции. Человеческий шёпот интересуется, ушло ли оно, прямо перед тем как запись обрывается на полукрике.",
        "strCOBase": "DataFile",
        "strCondLoot": "CNDOLDatafileSND1k-5k"
    },
    {
        "strName": "DataSNDBarbershop",
        "strNameFriendly": "THEGANGALLTOGETHER.SND",
        "strDesc": "Серия старомодных песен барбершоп-квартета, хорошо спетых, но плохо записанных.",
        "strCOBase": "DataFile",
        "strCondLoot": "CNDOLDatafileSND"
    },
    {
        "strName": "DataSNDPoetry",
        "strNameFriendly": "THE_BARD.SND",
        "strDesc": "Драматические чтения поэтических произведений Шекспира и других классиков.",
        "strCOBase": "DataFile",
        "strCondLoot": "CNDOLDatafileSND"
    },
    {
        "strName": "DataSNDNigerianFolkLore",
        "strNameFriendly": "UNCLE.SND",
        "strDesc": "Старик, рассказывающий все истории и фольклор, которые он помнит из Старой Нигерии.",
        "strCOBase": "DataFile",
        "strCondLoot": "CNDOLDatafileSND"
    },
    {
        "strName": "DataSNDAudioWill",
        "strNameFriendly": "TESTAMENT.SND",
        "strDesc": "Последняя воля и завещание, по-видимому, состоятельного гражданина. Неясно, имеет ли этот формат юридическую силу в суде.",
        "strCOBase": "DataFile",
        "strCondLoot": "CNDOLDatafileSND5k-15k"
    },
    {
        "strName": "DataSNDCorporateSecret",
        "strNameFriendly": "CONFIDENTIAL_BOARDMEETING.SND",
        "strDesc": "Вероятно, незаконно записанное заседание совета директоров корпорации, где обсуждаются и принимаются решения, меняющие экономику.",
        "strCOBase": "DataFile",
        "strCondLoot": "CNDOLDatafileSND5k-15k"
    },
    {
        "strName": "DataSNDConfession",
        "strNameFriendly": "PLEA_DEAL.SND",
        "strDesc": "Признание в ужасных преступлениях под интенсивным допросом частных охранных подрядчиков. Это, вероятно, не предназначено для публичного доступа.",
        "strCOBase": "DataFile",
        "strCondLoot": "CNDOLDatafileSND1k-5k"
    },
    {
        "strName": "DataSNDConfession02",
        "strNameFriendly": "INTERNALAFFAIRS.SND",
        "strDesc": "Раскаянное признание в ужасных преступлениях, встреченное заверениями, что всё это исчезнет.",
        "strCOBase": "DataFile",
        "strCondLoot": "CNDOLDatafileSND5k-15k"
    },
    {
        "strName": "DataSNDManifesto",
        "strNameFriendly": "MANIFESTO.SND",
        "strCOBase": "DataFile",
        "strCondLoot": "CNDOLDatafileSND"
    },
    {
        "strName": "DataSNDMundane01",
        "strNameFriendly": "FOR_STRESS_RELIEF.SND",
        "strDesc": "Коллекция медитативных и антистрессовых аудиотреков с пением и электронно-мировыми ритмами, под ровный направляющий голос. Банальности милые, хоть и наивные.",
        "strCOBase": "DataFile",
        "strCondLoot": "CNDOLDatafileBIN"
    },
    {
        "strName": "DataBINOstranauts",
        "strNameFriendly": "SPACE_PROTOTYPE.BIN",
        "strDesc": "Нелегально полученная копия малоизвестной космической симуляции начала 20-х, взятая из бэкапа русского сайта. Известна своими возмутительными багами и отсутствием «контента». Игроки всё ещё оценивают её положительно, хоть и немного эзотерично, вплоть до 70-х.",
        "strCOBase": "DataFile",
        "strCondLoot": "CNDOLDatafileBIN100-1k"
    },
    {
        "strName": "DataBINRobotOS01",
        "strNameFriendly": "DRONE_OS.BIN",
        "strDesc": "Операционная система дрона и журнал поведения с некоторыми аномалиями в ИИ.",
        "strCOBase": "DataFile",
        "strCondLoot": "CNDOLDatafileBINOS0-15k"
    },
    {
        "strName": "DataBINRobotOS02",
        "strNameFriendly": "DRONE_OS.BIN",
        "strDesc": "Операционная система дрона и журнал поведения.",
        "strCOBase": "DataFile",
        "strCondLoot": "CNDOLDatafileBINOS0-5k"
    },
    {
        "strName": "DataBINMundane01",
        "strNameFriendly": "CREW_HEALTH_RECORDS.BIN",
        "strDesc": "Коллекция панелей мониторинга, визуализирующих данные о здоровье для нескольких членов экипажа.\n\nВ целом создаётся ощущение, что этот экипаж действительно пытался предотвратить худшие последствия жизни в космосе, хотя в итоге потерпел неудачу.\n\nПлохой сон, пренебрежение физическими упражнениями и избыток алкоголя и курения кажутся слишком знакомыми.",
        "strCOBase": "DataFile",
        "strCondLoot": "CNDOLDatafileBIN"
    },
    {
        "strName": "DataBIN79",
        "strNameFriendly": "79.BIN",
        "strCOBase": "DataFile",
        "strCondLoot": "CNDOLDatafileBINMerga"
    },
    {
        "strName": "DataBINMergaSuspiciousGaps",
        "strNameFriendly": "              .BIN",
        "strCOBase": "DataFile",
        "strCondLoot": "CNDOLDatafileBINMerga"
    },
    {
        "strName": "DataBINMergaParanoidGaps",
        "strNameFriendly": "DEADMAN_SWITCH.TXT",
        "strCOBase": "DataFile",
        "strCondLoot": "CNDOLDatafileTXTMerga"
    },
    {
        "strName": "DataIMGMergaLongFingerDeathMark",
        "strNameFriendly": "HAND_OF_DEATH.IMG",
        "strCOBase": "DataFile",
        "strCondLoot": "CNDOLDatafileIMGMerga"
    },
    {
        "strName": "DataTXTMergaLongFingerSerialKiller",
        "strNameFriendly": "BEWARE_THE_HAND.TXT",
        "strCOBase": "DataFile",
        "strCondLoot": "CNDOLDatafileTXTMerga"
    },
    {
        "strName": "DataIMGMergaSingerObituary",
        "strNameFriendly": "DEATH_OF_A_LEGEND.TXT",
        "strCOBase": "DataFile",
        "strCondLoot": "CNDOLDatafileTXTMerga"
    }
]