[
  {
    "strName": "ItmKioskCargo01BCER",
    "strNameShort": "Киоск",
    "strNameFriendly": "Грузовой терминал (BCER)",
    "strCOBase": "ItmKioskCargo01",
    "strCondLoot": "CNDOLKioskCargo01",
    "mapGUIPropMaps": [
      "Panel A",
      "BulkTrade",
      "Panel Right",
      "BulkTraderInventory",
      "Trade",
      "BulkTrade",
      "Trader",
      "TraderBCERCargoKiosk"
    ]
  },
  {
    "strName": "ItmKioskCargo01BCRS",
    "strNameShort": "Киоск",
    "strNameFriendly": "Грузовой терминал (BCRS)",
    "strCOBase": "ItmKioskCargo01",
    "strCondLoot": "CNDOLKioskCargo01",
    "mapGUIPropMaps": [
      "Panel A",
      "BulkTrade",
      "Panel Right",
      "BulkTraderInventory",
      "Trade",
      "BulkTrade",
      "Trader",
      "TraderBCRSCargoKiosk"
    ]
  },
  {
    "strName": "ItmKioskCargo01EJDR",
    "strNameShort": "Киоск",
    "strNameFriendly": "Грузовой терминал (EJDR)",
    "strCOBase": "ItmKioskCargo01",
    "strCondLoot": "CNDOLKioskCargo01",
    "mapGUIPropMaps": [
      "Panel A",
      "BulkTrade",
      "Panel Right",
      "BulkTraderInventory",
      "Trade",
      "BulkTrade",
      "Trader",
      "TraderEJDRCargoKiosk"
    ]
  },
  {
    "strName": "ItmKioskCargo01HQCH",
    "strNameShort": "Киоск",
    "strNameFriendly": "Грузовой терминал (HQCH)",
    "strCOBase": "ItmKioskCargo01",
    "strCondLoot": "CNDOLKioskCargo01",
    "mapGUIPropMaps": [
      "Panel A",
      "BulkTrade",
      "Panel Right",
      "BulkTraderInventory",
      "Trade",
      "BulkTrade",
      "Trader",
      "TraderHQCHCargoKiosk"
    ]
  },
  {
    "strName": "ItmKioskCargo01JATL",
    "strNameShort": "Киоск",
    "strNameFriendly": "Грузовой терминал (JATL)",
    "strCOBase": "ItmKioskCargo01",
    "strCondLoot": "CNDOLKioskCargo01",
    "mapGUIPropMaps": [
      "Panel A",
      "BulkTrade",
      "Panel Right",
      "BulkTraderInventory",
      "Trade",
      "BulkTrade",
      "Trader",
      "TraderJATLCargoKiosk"
    ]
  },
  {
    "strName": "ItmKioskCargo01JFTS",
    "strNameShort": "Киоск",
    "strNameFriendly": "Грузовой терминал (JFTS)",
    "strCOBase": "ItmKioskCargo01",
    "strCondLoot": "CNDOLKioskCargo01",
    "mapGUIPropMaps": [
      "Panel A",
      "BulkTrade",
      "Panel Right",
      "BulkTraderInventory",
      "Trade",
      "BulkTrade",
      "Trader",
      "TraderJFTSCargoKiosk"
    ]
  },
  {
    "strName": "ItmKioskCargo01JPTN",
    "strNameShort": "Киоск",
    "strNameFriendly": "Грузовой терминал (JPTN)",
    "strCOBase": "ItmKioskCargo01",
    "strCondLoot": "CNDOLKioskCargo01",
    "mapGUIPropMaps": [
      "Panel A",
      "BulkTrade",
      "Panel Right",
      "BulkTraderInventory",
      "Trade",
      "BulkTrade",
      "Trader",
      "TraderJPTNCargoKiosk"
    ]
  },
  {
    "strName": "ItmKioskCargo01MHNG",
    "strNameShort": "Киоск",
    "strNameFriendly": "Грузовой терминал (MHNG)",
    "strCOBase": "ItmKioskCargo01",
    "strCondLoot": "CNDOLKioskCargo01",
    "mapGUIPropMaps": [
      "Panel A",
      "BulkTrade",
      "Panel Right",
      "BulkTraderInventory",
      "Trade",
      "BulkTrade",
      "Trader",
      "TraderMHNGCargoKiosk"
    ]
  },
  {
    "strName": "ItmKioskCargo01MLAB",
    "strNameShort": "Киоск",
    "strNameFriendly": "Грузовой терминал (MLAB)",
    "strCOBase": "ItmKioskCargo01",
    "strCondLoot": "CNDOLKioskCargo01",
    "mapGUIPropMaps": [
      "Panel A",
      "BulkTrade",
      "Panel Right",
      "BulkTraderInventory",
      "Trade",
      "BulkTrade",
      "Trader",
      "TraderMLABCargoKiosk"
    ]
  },
  {
    "strName": "ItmKioskCargo01MSUZ",
    "strNameShort": "Киоск",
    "strNameFriendly": "Грузовой терминал (MSUZ)",
    "strCOBase": "ItmKioskCargo01",
    "strCondLoot": "CNDOLKioskCargo01",
    "mapGUIPropMaps": [
      "Panel A",
      "BulkTrade",
      "Panel Right",
      "BulkTraderInventory",
      "Trade",
      "BulkTrade",
      "Trader",
      "TraderMSUZCargoKiosk"
    ]
  },
  {
    "strName": "ItmKioskCargo01MTRS",
    "strNameShort": "Киоск",
    "strNameFriendly": "Грузовой терминал (MTRS)",
    "strCOBase": "ItmKioskCargo01",
    "strCondLoot": "CNDOLKioskCargo01",
    "mapGUIPropMaps": [
      "Panel A",
      "BulkTrade",
      "Panel Right",
      "BulkTraderInventory",
      "Trade",
      "BulkTrade",
      "Trader",
      "TraderMTRSCargoKiosk"
    ]
  },
  {
    "strName": "ItmKioskCargo01MVOL",
    "strNameShort": "Киоск",
    "strNameFriendly": "Грузовой терминал (MVOL)",
    "strCOBase": "ItmKioskCargo01",
    "strCondLoot": "CNDOLKioskCargo01",
    "mapGUIPropMaps": [
      "Panel A",
      "BulkTrade",
      "Panel Right",
      "BulkTraderInventory",
      "Trade",
      "BulkTrade",
      "Trader",
      "TraderMVOLCargoKiosk"
    ]
  },
  {
    "strName": "ItmKioskCargo01OKLG",
    "strNameShort": "Киоск",
    "strNameFriendly": "Грузовой терминал (OKLG)",
    "strCOBase": "ItmKioskCargo01",
    "strCondLoot": "CNDOLKioskCargo01",
    "mapGUIPropMaps": [
      "Panel A",
      "BulkTrade",
      "Panel Right",
      "BulkTraderInventory",
      "Trade",
      "BulkTrade",
      "Trader",
      "TraderOKLGCargoKiosk"
    ]
  },
  {
    "strName": "ItmKioskCargo01OFLT",
    "strNameShort": "Киоск",
    "strNameFriendly": "Грузовой терминал (OFLT)",
    "strCOBase": "ItmKioskCargo01",
    "strCondLoot": "CNDOLKioskCargo01",
    "mapGUIPropMaps": [
      "Panel A",
      "BulkTrade",
      "Panel Right",
      "BulkTraderInventory",
      "Trade",
      "BulkTrade",
      "Trader",
      "TraderOFLTCargoKiosk"
    ]
  },
  {
    "strName": "ItmKioskCargo01SVIR",
    "strNameShort": "Киоск",
    "strNameFriendly": "Грузовой терминал (SVIR)",
    "strCOBase": "ItmKioskCargo01",
    "strCondLoot": "CNDOLKioskCargo01",
    "mapGUIPropMaps": [
      "Panel A",
      "BulkTrade",
      "Panel Right",
      "BulkTraderInventory",
      "Trade",
      "BulkTrade",
      "Trader",
      "TraderSVIRCargoKiosk"
    ]
  },
  {
    "strName": "ItmKioskCargo01VCBR",
    "strNameShort": "Киоск",
    "strNameFriendly": "Грузовой терминал (VCBR)",
    "strCOBase": "ItmKioskCargo01",
    "strCondLoot": "CNDOLKioskCargo01",
    "mapGUIPropMaps": [
      "Panel A",
      "BulkTrade",
      "Panel Right",
      "BulkTraderInventory",
      "Trade",
      "BulkTrade",
      "Trader",
      "TraderVCBRCargoKiosk"
    ]
  },
  {
    "strName": "ItmKioskCargo01VENC",
    "strNameShort": "Киоск",
    "strNameFriendly": "Грузовой терминал (VENC)",
    "strCOBase": "ItmKioskCargo01",
    "strCondLoot": "CNDOLKioskCargo01",
    "mapGUIPropMaps": [
      "Panel A",
      "BulkTrade",
      "Panel Right",
      "BulkTraderInventory",
      "Trade",
      "BulkTrade",
      "Trader",
      "TraderVENCCargoKiosk"
    ]
  },
  {
    "strName": "ItmKioskCargo01VNCA",
    "strNameShort": "Киоск",
    "strNameFriendly": "Грузовой терминал (VNCA)",
    "strCOBase": "ItmKioskCargo01",
    "strCondLoot": "CNDOLKioskCargo01",
    "mapGUIPropMaps": [
      "Panel A",
      "BulkTrade",
      "Panel Right",
      "BulkTraderInventory",
      "Trade",
      "BulkTrade",
      "Trader",
      "TraderVNCACargoKiosk"
    ]
  },
  {
    "strName": "ItmKioskCargo01VORB",
    "strNameShort": "Киоск",
    "strNameFriendly": "Грузовой терминал (VORB)",
    "strCOBase": "ItmKioskCargo01",
    "strCondLoot": "CNDOLKioskCargo01",
    "mapGUIPropMaps": [
      "Panel A",
      "BulkTrade",
      "Panel Right",
      "BulkTraderInventory",
      "Trade",
      "BulkTrade",
      "Trader",
      "TraderVORBCargoKiosk"
    ]
  }
]