[
	{
		"strName" : "ItmCargoPod02",
		"strImg" : "containers/ItmCargoPod02",
		"strImgNorm" : "containers/ItmCargoPod01n",
		"strPortraitImg" : "containers/ItmCargoPod02",
		"strCOBase"	: "ItmCargoPod01",
		"strCondLoot"	: "CNDOLCargoPod02",
		"mapModeSwitches"	: [
			"ItmCargoPod01", "ItmCargoPod02",
			"ItmCargoPod01Loose", "ItmCargoPod02Loose",
			"ItmCargoPod01Dmg", "ItmCargoPod02Dmg",
			"ItmCargoPod01DmgLoose", "ItmCargoPod02DmgLoose"
		]
	},
	{
		"strName" : "ItmCargoPod02Loose",
		"strImg" : "containers/ItmCargoPod02Loose",
		"strImgNorm" : "containers/ItmCargoPod01Loosen",
		"strPortraitImg" : "containers/ItmCargoPod02Loose",
		"strCOBase"	: "ItmCargoPod01Loose",
		"strCondLoot"	: "CNDOLCargoPod02",
		"mapSlotEffects" : [
			"drag", "Blank"
		],
		"mapModeSwitches"	: [
			"ItmCargoPod01", "ItmCargoPod02",
			"ItmCargoPod01Loose", "ItmCargoPod02Loose",
			"ItmCargoPod01Dmg", "ItmCargoPod02Dmg",
			"ItmCargoPod01DmgLoose", "ItmCargoPod02DmgLoose"
		]
	},
	{
		"strName" : "ItmCargoPod03",
		"strImg" : "containers/ItmCargoPod03",
		"strImgNorm" : "containers/ItmCargoPod01n",
		"strPortraitImg" : "containers/ItmCargoPod03",
		"strCOBase"	: "ItmCargoPod01",
		"strCondLoot"	: "CNDOLCargoPod03",
		"mapModeSwitches"	: [
			"ItmCargoPod01", "ItmCargoPod03",
			"ItmCargoPod01Loose", "ItmCargoPod03Loose",
			"ItmCargoPod01Dmg", "ItmCargoPod03Dmg",
			"ItmCargoPod01DmgLoose", "ItmCargoPod03DmgLoose"
		]
	},
	{
		"strName" : "ItmCargoPod03Loose",
		"strImg" : "containers/ItmCargoPod03Loose",
		"strImgNorm" : "containers/ItmCargoPod01Loosen",
		"strPortraitImg" : "containers/ItmCargoPod03Loose",
		"strCOBase"	: "ItmCargoPod01Loose",
		"strCondLoot"	: "CNDOLCargoPod03",
		"mapSlotEffects" : [
			"drag", "Blank"
		],
		"mapModeSwitches"	: [
			"ItmCargoPod01", "ItmCargoPod03",
			"ItmCargoPod01Loose", "ItmCargoPod03Loose",
			"ItmCargoPod01Dmg", "ItmCargoPod03Dmg",
			"ItmCargoPod01DmgLoose", "ItmCargoPod03DmgLoose"
		]
	},
	{
		"strName" : "ItmCargoPod04",
		"strImg" : "containers/ItmCargoPod04",
		"strImgNorm" : "containers/ItmCargoPod01n",
		"strPortraitImg" : "containers/ItmCargoPod04",
		"strCOBase"	: "ItmCargoPod01",
		"strCondLoot"	: "CNDOLCargoPod04",
		"mapModeSwitches"	: [
			"ItmCargoPod01", "ItmCargoPod04",
			"ItmCargoPod01Loose", "ItmCargoPod04Loose",
			"ItmCargoPod01Dmg", "ItmCargoPod04Dmg",
			"ItmCargoPod01DmgLoose", "ItmCargoPod04DmgLoose"
		]
	},
	{
		"strName" : "ItmCargoPod04Loose",
		"strImg" : "containers/ItmCargoPod04Loose",
		"strImgNorm" : "containers/ItmCargoPod01Loosen",
		"strPortraitImg" : "containers/ItmCargoPod04Loose",
		"strCOBase"	: "ItmCargoPod01Loose",
		"strCondLoot"	: "CNDOLCargoPod04",
		"mapSlotEffects" : [
			"drag", "Blank"
		],
		"mapModeSwitches"	: [
			"ItmCargoPod01", "ItmCargoPod04",
			"ItmCargoPod01Loose", "ItmCargoPod04Loose",
			"ItmCargoPod01Dmg", "ItmCargoPod04Dmg",
			"ItmCargoPod01DmgLoose", "ItmCargoPod04DmgLoose"
		]
	},
	{
		"strName" : "ItmCargoPod05",
		"strImg" : "containers/ItmCargoPod05",
		"strImgNorm" : "containers/ItmCargoPod01n",
		"strPortraitImg" : "containers/ItmCargoPod05",
		"strCOBase"	: "ItmCargoPod01",
		"strCondLoot"	: "CNDOLCargoPod05",
		"mapModeSwitches"	: [
			"ItmCargoPod01", "ItmCargoPod05",
			"ItmCargoPod01Loose", "ItmCargoPod05Loose",
			"ItmCargoPod01Dmg", "ItmCargoPod05Dmg",
			"ItmCargoPod01DmgLoose", "ItmCargoPod05DmgLoose"
		]
	},
	{
		"strName" : "ItmCargoPod05Loose",
		"strImg" : "containers/ItmCargoPod05Loose",
		"strImgNorm" : "containers/ItmCargoPod01Loosen",
		"strPortraitImg" : "containers/ItmCargoPod05Loose",
		"strCOBase"	: "ItmCargoPod01Loose",
		"strCondLoot"	: "CNDOLCargoPod05",
		"mapSlotEffects" : [
			"drag", "Blank"
		],
		"mapModeSwitches"	: [
			"ItmCargoPod01", "ItmCargoPod05",
			"ItmCargoPod01Loose", "ItmCargoPod05Loose",
			"ItmCargoPod01Dmg", "ItmCargoPod05Dmg",
			"ItmCargoPod01DmgLoose", "ItmCargoPod05DmgLoose"
		]
	},
	{
		"strName" : "ItmCargoPod06",
		"strImg" : "containers/ItmCargoPod06",
		"strImgNorm" : "containers/ItmCargoPod01n",
		"strPortraitImg" : "containers/ItmCargoPod06",
		"strCOBase"	: "ItmCargoPod01",
		"strCondLoot"	: "CNDOLCargoPod06",
		"mapModeSwitches"	: [
			"ItmCargoPod01", "ItmCargoPod06",
			"ItmCargoPod01Loose", "ItmCargoPod06Loose",
			"ItmCargoPod01Dmg", "ItmCargoPod06Dmg",
			"ItmCargoPod01DmgLoose", "ItmCargoPod06DmgLoose"
		]
	},
	{
		"strName" : "ItmCargoPod06Loose",
		"strImg" : "containers/ItmCargoPod06Loose",
		"strImgNorm" : "containers/ItmCargoPod01Loosen",
		"strPortraitImg" : "containers/ItmCargoPod06Loose",
		"strCOBase"	: "ItmCargoPod01Loose",
		"strCondLoot"	: "CNDOLCargoPod06",
		"mapSlotEffects" : [
			"drag", "Blank"
		],
		"mapModeSwitches"	: [
			"ItmCargoPod01", "ItmCargoPod06",
			"ItmCargoPod01Loose", "ItmCargoPod06Loose",
			"ItmCargoPod01Dmg", "ItmCargoPod06Dmg",
			"ItmCargoPod01DmgLoose", "ItmCargoPod06DmgLoose"
		]
	},
	{
		"strName" : "ItmCargoPod07",
		"strImg" : "containers/ItmCargoPod07",
		"strImgNorm" : "containers/ItmCargoPod01n",
		"strPortraitImg" : "containers/ItmCargoPod07",
		"strCOBase"	: "ItmCargoPod01",
		"strCondLoot"	: "CNDOLCargoPod07",
		"mapModeSwitches"	: [
			"ItmCargoPod01", "ItmCargoPod07",
			"ItmCargoPod01Loose", "ItmCargoPod07Loose",
			"ItmCargoPod01Dmg", "ItmCargoPod07Dmg",
			"ItmCargoPod01DmgLoose", "ItmCargoPod07DmgLoose"
		]
	},
	{
		"strName" : "ItmCargoPod07Loose",
		"strImg" : "containers/ItmCargoPod07Loose",
		"strImgNorm" : "containers/ItmCargoPod01Loosen",
		"strPortraitImg" : "containers/ItmCargoPod07Loose",
		"strCOBase"	: "ItmCargoPod01Loose",
		"strCondLoot"	: "CNDOLCargoPod07",
		"mapSlotEffects" : [
			"drag", "Blank"
		],
		"mapModeSwitches"	: [
			"ItmCargoPod01", "ItmCargoPod07",
			"ItmCargoPod01Loose", "ItmCargoPod07Loose",
			"ItmCargoPod01Dmg", "ItmCargoPod07Dmg",
			"ItmCargoPod01DmgLoose", "ItmCargoPod07DmgLoose"
		]
	},
	{
		"strName" : "ItmCargoPod08",
		"strImg" : "containers/ItmCargoPod08",
		"strImgNorm" : "containers/ItmCargoPod01n",
		"strPortraitImg" : "containers/ItmCargoPod08",
		"strCOBase"	: "ItmCargoPod01",
		"strCondLoot"	: "CNDOLCargoPod08",
		"mapModeSwitches"	: [
			"ItmCargoPod01", "ItmCargoPod08",
			"ItmCargoPod01Loose", "ItmCargoPod08Loose",
			"ItmCargoPod01Dmg", "ItmCargoPod08Dmg",
			"ItmCargoPod01DmgLoose", "ItmCargoPod08DmgLoose"
		]
	},
	{
		"strName" : "ItmCargoPod08Loose",
		"strImg" : "containers/ItmCargoPod08Loose",
		"strImgNorm" : "containers/ItmCargoPod01Loosen",
		"strPortraitImg" : "containers/ItmCargoPod08Loose",
		"strCOBase"	: "ItmCargoPod01Loose",
		"strCondLoot"	: "CNDOLCargoPod08",
		"mapSlotEffects" : [
			"drag", "Blank"
		],
		"mapModeSwitches"	: [
			"ItmCargoPod01", "ItmCargoPod08",
			"ItmCargoPod01Loose", "ItmCargoPod08Loose",
			"ItmCargoPod01Dmg", "ItmCargoPod08Dmg",
			"ItmCargoPod01DmgLoose", "ItmCargoPod08DmgLoose"
		]
	},
	{
		"strName" : "ItmCargoPod09",
		"strImg" : "containers/ItmCargoPod09",
		"strImgNorm" : "containers/ItmCargoPod01n",
		"strPortraitImg" : "containers/ItmCargoPod09",
		"strCOBase"	: "ItmCargoPod01",
		"strCondLoot"	: "CNDOLCargoPod09",
		"mapModeSwitches"	: [
			"ItmCargoPod01", "ItmCargoPod09",
			"ItmCargoPod01Loose", "ItmCargoPod09Loose",
			"ItmCargoPod01Dmg", "ItmCargoPod09Dmg",
			"ItmCargoPod01DmgLoose", "ItmCargoPod09DmgLoose"
		]
	},
	{
		"strName" : "ItmCargoPod09Loose",
		"strImg" : "containers/ItmCargoPod09Loose",
		"strImgNorm" : "containers/ItmCargoPod01Loosen",
		"strPortraitImg" : "containers/ItmCargoPod09Loose",
		"strCOBase"	: "ItmCargoPod01Loose",
		"strCondLoot"	: "CNDOLCargoPod09",
		"mapSlotEffects" : [
			"drag", "Blank"
		],
		"mapModeSwitches"	: [
			"ItmCargoPod01", "ItmCargoPod09",
			"ItmCargoPod01Loose", "ItmCargoPod09Loose",
			"ItmCargoPod01Dmg", "ItmCargoPod09Dmg",
			"ItmCargoPod01DmgLoose", "ItmCargoPod09DmgLoose"
		]
	},
	{
		"strName" : "ItmCargoPod10",
		"strImg" : "containers/ItmCargoPod10",
		"strImgNorm" : "containers/ItmCargoPod01n",
		"strPortraitImg" : "containers/ItmCargoPod10",
		"strCOBase"	: "ItmCargoPod01",
		"strCondLoot"	: "CNDOLCargoPod10",
		"mapModeSwitches"	: [
			"ItmCargoPod01", "ItmCargoPod10",
			"ItmCargoPod01Loose", "ItmCargoPod10Loose",
			"ItmCargoPod01Dmg", "ItmCargoPod10Dmg",
			"ItmCargoPod01DmgLoose", "ItmCargoPod10DmgLoose"
		]
	},
	{
		"strName" : "ItmCargoPod10Loose",
		"strImg" : "containers/ItmCargoPod10Loose",
		"strImgNorm" : "containers/ItmCargoPod01Loosen",
		"strPortraitImg" : "containers/ItmCargoPod10Loose",
		"strCOBase"	: "ItmCargoPod01Loose",
		"strCondLoot"	: "CNDOLCargoPod10",
		"mapSlotEffects" : [
			"drag", "Blank"
		],
		"mapModeSwitches"	: [
			"ItmCargoPod01", "ItmCargoPod10",
			"ItmCargoPod01Loose", "ItmCargoPod10Loose",
			"ItmCargoPod01Dmg", "ItmCargoPod10Dmg",
			"ItmCargoPod01DmgLoose", "ItmCargoPod10DmgLoose"
		]
	},
	{
		"strName" : "ItmCargoPod11",
		"strImg" : "containers/ItmCargoPod11",
		"strImgNorm" : "containers/ItmCargoPod01n",
		"strPortraitImg" : "containers/ItmCargoPod11",
		"strCOBase"	: "ItmCargoPod01",
		"strCondLoot"	: "CNDOLCargoPod11",
		"mapModeSwitches"	: [
			"ItmCargoPod01", "ItmCargoPod11",
			"ItmCargoPod01Loose", "ItmCargoPod11Loose",
			"ItmCargoPod01Dmg", "ItmCargoPod11Dmg",
			"ItmCargoPod01DmgLoose", "ItmCargoPod11DmgLoose"
		]
	},
	{
		"strName" : "ItmCargoPod11Loose",
		"strImg" : "containers/ItmCargoPod11Loose",
		"strImgNorm" : "containers/ItmCargoPod01Loosen",
		"strPortraitImg" : "containers/ItmCargoPod11Loose",
		"strCOBase"	: "ItmCargoPod01Loose",
		"strCondLoot"	: "CNDOLCargoPod11",
		"mapSlotEffects" : [
			"drag", "Blank"
		],
		"mapModeSwitches"	: [
			"ItmCargoPod01", "ItmCargoPod11",
			"ItmCargoPod01Loose", "ItmCargoPod11Loose",
			"ItmCargoPod01Dmg", "ItmCargoPod11Dmg",
			"ItmCargoPod01DmgLoose", "ItmCargoPod11DmgLoose"
		]
	},
	{
		"strName" : "ItmCargoPodClimate02",
		"strImg" : "containers/ItmCargoPodClimate02",
		"strImgNorm" : "containers/ItmCargoPodClimate01n",
		"strPortraitImg" : "containers/ItmCargoPodClimate02",
		"strCOBase"	: "ItmCargoPodClimate01",
		"strCondLoot"	: "CNDOLCargoPodClimate02",
		"mapModeSwitches"	: [
			"ItmCargoPodClimate01", "ItmCargoPodClimate02",
			"ItmCargoPodClimate01Loose", "ItmCargoPodClimate02Loose",
			"ItmCargoPodClimate01Dmg", "ItmCargoPodClimate02Dmg",
			"ItmCargoPodClimate01DmgLoose", "ItmCargoPodClimate02DmgLoose"
		]
	},
	{
		"strName" : "ItmCargoPodClimate02Loose",
		"strImg" : "containers/ItmCargoPodClimate02Loose",
		"strImgNorm" : "containers/ItmCargoPodClimate01Loosen",
		"strPortraitImg" : "containers/ItmCargoPodClimate02Loose",
		"strCOBase"	: "ItmCargoPodClimate01Loose",
		"strCondLoot"	: "CNDOLCargoPodClimate02",
		"mapSlotEffects" : [
			"drag", "Blank"
		],
		"mapModeSwitches"	: [
			"ItmCargoPodClimate01", "ItmCargoPodClimate02",
			"ItmCargoPodClimate01Loose", "ItmCargoPodClimate02Loose",
			"ItmCargoPodClimate01Dmg", "ItmCargoPodClimate02Dmg",
			"ItmCargoPodClimate01DmgLoose", "ItmCargoPodClimate02DmgLoose"
		]
	},
	{
		"strName" : "ItmCargoPodClimate03",
		"strImg" : "containers/ItmCargoPodClimate03",
		"strImgNorm" : "containers/ItmCargoPodClimate01n",
		"strPortraitImg" : "containers/ItmCargoPodClimate03",
		"strCOBase"	: "ItmCargoPodClimate01",
		"strCondLoot"	: "CNDOLCargoPodClimate02",
		"mapModeSwitches"	: [
			"ItmCargoPodClimate01", "ItmCargoPodClimate03",
			"ItmCargoPodClimate01Loose", "ItmCargoPodClimate03Loose",
			"ItmCargoPodClimate01Dmg", "ItmCargoPodClimate03Dmg",
			"ItmCargoPodClimate01DmgLoose", "ItmCargoPodClimate03DmgLoose"
		]
	},
	{
		"strName" : "ItmCargoPodClimate03Loose",
		"strImg" : "containers/ItmCargoPodClimate03Loose",
		"strImgNorm" : "containers/ItmCargoPodClimate01Loosen",
		"strPortraitImg" : "containers/ItmCargoPodClimate03Loose",
		"strCOBase"	: "ItmCargoPodClimate01Loose",
		"strCondLoot"	: "CNDOLCargoPodClimate03",
		"mapSlotEffects" : [
			"drag", "Blank"
		],
		"mapModeSwitches"	: [
			"ItmCargoPodClimate01", "ItmCargoPodClimate03",
			"ItmCargoPodClimate01Loose", "ItmCargoPodClimate03Loose",
			"ItmCargoPodClimate01Dmg", "ItmCargoPodClimate03Dmg",
			"ItmCargoPodClimate01DmgLoose", "ItmCargoPodClimate03DmgLoose"
		]
	},
	{
		"strName" : "ItmCargoPodClimate04",
		"strImg" : "containers/ItmCargoPodClimate04",
		"strImgNorm" : "containers/ItmCargoPodClimate01n",
		"strPortraitImg" : "containers/ItmCargoPodClimate04",
		"strCOBase"	: "ItmCargoPodClimate01",
		"strCondLoot"	: "CNDOLCargoPodClimate02",
		"mapModeSwitches"	: [
			"ItmCargoPodClimate01", "ItmCargoPodClimate04",
			"ItmCargoPodClimate01Loose", "ItmCargoPodClimate04Loose",
			"ItmCargoPodClimate01Dmg", "ItmCargoPodClimate04Dmg",
			"ItmCargoPodClimate01DmgLoose", "ItmCargoPodClimate04DmgLoose"
		]
	},
	{
		"strName" : "ItmCargoPodClimate04Loose",
		"strImg" : "containers/ItmCargoPodClimate04Loose",
		"strImgNorm" : "containers/ItmCargoPodClimate01Loosen",
		"strPortraitImg" : "containers/ItmCargoPodClimate04Loose",
		"strCOBase"	: "ItmCargoPodClimate01Loose",
		"strCondLoot"	: "CNDOLCargoPodClimate04",
		"mapSlotEffects" : [
			"drag", "Blank"
		],
		"mapModeSwitches"	: [
			"ItmCargoPodClimate01", "ItmCargoPodClimate04",
			"ItmCargoPodClimate01Loose", "ItmCargoPodClimate04Loose",
			"ItmCargoPodClimate01Dmg", "ItmCargoPodClimate04Dmg",
			"ItmCargoPodClimate01DmgLoose", "ItmCargoPodClimate04DmgLoose"
		]
	},
	{
		"strName" : "ItmCargoPodClimate05",
		"strImg" : "containers/ItmCargoPodClimate05",
		"strImgNorm" : "containers/ItmCargoPodClimate01n",
		"strPortraitImg" : "containers/ItmCargoPodClimate05",
		"strCOBase"	: "ItmCargoPodClimate01",
		"strCondLoot"	: "CNDOLCargoPodClimate02",
		"mapModeSwitches"	: [
			"ItmCargoPodClimate01", "ItmCargoPodClimate05",
			"ItmCargoPodClimate01Loose", "ItmCargoPodClimate05Loose",
			"ItmCargoPodClimate01Dmg", "ItmCargoPodClimate05Dmg",
			"ItmCargoPodClimate01DmgLoose", "ItmCargoPodClimate05DmgLoose"
		]
	},
	{
		"strName" : "ItmCargoPodClimate05Loose",
		"strImg" : "containers/ItmCargoPodClimate05Loose",
		"strImgNorm" : "containers/ItmCargoPodClimate01Loosen",
		"strPortraitImg" : "containers/ItmCargoPodClimate05Loose",
		"strCOBase"	: "ItmCargoPodClimate01Loose",
		"strCondLoot"	: "CNDOLCargoPodClimate05",
		"mapSlotEffects" : [
			"drag", "Blank"
		],
		"mapModeSwitches"	: [
			"ItmCargoPodClimate01", "ItmCargoPodClimate05",
			"ItmCargoPodClimate01Loose", "ItmCargoPodClimate05Loose",
			"ItmCargoPodClimate01Dmg", "ItmCargoPodClimate05Dmg",
			"ItmCargoPodClimate01DmgLoose", "ItmCargoPodClimate05DmgLoose"
		]
	},
	{
		"strName" : "ItmCargoPodClimate06",
		"strImg" : "containers/ItmCargoPodClimate06",
		"strImgNorm" : "containers/ItmCargoPodClimate01n",
		"strPortraitImg" : "containers/ItmCargoPodClimate06",
		"strCOBase"	: "ItmCargoPodClimate01",
		"strCondLoot"	: "CNDOLCargoPodClimate02",
		"mapModeSwitches"	: [
			"ItmCargoPodClimate01", "ItmCargoPodClimate06",
			"ItmCargoPodClimate01Loose", "ItmCargoPodClimate06Loose",
			"ItmCargoPodClimate01Dmg", "ItmCargoPodClimate06Dmg",
			"ItmCargoPodClimate01DmgLoose", "ItmCargoPodClimate06DmgLoose"
		]
	},
	{
		"strName" : "ItmCargoPodClimate06Loose",
		"strImg" : "containers/ItmCargoPodClimate06Loose",
		"strImgNorm" : "containers/ItmCargoPodClimate01Loosen",
		"strPortraitImg" : "containers/ItmCargoPodClimate06Loose",
		"strCOBase"	: "ItmCargoPodClimate01Loose",
		"strCondLoot"	: "CNDOLCargoPodClimate06",
		"mapSlotEffects" : [
			"drag", "Blank"
		],
		"mapModeSwitches"	: [
			"ItmCargoPodClimate01", "ItmCargoPodClimate06",
			"ItmCargoPodClimate01Loose", "ItmCargoPodClimate06Loose",
			"ItmCargoPodClimate01Dmg", "ItmCargoPodClimate06Dmg",
			"ItmCargoPodClimate01DmgLoose", "ItmCargoPodClimate06DmgLoose"
		]
	},
	{
		"strName" : "ItmCargoPodClimate07",
		"strImg" : "containers/ItmCargoPodClimate07",
		"strImgNorm" : "containers/ItmCargoPodClimate01n",
		"strPortraitImg" : "containers/ItmCargoPodClimate07",
		"strCOBase"	: "ItmCargoPodClimate01",
		"strCondLoot"	: "CNDOLCargoPodClimate02",
		"mapModeSwitches"	: [
			"ItmCargoPodClimate01", "ItmCargoPodClimate07",
			"ItmCargoPodClimate01Loose", "ItmCargoPodClimate07Loose",
			"ItmCargoPodClimate01Dmg", "ItmCargoPodClimate07Dmg",
			"ItmCargoPodClimate01DmgLoose", "ItmCargoPodClimate07DmgLoose"
		]
	},
	{
		"strName" : "ItmCargoPodClimate07Loose",
		"strImg" : "containers/ItmCargoPodClimate07Loose",
		"strImgNorm" : "containers/ItmCargoPodClimate01Loosen",
		"strPortraitImg" : "containers/ItmCargoPodClimate07Loose",
		"strCOBase"	: "ItmCargoPodClimate01Loose",
		"strCondLoot"	: "CNDOLCargoPodClimate07",
		"mapSlotEffects" : [
			"drag", "Blank"
		],
		"mapModeSwitches"	: [
			"ItmCargoPodClimate01", "ItmCargoPodClimate07",
			"ItmCargoPodClimate01Loose", "ItmCargoPodClimate07Loose",
			"ItmCargoPodClimate01Dmg", "ItmCargoPodClimate07Dmg",
			"ItmCargoPodClimate01DmgLoose", "ItmCargoPodClimate07DmgLoose"
		]
	},
	{
		"strName" : "ItmCargoPodClimate08",
		"strImg" : "containers/ItmCargoPodClimate08",
		"strImgNorm" : "containers/ItmCargoPodClimate01n",
		"strPortraitImg" : "containers/ItmCargoPodClimate08",
		"strCOBase"	: "ItmCargoPodClimate01",
		"strCondLoot"	: "CNDOLCargoPodClimate02",
		"mapModeSwitches"	: [
			"ItmCargoPodClimate01", "ItmCargoPodClimate08",
			"ItmCargoPodClimate01Loose", "ItmCargoPodClimate08Loose",
			"ItmCargoPodClimate01Dmg", "ItmCargoPodClimate08Dmg",
			"ItmCargoPodClimate01DmgLoose", "ItmCargoPodClimate08DmgLoose"
		]
	},
	{
		"strName" : "ItmCargoPodClimate08Loose",
		"strImg" : "containers/ItmCargoPodClimate08Loose",
		"strImgNorm" : "containers/ItmCargoPodClimate01Loosen",
		"strPortraitImg" : "containers/ItmCargoPodClimate08Loose",
		"strCOBase"	: "ItmCargoPodClimate01Loose",
		"strCondLoot"	: "CNDOLCargoPodClimate08",
		"mapSlotEffects" : [
			"drag", "Blank"
		],
		"mapModeSwitches"	: [
			"ItmCargoPodClimate01", "ItmCargoPodClimate08",
			"ItmCargoPodClimate01Loose", "ItmCargoPodClimate08Loose",
			"ItmCargoPodClimate01Dmg", "ItmCargoPodClimate08Dmg",
			"ItmCargoPodClimate01DmgLoose", "ItmCargoPodClimate08DmgLoose"
		]
	},
	{
		"strName" : "ItmCargoPodClimate09",
		"strImg" : "containers/ItmCargoPodClimate09",
		"strImgNorm" : "containers/ItmCargoPodClimate01n",
		"strPortraitImg" : "containers/ItmCargoPodClimate09",
		"strCOBase"	: "ItmCargoPodClimate01",
		"strCondLoot"	: "CNDOLCargoPodClimate02",
		"mapModeSwitches"	: [
			"ItmCargoPodClimate01", "ItmCargoPodClimate09",
			"ItmCargoPodClimate01Loose", "ItmCargoPodClimate09Loose",
			"ItmCargoPodClimate01Dmg", "ItmCargoPodClimate09Dmg",
			"ItmCargoPodClimate01DmgLoose", "ItmCargoPodClimate09DmgLoose"
		]
	},
	{
		"strName" : "ItmCargoPodClimate09Loose",
		"strImg" : "containers/ItmCargoPodClimate09Loose",
		"strImgNorm" : "containers/ItmCargoPodClimate01Loosen",
		"strPortraitImg" : "containers/ItmCargoPodClimate09Loose",
		"strCOBase"	: "ItmCargoPodClimate01Loose",
		"strCondLoot"	: "CNDOLCargoPodClimate09",
		"mapSlotEffects" : [
			"drag", "Blank"
		],
		"mapModeSwitches"	: [
			"ItmCargoPodClimate01", "ItmCargoPodClimate09",
			"ItmCargoPodClimate01Loose", "ItmCargoPodClimate09Loose",
			"ItmCargoPodClimate01Dmg", "ItmCargoPodClimate09Dmg",
			"ItmCargoPodClimate01DmgLoose", "ItmCargoPodClimate09DmgLoose"
		]
	},
	{
		"strName" : "ItmCargoPodClimate10",
		"strImg" : "containers/ItmCargoPodClimate10",
		"strImgNorm" : "containers/ItmCargoPodClimate01n",
		"strPortraitImg" : "containers/ItmCargoPodClimate10",
		"strCOBase"	: "ItmCargoPodClimate01",
		"strCondLoot"	: "CNDOLCargoPodClimate02",
		"mapModeSwitches"	: [
			"ItmCargoPodClimate01", "ItmCargoPodClimate10",
			"ItmCargoPodClimate01Loose", "ItmCargoPodClimate10Loose",
			"ItmCargoPodClimate01Dmg", "ItmCargoPodClimate10Dmg",
			"ItmCargoPodClimate01DmgLoose", "ItmCargoPodClimate10DmgLoose"
		]
	},
	{
		"strName" : "ItmCargoPodClimate10Loose",
		"strImg" : "containers/ItmCargoPodClimate10Loose",
		"strImgNorm" : "containers/ItmCargoPodClimate01Loosen",
		"strPortraitImg" : "containers/ItmCargoPodClimate10Loose",
		"strCOBase"	: "ItmCargoPodClimate01Loose",
		"strCondLoot"	: "CNDOLCargoPodClimate10",
		"mapSlotEffects" : [
			"drag", "Blank"
		],
		"mapModeSwitches"	: [
			"ItmCargoPodClimate01", "ItmCargoPodClimate10",
			"ItmCargoPodClimate01Loose", "ItmCargoPodClimate10Loose",
			"ItmCargoPodClimate01Dmg", "ItmCargoPodClimate10Dmg",
			"ItmCargoPodClimate01DmgLoose", "ItmCargoPodClimate10DmgLoose"
		]
	},
	{
		"strName" : "ItmCargoPodClimate11",
		"strImg" : "containers/ItmCargoPodClimate11",
		"strImgNorm" : "containers/ItmCargoPodClimate01n",
		"strPortraitImg" : "containers/ItmCargoPodClimate11",
		"strCOBase"	: "ItmCargoPodClimate01",
		"strCondLoot"	: "CNDOLCargoPodClimate02",
		"mapModeSwitches"	: [
			"ItmCargoPodClimate01", "ItmCargoPodClimate11",
			"ItmCargoPodClimate01Loose", "ItmCargoPodClimate11Loose",
			"ItmCargoPodClimate01Dmg", "ItmCargoPodClimate11Dmg",
			"ItmCargoPodClimate01DmgLoose", "ItmCargoPodClimate11DmgLoose"
		]
	},
	{
		"strName" : "ItmCargoPodClimate11Loose",
		"strImg" : "containers/ItmCargoPodClimate11Loose",
		"strImgNorm" : "containers/ItmCargoPodClimate01Loosen",
		"strPortraitImg" : "containers/ItmCargoPodClimate11Loose",
		"strCOBase"	: "ItmCargoPodClimate01Loose",
		"strCondLoot"	: "CNDOLCargoPodClimate11",
		"mapSlotEffects" : [
			"drag", "Blank"
		],
		"mapModeSwitches"	: [
			"ItmCargoPodClimate01", "ItmCargoPodClimate11",
			"ItmCargoPodClimate01Loose", "ItmCargoPodClimate11Loose",
			"ItmCargoPodClimate01Dmg", "ItmCargoPodClimate11Dmg",
			"ItmCargoPodClimate01DmgLoose", "ItmCargoPodClimate11DmgLoose"
		]
	},
	{
		"strName" : "ItmCargoPodRad02",
		"strImg" : "containers/ItmCargoPodRad02",
		"strImgNorm" : "containers/ItmCargoPodRad01n",
		"strPortraitImg" : "containers/ItmCargoPodRad02",
		"strCOBase"	: "ItmCargoPodRad01",
		"strCondLoot"	: "CNDOLCargoPodRad02",
		"mapModeSwitches"	: [
			"ItmCargoPodRad01", "ItmCargoPodRad02",
			"ItmCargoPodRad01Loose", "ItmCargoPodRad02Loose",
			"ItmCargoPodRad01Dmg", "ItmCargoPodRad02Dmg",
			"ItmCargoPodRad01DmgLoose", "ItmCargoPodRad02DmgLoose"
		]
	},
	{
		"strName" : "ItmCargoPodRad02Loose",
		"strImg" : "containers/ItmCargoPodRad02Loose",
		"strImgNorm" : "containers/ItmCargoPodRad01Loosen",
		"strPortraitImg" : "containers/ItmCargoPodRad02Loose",
		"strCOBase"	: "ItmCargoPodRad01Loose",
		"strCondLoot"	: "CNDOLCargoPodRad02",
		"mapSlotEffects" : [
			"drag", "Blank"
		],
		"mapModeSwitches"	: [
			"ItmCargoPodRad01", "ItmCargoPodRad02",
			"ItmCargoPodRad01Loose", "ItmCargoPodRad02Loose",
			"ItmCargoPodRad01Dmg", "ItmCargoPodRad02Dmg",
			"ItmCargoPodRad01DmgLoose", "ItmCargoPodRad02DmgLoose"
		]
	},
	{
		"strName" : "ItmCargoPodRad03",
		"strImg" : "containers/ItmCargoPodRad03",
		"strImgNorm" : "containers/ItmCargoPodRad01n",
		"strPortraitImg" : "containers/ItmCargoPodRad03",
		"strCOBase"	: "ItmCargoPodRad01",
		"strCondLoot"	: "CNDOLCargoPodRad03",
		"mapModeSwitches"	: [
			"ItmCargoPodRad01", "ItmCargoPodRad03",
			"ItmCargoPodRad01Loose", "ItmCargoPodRad03Loose",
			"ItmCargoPodRad01Dmg", "ItmCargoPodRad03Dmg",
			"ItmCargoPodRad01DmgLoose", "ItmCargoPodRad03DmgLoose"
		]
	},
	{
		"strName" : "ItmCargoPodRad03Loose",
		"strImg" : "containers/ItmCargoPodRad03Loose",
		"strImgNorm" : "containers/ItmCargoPodRad01Loosen",
		"strPortraitImg" : "containers/ItmCargoPodRad03Loose",
		"strCOBase"	: "ItmCargoPodRad01Loose",
		"strCondLoot"	: "CNDOLCargoPodRad03",
		"mapSlotEffects" : [
			"drag", "Blank"
		],
		"mapModeSwitches"	: [
			"ItmCargoPodRad01", "ItmCargoPodRad03",
			"ItmCargoPodRad01Loose", "ItmCargoPodRad03Loose",
			"ItmCargoPodRad01Dmg", "ItmCargoPodRad03Dmg",
			"ItmCargoPodRad01DmgLoose", "ItmCargoPodRad03DmgLoose"
		]
	},
	{
		"strName" : "ItmCargoPodRad04",
		"strImg" : "containers/ItmCargoPodRad04",
		"strImgNorm" : "containers/ItmCargoPodRad01n",
		"strPortraitImg" : "containers/ItmCargoPodRad04",
		"strCOBase"	: "ItmCargoPodRad01",
		"strCondLoot"	: "CNDOLCargoPodRad04",
		"mapModeSwitches"	: [
			"ItmCargoPodRad01", "ItmCargoPodRad04",
			"ItmCargoPodRad01Loose", "ItmCargoPodRad04Loose",
			"ItmCargoPodRad01Dmg", "ItmCargoPodRad04Dmg",
			"ItmCargoPodRad01DmgLoose", "ItmCargoPodRad04DmgLoose"
		]
	},
	{
		"strName" : "ItmCargoPodRad04Loose",
		"strImg" : "containers/ItmCargoPodRad04Loose",
		"strImgNorm" : "containers/ItmCargoPodRad01Loosen",
		"strPortraitImg" : "containers/ItmCargoPodRad04Loose",
		"strCOBase"	: "ItmCargoPodRad01Loose",
		"strCondLoot"	: "CNDOLCargoPodRad04",
		"mapSlotEffects" : [
			"drag", "Blank"
		],
		"mapModeSwitches"	: [
			"ItmCargoPodRad01", "ItmCargoPodRad04",
			"ItmCargoPodRad01Loose", "ItmCargoPodRad04Loose",
			"ItmCargoPodRad01Dmg", "ItmCargoPodRad04Dmg",
			"ItmCargoPodRad01DmgLoose", "ItmCargoPodRad04DmgLoose"
		]
	},
	{
		"strName" : "ItmCargoPodRad05",
		"strImg" : "containers/ItmCargoPodRad05",
		"strImgNorm" : "containers/ItmCargoPodRad01n",
		"strPortraitImg" : "containers/ItmCargoPodRad05",
		"strCOBase"	: "ItmCargoPodRad01",
		"strCondLoot"	: "CNDOLCargoPodRad05",
		"mapModeSwitches"	: [
			"ItmCargoPodRad01", "ItmCargoPodRad05",
			"ItmCargoPodRad01Loose", "ItmCargoPodRad05Loose",
			"ItmCargoPodRad01Dmg", "ItmCargoPodRad05Dmg",
			"ItmCargoPodRad01DmgLoose", "ItmCargoPodRad05DmgLoose"
		]
	},
	{
		"strName" : "ItmCargoPodRad05Loose",
		"strImg" : "containers/ItmCargoPodRad05Loose",
		"strImgNorm" : "containers/ItmCargoPodRad01Loosen",
		"strPortraitImg" : "containers/ItmCargoPodRad05Loose",
		"strCOBase"	: "ItmCargoPodRad01Loose",
		"strCondLoot"	: "CNDOLCargoPodRad05",
		"mapSlotEffects" : [
			"drag", "Blank"
		],
		"mapModeSwitches"	: [
			"ItmCargoPodRad01", "ItmCargoPodRad05",
			"ItmCargoPodRad01Loose", "ItmCargoPodRad05Loose",
			"ItmCargoPodRad01Dmg", "ItmCargoPodRad05Dmg",
			"ItmCargoPodRad01DmgLoose", "ItmCargoPodRad05DmgLoose"
		]
	},
	{
		"strName" : "ItmCargoPodRad06",
		"strImg" : "containers/ItmCargoPodRad06",
		"strImgNorm" : "containers/ItmCargoPodRad01n",
		"strPortraitImg" : "containers/ItmCargoPodRad06",
		"strCOBase"	: "ItmCargoPodRad01",
		"strCondLoot"	: "CNDOLCargoPodRad06",
		"mapModeSwitches"	: [
			"ItmCargoPodRad01", "ItmCargoPodRad06",
			"ItmCargoPodRad01Loose", "ItmCargoPodRad06Loose",
			"ItmCargoPodRad01Dmg", "ItmCargoPodRad06Dmg",
			"ItmCargoPodRad01DmgLoose", "ItmCargoPodRad06DmgLoose"
		]
	},
	{
		"strName" : "ItmCargoPodRad06Loose",
		"strImg" : "containers/ItmCargoPodRad06Loose",
		"strImgNorm" : "containers/ItmCargoPodRad01Loosen",
		"strPortraitImg" : "containers/ItmCargoPodRad06Loose",
		"strCOBase"	: "ItmCargoPodRad01Loose",
		"strCondLoot"	: "CNDOLCargoPodRad06",
		"mapSlotEffects" : [
			"drag", "Blank"
		],
		"mapModeSwitches"	: [
			"ItmCargoPodRad01", "ItmCargoPodRad06",
			"ItmCargoPodRad01Loose", "ItmCargoPodRad06Loose",
			"ItmCargoPodRad01Dmg", "ItmCargoPodRad06Dmg",
			"ItmCargoPodRad01DmgLoose", "ItmCargoPodRad06DmgLoose"
		]
	},
	{
		"strName" : "ItmCargoPodRad07",
		"strImg" : "containers/ItmCargoPodRad07",
		"strImgNorm" : "containers/ItmCargoPodRad01n",
		"strPortraitImg" : "containers/ItmCargoPodRad07",
		"strCOBase"	: "ItmCargoPodRad01",
		"strCondLoot"	: "CNDOLCargoPodRad07",
		"mapModeSwitches"	: [
			"ItmCargoPodRad01", "ItmCargoPodRad07",
			"ItmCargoPodRad01Loose", "ItmCargoPodRad07Loose",
			"ItmCargoPodRad01Dmg", "ItmCargoPodRad07Dmg",
			"ItmCargoPodRad01DmgLoose", "ItmCargoPodRad07DmgLoose"
		]
	},
	{
		"strName" : "ItmCargoPodRad07Loose",
		"strImg" : "containers/ItmCargoPodRad07Loose",
		"strImgNorm" : "containers/ItmCargoPodRad01Loosen",
		"strPortraitImg" : "containers/ItmCargoPodRad07Loose",
		"strCOBase"	: "ItmCargoPodRad01Loose",
		"strCondLoot"	: "CNDOLCargoPodRad07",
		"mapSlotEffects" : [
			"drag", "Blank"
		],
		"mapModeSwitches"	: [
			"ItmCargoPodRad01", "ItmCargoPodRad07",
			"ItmCargoPodRad01Loose", "ItmCargoPodRad07Loose",
			"ItmCargoPodRad01Dmg", "ItmCargoPodRad07Dmg",
			"ItmCargoPodRad01DmgLoose", "ItmCargoPodRad07DmgLoose"
		]
	},
	{
		"strName" : "ItmCargoPodRad08",
		"strImg" : "containers/ItmCargoPodRad08",
		"strImgNorm" : "containers/ItmCargoPodRad01n",
		"strPortraitImg" : "containers/ItmCargoPodRad08",
		"strCOBase"	: "ItmCargoPodRad01",
		"strCondLoot"	: "CNDOLCargoPodRad08",
		"mapModeSwitches"	: [
			"ItmCargoPodRad01", "ItmCargoPodRad08",
			"ItmCargoPodRad01Loose", "ItmCargoPodRad08Loose",
			"ItmCargoPodRad01Dmg", "ItmCargoPodRad08Dmg",
			"ItmCargoPodRad01DmgLoose", "ItmCargoPodRad08DmgLoose"
		]
	},
	{
		"strName" : "ItmCargoPodRad08Loose",
		"strImg" : "containers/ItmCargoPodRad08Loose",
		"strImgNorm" : "containers/ItmCargoPodRad01Loosen",
		"strPortraitImg" : "containers/ItmCargoPodRad08Loose",
		"strCOBase"	: "ItmCargoPodRad01Loose",
		"strCondLoot"	: "CNDOLCargoPodRad08",
		"mapSlotEffects" : [
			"drag", "Blank"
		],
		"mapModeSwitches"	: [
			"ItmCargoPodRad01", "ItmCargoPodRad08",
			"ItmCargoPodRad01Loose", "ItmCargoPodRad08Loose",
			"ItmCargoPodRad01Dmg", "ItmCargoPodRad08Dmg",
			"ItmCargoPodRad01DmgLoose", "ItmCargoPodRad08DmgLoose"
		]
	},
	{
		"strName" : "ItmCargoPodRad09",
		"strImg" : "containers/ItmCargoPodRad09",
		"strImgNorm" : "containers/ItmCargoPodRad01n",
		"strPortraitImg" : "containers/ItmCargoPodRad09",
		"strCOBase"	: "ItmCargoPodRad01",
		"strCondLoot"	: "CNDOLCargoPodRad09",
		"mapModeSwitches"	: [
			"ItmCargoPodRad01", "ItmCargoPodRad09",
			"ItmCargoPodRad01Loose", "ItmCargoPodRad09Loose",
			"ItmCargoPodRad01Dmg", "ItmCargoPodRad09Dmg",
			"ItmCargoPodRad01DmgLoose", "ItmCargoPodRad09DmgLoose"
		]
	},
	{
		"strName" : "ItmCargoPodRad09Loose",
		"strImg" : "containers/ItmCargoPodRad09Loose",
		"strImgNorm" : "containers/ItmCargoPodRad01Loosen",
		"strPortraitImg" : "containers/ItmCargoPodRad09Loose",
		"strCOBase"	: "ItmCargoPodRad01Loose",
		"strCondLoot"	: "CNDOLCargoPodRad09",
		"mapSlotEffects" : [
			"drag", "Blank"
		],
		"mapModeSwitches"	: [
			"ItmCargoPodRad01", "ItmCargoPodRad09",
			"ItmCargoPodRad01Loose", "ItmCargoPodRad09Loose",
			"ItmCargoPodRad01Dmg", "ItmCargoPodRad09Dmg",
			"ItmCargoPodRad01DmgLoose", "ItmCargoPodRad09DmgLoose"
		]
	},
	{
		"strName" : "ItmCargoPodRad10",
		"strImg" : "containers/ItmCargoPodRad10",
		"strImgNorm" : "containers/ItmCargoPodRad01n",
		"strPortraitImg" : "containers/ItmCargoPodRad10",
		"strCOBase"	: "ItmCargoPodRad01",
		"strCondLoot"	: "CNDOLCargoPodRad10",
		"mapModeSwitches"	: [
			"ItmCargoPodRad01", "ItmCargoPodRad10",
			"ItmCargoPodRad01Loose", "ItmCargoPodRad10Loose",
			"ItmCargoPodRad01Dmg", "ItmCargoPodRad10Dmg",
			"ItmCargoPodRad01DmgLoose", "ItmCargoPodRad10DmgLoose"
		]
	},
	{
		"strName" : "ItmCargoPodRad10Loose",
		"strImg" : "containers/ItmCargoPodRad10Loose",
		"strImgNorm" : "containers/ItmCargoPodRad01Loosen",
		"strPortraitImg" : "containers/ItmCargoPodRad10Loose",
		"strCOBase"	: "ItmCargoPodRad01Loose",
		"strCondLoot"	: "CNDOLCargoPodRad10",
		"mapSlotEffects" : [
			"drag", "Blank"
		],
		"mapModeSwitches"	: [
			"ItmCargoPodRad01", "ItmCargoPodRad10",
			"ItmCargoPodRad01Loose", "ItmCargoPodRad10Loose",
			"ItmCargoPodRad01Dmg", "ItmCargoPodRad10Dmg",
			"ItmCargoPodRad01DmgLoose", "ItmCargoPodRad10DmgLoose"
		]
	},
	{
		"strName" : "ItmCargoPodRad11",
		"strImg" : "containers/ItmCargoPodRad11",
		"strImgNorm" : "containers/ItmCargoPodRad01n",
		"strPortraitImg" : "containers/ItmCargoPodRad11",
		"strCOBase"	: "ItmCargoPodRad01",
		"strCondLoot"	: "CNDOLCargoPodRad11",
		"mapModeSwitches"	: [
			"ItmCargoPodRad01", "ItmCargoPodRad11",
			"ItmCargoPodRad01Loose", "ItmCargoPodRad11Loose",
			"ItmCargoPodRad01Dmg", "ItmCargoPodRad11Dmg",
			"ItmCargoPodRad01DmgLoose", "ItmCargoPodRad11DmgLoose"
		]
	},
	{
		"strName" : "ItmCargoPodRad11Loose",
		"strImg" : "containers/ItmCargoPodRad11Loose",
		"strImgNorm" : "containers/ItmCargoPodRad01Loosen",
		"strPortraitImg" : "containers/ItmCargoPodRad11Loose",
		"strCOBase"	: "ItmCargoPodRad01Loose",
		"strCondLoot"	: "CNDOLCargoPodRad11",
		"mapSlotEffects" : [
			"drag", "Blank"
		],
		"mapModeSwitches"	: [
			"ItmCargoPodRad01", "ItmCargoPodRad11",
			"ItmCargoPodRad01Loose", "ItmCargoPodRad11Loose",
			"ItmCargoPodRad01Dmg", "ItmCargoPodRad11Dmg",
			"ItmCargoPodRad01DmgLoose", "ItmCargoPodRad11DmgLoose"
		]
	},
	{
		"strName" : "ItmCargoPodSpec02",
		"strImg" : "containers/ItmCargoPodSpec02",
		"strImgNorm" : "containers/ItmCargoPodSpec01n",
		"strPortraitImg" : "containers/ItmCargoPodSpec02",
		"strCOBase"	: "ItmCargoPodSpec01",
		"strCondLoot"	: "CNDOLCargoPodSpec02",
		"mapModeSwitches"	: [
			"ItmCargoPodSpec01", "ItmCargoPodSpec02",
			"ItmCargoPodSpec01Loose", "ItmCargoPodSpec02Loose",
			"ItmCargoPodSpec01Dmg", "ItmCargoPodSpec02Dmg",
			"ItmCargoPodSpec01DmgLoose", "ItmCargoPodSpec02DmgLoose"
		]
	},
	{
		"strName" : "ItmCargoPodSpec02Loose",
		"strImg" : "containers/ItmCargoPodSpec02Loose",
		"strImgNorm" : "containers/ItmCargoPodSpec01Loosen",
		"strPortraitImg" : "containers/ItmCargoPodSpec02Loose",
		"strCOBase"	: "ItmCargoPodSpec01Loose",
		"strCondLoot"	: "CNDOLCargoPodSpec02",
		"mapSlotEffects" : [
			"drag", "Blank"
		],
		"mapModeSwitches"	: [
			"ItmCargoPodSpec01", "ItmCargoPodSpec02",
			"ItmCargoPodSpec01Loose", "ItmCargoPodSpec02Loose",
			"ItmCargoPodSpec01Dmg", "ItmCargoPodSpec02Dmg",
			"ItmCargoPodSpec01DmgLoose", "ItmCargoPodSpec02DmgLoose"
		]
	},
	{
		"strName" : "ItmCargoPodSpec03",
		"strImg" : "containers/ItmCargoPodSpec03",
		"strImgNorm" : "containers/ItmCargoPodSpec01n",
		"strPortraitImg" : "containers/ItmCargoPodSpec03",
		"strCOBase"	: "ItmCargoPodSpec01",
		"strCondLoot"	: "CNDOLCargoPodSpec03",
		"mapModeSwitches"	: [
			"ItmCargoPodSpec01", "ItmCargoPodSpec03",
			"ItmCargoPodSpec01Loose", "ItmCargoPodSpec03Loose",
			"ItmCargoPodSpec01Dmg", "ItmCargoPodSpec03Dmg",
			"ItmCargoPodSpec01DmgLoose", "ItmCargoPodSpec03DmgLoose"
		]
	},
	{
		"strName" : "ItmCargoPodSpec03Loose",
		"strImg" : "containers/ItmCargoPodSpec03Loose",
		"strImgNorm" : "containers/ItmCargoPodSpec01Loosen",
		"strPortraitImg" : "containers/ItmCargoPodSpec03Loose",
		"strCOBase"	: "ItmCargoPodSpec01Loose",
		"strCondLoot"	: "CNDOLCargoPodSpec03",
		"mapSlotEffects" : [
			"drag", "Blank"
		],
		"mapModeSwitches"	: [
			"ItmCargoPodSpec01", "ItmCargoPodSpec03",
			"ItmCargoPodSpec01Loose", "ItmCargoPodSpec03Loose",
			"ItmCargoPodSpec01Dmg", "ItmCargoPodSpec03Dmg",
			"ItmCargoPodSpec01DmgLoose", "ItmCargoPodSpec03DmgLoose"
		]
	},
	{
		"strName" : "ItmCargoPodSpec04",
		"strImg" : "containers/ItmCargoPodSpec04",
		"strImgNorm" : "containers/ItmCargoPodSpec01n",
		"strPortraitImg" : "containers/ItmCargoPodSpec04",
		"strCOBase"	: "ItmCargoPodSpec01",
		"strCondLoot"	: "CNDOLCargoPodSpec04",
		"mapModeSwitches"	: [
			"ItmCargoPodSpec01", "ItmCargoPodSpec04",
			"ItmCargoPodSpec01Loose", "ItmCargoPodSpec04Loose",
			"ItmCargoPodSpec01Dmg", "ItmCargoPodSpec04Dmg",
			"ItmCargoPodSpec01DmgLoose", "ItmCargoPodSpec04DmgLoose"
		]
	},
	{
		"strName" : "ItmCargoPodSpec04Loose",
		"strImg" : "containers/ItmCargoPodSpec04Loose",
		"strImgNorm" : "containers/ItmCargoPodSpec01Loosen",
		"strPortraitImg" : "containers/ItmCargoPodSpec04Loose",
		"strCOBase"	: "ItmCargoPodSpec01Loose",
		"strCondLoot"	: "CNDOLCargoPodSpec04",
		"mapSlotEffects" : [
			"drag", "Blank"
		],
		"mapModeSwitches"	: [
			"ItmCargoPodSpec01", "ItmCargoPodSpec04",
			"ItmCargoPodSpec01Loose", "ItmCargoPodSpec04Loose",
			"ItmCargoPodSpec01Dmg", "ItmCargoPodSpec04Dmg",
			"ItmCargoPodSpec01DmgLoose", "ItmCargoPodSpec04DmgLoose"
		]
	},
	{
		"strName" : "ItmCargoPodSpec05",
		"strImg" : "containers/ItmCargoPodSpec05",
		"strImgNorm" : "containers/ItmCargoPodSpec01n",
		"strPortraitImg" : "containers/ItmCargoPodSpec05",
		"strCOBase"	: "ItmCargoPodSpec01",
		"strCondLoot"	: "CNDOLCargoPodSpec05",
		"mapModeSwitches"	: [
			"ItmCargoPodSpec01", "ItmCargoPodSpec05",
			"ItmCargoPodSpec01Loose", "ItmCargoPodSpec05Loose",
			"ItmCargoPodSpec01Dmg", "ItmCargoPodSpec05Dmg",
			"ItmCargoPodSpec01DmgLoose", "ItmCargoPodSpec05DmgLoose"
		]
	},
	{
		"strName" : "ItmCargoPodSpec05Loose",
		"strImg" : "containers/ItmCargoPodSpec05Loose",
		"strImgNorm" : "containers/ItmCargoPodSpec01Loosen",
		"strPortraitImg" : "containers/ItmCargoPodSpec05Loose",
		"strCOBase"	: "ItmCargoPodSpec01Loose",
		"strCondLoot"	: "CNDOLCargoPodSpec05",
		"mapSlotEffects" : [
			"drag", "Blank"
		],
		"mapModeSwitches"	: [
			"ItmCargoPodSpec01", "ItmCargoPodSpec05",
			"ItmCargoPodSpec01Loose", "ItmCargoPodSpec05Loose",
			"ItmCargoPodSpec01Dmg", "ItmCargoPodSpec05Dmg",
			"ItmCargoPodSpec01DmgLoose", "ItmCargoPodSpec05DmgLoose"
		]
	},
	{
		"strName" : "ItmCargoPodSpec06",
		"strImg" : "containers/ItmCargoPodSpec06",
		"strImgNorm" : "containers/ItmCargoPodSpec01n",
		"strPortraitImg" : "containers/ItmCargoPodSpec06",
		"strCOBase"	: "ItmCargoPodSpec01",
		"strCondLoot"	: "CNDOLCargoPodSpec06",
		"mapModeSwitches"	: [
			"ItmCargoPodSpec01", "ItmCargoPodSpec06",
			"ItmCargoPodSpec01Loose", "ItmCargoPodSpec06Loose",
			"ItmCargoPodSpec01Dmg", "ItmCargoPodSpec06Dmg",
			"ItmCargoPodSpec01DmgLoose", "ItmCargoPodSpec06DmgLoose"
		]
	},
	{
		"strName" : "ItmCargoPodSpec06Loose",
		"strImg" : "containers/ItmCargoPodSpec06Loose",
		"strImgNorm" : "containers/ItmCargoPodSpec01Loosen",
		"strPortraitImg" : "containers/ItmCargoPodSpec06Loose",
		"strCOBase"	: "ItmCargoPodSpec01Loose",
		"strCondLoot"	: "CNDOLCargoPodSpec06",
		"mapSlotEffects" : [
			"drag", "Blank"
		],
		"mapModeSwitches"	: [
			"ItmCargoPodSpec01", "ItmCargoPodSpec06",
			"ItmCargoPodSpec01Loose", "ItmCargoPodSpec06Loose",
			"ItmCargoPodSpec01Dmg", "ItmCargoPodSpec06Dmg",
			"ItmCargoPodSpec01DmgLoose", "ItmCargoPodSpec06DmgLoose"
		]
	},
	{
		"strName" : "ItmCargoPodSpec07",
		"strImg" : "containers/ItmCargoPodSpec07",
		"strImgNorm" : "containers/ItmCargoPodSpec01n",
		"strPortraitImg" : "containers/ItmCargoPodSpec07",
		"strCOBase"	: "ItmCargoPodSpec01",
		"strCondLoot"	: "CNDOLCargoPodSpec07",
		"mapModeSwitches"	: [
			"ItmCargoPodSpec01", "ItmCargoPodSpec07",
			"ItmCargoPodSpec01Loose", "ItmCargoPodSpec07Loose",
			"ItmCargoPodSpec01Dmg", "ItmCargoPodSpec07Dmg",
			"ItmCargoPodSpec01DmgLoose", "ItmCargoPodSpec07DmgLoose"
		]
	},
	{
		"strName" : "ItmCargoPodSpec07Loose",
		"strImg" : "containers/ItmCargoPodSpec07Loose",
		"strImgNorm" : "containers/ItmCargoPodSpec01Loosen",
		"strPortraitImg" : "containers/ItmCargoPodSpec07Loose",
		"strCOBase"	: "ItmCargoPodSpec01Loose",
		"strCondLoot"	: "CNDOLCargoPodSpec07",
		"mapSlotEffects" : [
			"drag", "Blank"
		],
		"mapModeSwitches"	: [
			"ItmCargoPodSpec01", "ItmCargoPodSpec07",
			"ItmCargoPodSpec01Loose", "ItmCargoPodSpec07Loose",
			"ItmCargoPodSpec01Dmg", "ItmCargoPodSpec07Dmg",
			"ItmCargoPodSpec01DmgLoose", "ItmCargoPodSpec07DmgLoose"
		]
	},
	{
		"strName" : "ItmCargoPodSpec08",
		"strImg" : "containers/ItmCargoPodSpec08",
		"strImgNorm" : "containers/ItmCargoPodSpec01n",
		"strPortraitImg" : "containers/ItmCargoPodSpec08",
		"strCOBase"	: "ItmCargoPodSpec01",
		"strCondLoot"	: "CNDOLCargoPodSpec08",
		"mapModeSwitches"	: [
			"ItmCargoPodSpec01", "ItmCargoPodSpec08",
			"ItmCargoPodSpec01Loose", "ItmCargoPodSpec08Loose",
			"ItmCargoPodSpec01Dmg", "ItmCargoPodSpec08Dmg",
			"ItmCargoPodSpec01DmgLoose", "ItmCargoPodSpec08DmgLoose"
		]
	},
	{
		"strName" : "ItmCargoPodSpec08Loose",
		"strImg" : "containers/ItmCargoPodSpec08Loose",
		"strImgNorm" : "containers/ItmCargoPodSpec01Loosen",
		"strPortraitImg" : "containers/ItmCargoPodSpec08Loose",
		"strCOBase"	: "ItmCargoPodSpec01Loose",
		"strCondLoot"	: "CNDOLCargoPodSpec08",
		"mapSlotEffects" : [
			"drag", "Blank"
		],
		"mapModeSwitches"	: [
			"ItmCargoPodSpec01", "ItmCargoPodSpec08",
			"ItmCargoPodSpec01Loose", "ItmCargoPodSpec08Loose",
			"ItmCargoPodSpec01Dmg", "ItmCargoPodSpec08Dmg",
			"ItmCargoPodSpec01DmgLoose", "ItmCargoPodSpec08DmgLoose"
		]
	},
	{
		"strName" : "ItmCargoPodSpec09",
		"strImg" : "containers/ItmCargoPodSpec09",
		"strImgNorm" : "containers/ItmCargoPodSpec01n",
		"strPortraitImg" : "containers/ItmCargoPodSpec09",
		"strCOBase"	: "ItmCargoPodSpec01",
		"strCondLoot"	: "CNDOLCargoPodSpec09",
		"mapModeSwitches"	: [
			"ItmCargoPodSpec01", "ItmCargoPodSpec09",
			"ItmCargoPodSpec01Loose", "ItmCargoPodSpec09Loose",
			"ItmCargoPodSpec01Dmg", "ItmCargoPodSpec09Dmg",
			"ItmCargoPodSpec01DmgLoose", "ItmCargoPodSpec09DmgLoose"
		]
	},
	{
		"strName" : "ItmCargoPodSpec09Loose",
		"strImg" : "containers/ItmCargoPodSpec09Loose",
		"strImgNorm" : "containers/ItmCargoPodSpec01Loosen",
		"strPortraitImg" : "containers/ItmCargoPodSpec09Loose",
		"strCOBase"	: "ItmCargoPodRad01Loose",
		"strCondLoot"	: "CNDOLCargoPodSpec09",
		"mapSlotEffects" : [
			"drag", "Blank"
		],
		"mapModeSwitches"	: [
			"ItmCargoPodSpec01", "ItmCargoPodSpec09",
			"ItmCargoPodSpec01Loose", "ItmCargoPodSpec09Loose",
			"ItmCargoPodSpec01Dmg", "ItmCargoPodSpec09Dmg",
			"ItmCargoPodSpec01DmgLoose", "ItmCargoPodSpec09DmgLoose"
		]
	},
	{
		"strName" : "ItmCargoPodSpec10",
		"strImg" : "containers/ItmCargoPodSpec10",
		"strImgNorm" : "containers/ItmCargoPodSpec01n",
		"strPortraitImg" : "containers/ItmCargoPodSpec10",
		"strCOBase"	: "ItmCargoPodSpec01",
		"strCondLoot"	: "CNDOLCargoPodSpec10",
		"mapModeSwitches"	: [
			"ItmCargoPodSpec01", "ItmCargoPodSpec10",
			"ItmCargoPodSpec01Loose", "ItmCargoPodSpec10Loose",
			"ItmCargoPodSpec01Dmg", "ItmCargoPodSpec10Dmg",
			"ItmCargoPodSpec01DmgLoose", "ItmCargoPodSpec10DmgLoose"
		]
	},
	{
		"strName" : "ItmCargoPodSpec10Loose",
		"strImg" : "containers/ItmCargoPodSpec10Loose",
		"strImgNorm" : "containers/ItmCargoPodSpec01Loosen",
		"strPortraitImg" : "containers/ItmCargoPodSpec10Loose",
		"strCOBase"	: "ItmCargoPodSpec01Loose",
		"strCondLoot"	: "CNDOLCargoPodSpec10",
		"mapSlotEffects" : [
			"drag", "Blank"
		],
		"mapModeSwitches"	: [
			"ItmCargoPodSpec01", "ItmCargoPodSpec10",
			"ItmCargoPodSpec01Loose", "ItmCargoPodSpec10Loose",
			"ItmCargoPodSpec01Dmg", "ItmCargoPodSpec10Dmg",
			"ItmCargoPodSpec01DmgLoose", "ItmCargoPodSpec10DmgLoose"
		]
	},
	{
		"strName" : "ItmCargoPodSpec11",
		"strImg" : "containers/ItmCargoPodSpec11",
		"strImgNorm" : "containers/ItmCargoPodSpec01n",
		"strPortraitImg" : "containers/ItmCargoPodSpec11",
		"strCOBase"	: "ItmCargoPodSpec01",
		"strCondLoot"	: "CNDOLCargoPodSpec11",
		"mapModeSwitches"	: [
			"ItmCargoPodSpec01", "ItmCargoPodSpec11",
			"ItmCargoPodSpec01Loose", "ItmCargoPodSpec11Loose",
			"ItmCargoPodSpec01Dmg", "ItmCargoPodSpec11Dmg",
			"ItmCargoPodSpec01DmgLoose", "ItmCargoPodSpec11DmgLoose"
		]
	},
	{
		"strName" : "ItmCargoPodSpec11Loose",
		"strImg" : "containers/ItmCargoPodSpec11Loose",
		"strImgNorm" : "containers/ItmCargoPodSpec01Loosen",
		"strPortraitImg" : "containers/ItmCargoPodSpec11Loose",
		"strCOBase"	: "ItmCargoPodSpec01Loose",
		"strCondLoot"	: "CNDOLCargoPodSpec11",
		"mapSlotEffects" : [
			"drag", "Blank"
		],
		"mapModeSwitches"	: [
			"ItmCargoPodSpec01", "ItmCargoPodSpec11",
			"ItmCargoPodSpec01Loose", "ItmCargoPodSpec11Loose",
			"ItmCargoPodSpec01Dmg", "ItmCargoPodSpec11Dmg",
			"ItmCargoPodSpec01DmgLoose", "ItmCargoPodSpec11DmgLoose"
		]
	},










	{
		"strName" : "ItmCargoPod02Dmg",
		"strImg" : "containers/ItmCargoPod01Dmg",
		"strImgNorm" : "containers/ItmCargoPod01Dmgn",
		"strPortraitImg" : "containers/ItmCargoPod01Dmg",
		"strCOBase"	: "ItmCargoPod01Dmg",
		"strCondLoot"	: "CNDOLCargoPod02",
		"mapModeSwitches"	: [
			"ItmCargoPod01", "ItmCargoPod02",
			"ItmCargoPod01Loose", "ItmCargoPod02Loose",
			"ItmCargoPod01Dmg", "ItmCargoPod02Dmg",
			"ItmCargoPod01DmgLoose", "ItmCargoPod02DmgLoose"
		]
	},
	{
		"strName" : "ItmCargoPod02DmgLoose",
		"strImg" : "containers/ItmCargoPod01DmgLoose",
		"strImgNorm" : "containers/ItmCargoPod01DmgLoosen",
		"strPortraitImg" : "containers/ItmCargoPod01DmgLoose",
		"strCOBase"	: "ItmCargoPod01DmgLoose",
		"strCondLoot"	: "CNDOLCargoPod02",
		"mapSlotEffects" : [
			"drag", "Blank"
		],
		"mapModeSwitches"	: [
			"ItmCargoPod01", "ItmCargoPod02",
			"ItmCargoPod01Loose", "ItmCargoPod02Loose",
			"ItmCargoPod01Dmg", "ItmCargoPod02Dmg",
			"ItmCargoPod01DmgLoose", "ItmCargoPod02DmgLoose"
		]
	},
	{
		"strName" : "ItmCargoPod03Dmg",
		"strImg" : "containers/ItmCargoPod01Dmg",
		"strImgNorm" : "containers/ItmCargoPod01Dmgn",
		"strPortraitImg" : "containers/ItmCargoPod01Dmg",
		"strCOBase"	: "ItmCargoPod01Dmg",
		"strCondLoot"	: "CNDOLCargoPod03",
		"mapModeSwitches"	: [
			"ItmCargoPod01", "ItmCargoPod03",
			"ItmCargoPod01Loose", "ItmCargoPod03Loose",
			"ItmCargoPod01Dmg", "ItmCargoPod03Dmg",
			"ItmCargoPod01DmgLoose", "ItmCargoPod03DmgLoose"
		]
	},
	{
		"strName" : "ItmCargoPod03DmgLoose",
		"strImg" : "containers/ItmCargoPod01DmgLoose",
		"strImgNorm" : "containers/ItmCargoPod01DmgLoosen",
		"strPortraitImg" : "containers/ItmCargoPod01DmgLoose",
		"strCOBase"	: "ItmCargoPod01DmgLoose",
		"strCondLoot"	: "CNDOLCargoPod03",
		"mapSlotEffects" : [
			"drag", "Blank"
		],
		"mapModeSwitches"	: [
			"ItmCargoPod01", "ItmCargoPod03",
			"ItmCargoPod01Loose", "ItmCargoPod03Loose",
			"ItmCargoPod01Dmg", "ItmCargoPod03Dmg",
			"ItmCargoPod01DmgLoose", "ItmCargoPod03DmgLoose"
		]
	},
	{
		"strName" : "ItmCargoPod04Dmg",
		"strImg" : "containers/ItmCargoPod01Dmg",
		"strImgNorm" : "containers/ItmCargoPod01Dmgn",
		"strPortraitImg" : "containers/ItmCargoPod01Dmg",
		"strCOBase"	: "ItmCargoPod01Dmg",
		"strCondLoot"	: "CNDOLCargoPod04",
		"mapModeSwitches"	: [
			"ItmCargoPod01", "ItmCargoPod04",
			"ItmCargoPod01Loose", "ItmCargoPod04Loose",
			"ItmCargoPod01Dmg", "ItmCargoPod04Dmg",
			"ItmCargoPod01DmgLoose", "ItmCargoPod04DmgLoose"
		]
	},
	{
		"strName" : "ItmCargoPod04DmgLoose",
		"strImg" : "containers/ItmCargoPod01DmgLoose",
		"strImgNorm" : "containers/ItmCargoPod01DmgLoosen",
		"strPortraitImg" : "containers/ItmCargoPod01DmgLoose",
		"strCOBase"	: "ItmCargoPod01DmgLoose",
		"strCondLoot"	: "CNDOLCargoPod04",
		"mapSlotEffects" : [
			"drag", "Blank"
		],
		"mapModeSwitches"	: [
			"ItmCargoPod01", "ItmCargoPod04",
			"ItmCargoPod01Loose", "ItmCargoPod04Loose",
			"ItmCargoPod01Dmg", "ItmCargoPod04Dmg",
			"ItmCargoPod01DmgLoose", "ItmCargoPod04DmgLoose"
		]
	},
	{
		"strName" : "ItmCargoPod05Dmg",
		"strImg" : "containers/ItmCargoPod01Dmg",
		"strImgNorm" : "containers/ItmCargoPod01Dmgn",
		"strPortraitImg" : "containers/ItmCargoPod01Dmg",
		"strCOBase"	: "ItmCargoPod01Dmg",
		"strCondLoot"	: "CNDOLCargoPod05",
		"mapModeSwitches"	: [
			"ItmCargoPod01", "ItmCargoPod05",
			"ItmCargoPod01Loose", "ItmCargoPod05Loose",
			"ItmCargoPod01Dmg", "ItmCargoPod05Dmg",
			"ItmCargoPod01DmgLoose", "ItmCargoPod05DmgLoose"
		]
	},
	{
		"strName" : "ItmCargoPod05DmgLoose",
		"strImg" : "containers/ItmCargoPod01DmgLoose",
		"strImgNorm" : "containers/ItmCargoPod01DmgLoosen",
		"strPortraitImg" : "containers/ItmCargoPod01DmgLoose",
		"strCOBase"	: "ItmCargoPod01DmgLoose",
		"strCondLoot"	: "CNDOLCargoPod05",
		"mapSlotEffects" : [
			"drag", "Blank"
		],
		"mapModeSwitches"	: [
			"ItmCargoPod01", "ItmCargoPod05",
			"ItmCargoPod01Loose", "ItmCargoPod05Loose",
			"ItmCargoPod01Dmg", "ItmCargoPod05Dmg",
			"ItmCargoPod01DmgLoose", "ItmCargoPod05DmgLoose"
		]
	},
	{
		"strName" : "ItmCargoPod06Dmg",
		"strImg" : "containers/ItmCargoPod01Dmg",
		"strImgNorm" : "containers/ItmCargoPod01Dmgn",
		"strPortraitImg" : "containers/ItmCargoPod01Dmg",
		"strCOBase"	: "ItmCargoPod01Dmg",
		"strCondLoot"	: "CNDOLCargoPod06",
		"mapModeSwitches"	: [
			"ItmCargoPod01", "ItmCargoPod06",
			"ItmCargoPod01Loose", "ItmCargoPod06Loose",
			"ItmCargoPod01Dmg", "ItmCargoPod06Dmg",
			"ItmCargoPod01DmgLoose", "ItmCargoPod06DmgLoose"
		]
	},
	{
		"strName" : "ItmCargoPod06DmgLoose",
		"strImg" : "containers/ItmCargoPod01DmgLoose",
		"strImgNorm" : "containers/ItmCargoPod01DmgLoosen",
		"strPortraitImg" : "containers/ItmCargoPod01DmgLoose",
		"strCOBase"	: "ItmCargoPod01DmgLoose",
		"strCondLoot"	: "CNDOLCargoPod06",
		"mapSlotEffects" : [
			"drag", "Blank"
		],
		"mapModeSwitches"	: [
			"ItmCargoPod01", "ItmCargoPod06",
			"ItmCargoPod01Loose", "ItmCargoPod06Loose",
			"ItmCargoPod01Dmg", "ItmCargoPod06Dmg",
			"ItmCargoPod01DmgLoose", "ItmCargoPod06DmgLoose"
		]
	},
	{
		"strName" : "ItmCargoPod07Dmg",
		"strImg" : "containers/ItmCargoPod01Dmg",
		"strImgNorm" : "containers/ItmCargoPod01Dmgn",
		"strPortraitImg" : "containers/ItmCargoPod01Dmg",
		"strCOBase"	: "ItmCargoPod01Dmg",
		"strCondLoot"	: "CNDOLCargoPod07",
		"mapModeSwitches"	: [
			"ItmCargoPod01", "ItmCargoPod07",
			"ItmCargoPod01Loose", "ItmCargoPod07Loose",
			"ItmCargoPod01Dmg", "ItmCargoPod07Dmg",
			"ItmCargoPod01DmgLoose", "ItmCargoPod07DmgLoose"
		]
	},
	{
		"strName" : "ItmCargoPod07DmgLoose",
		"strImg" : "containers/ItmCargoPod01DmgLoose",
		"strImgNorm" : "containers/ItmCargoPod01DmgLoosen",
		"strPortraitImg" : "containers/ItmCargoPod01DmgLoose",
		"strCOBase"	: "ItmCargoPod01DmgLoose",
		"strCondLoot"	: "CNDOLCargoPod07",
		"mapSlotEffects" : [
			"drag", "Blank"
		],
		"mapModeSwitches"	: [
			"ItmCargoPod01", "ItmCargoPod07",
			"ItmCargoPod01Loose", "ItmCargoPod07Loose",
			"ItmCargoPod01Dmg", "ItmCargoPod07Dmg",
			"ItmCargoPod01DmgLoose", "ItmCargoPod07DmgLoose"
		]
	},
	{
		"strName" : "ItmCargoPod08Dmg",
		"strImg" : "containers/ItmCargoPod01Dmg",
		"strImgNorm" : "containers/ItmCargoPod01Dmgn",
		"strPortraitImg" : "containers/ItmCargoPod01Dmg",
		"strCOBase"	: "ItmCargoPod01Dmg",
		"strCondLoot"	: "CNDOLCargoPod08",
		"mapModeSwitches"	: [
			"ItmCargoPod01", "ItmCargoPod08",
			"ItmCargoPod01Loose", "ItmCargoPod08Loose",
			"ItmCargoPod01Dmg", "ItmCargoPod08Dmg",
			"ItmCargoPod01DmgLoose", "ItmCargoPod08DmgLoose"
		]
	},
	{
		"strName" : "ItmCargoPod08DmgLoose",
		"strImg" : "containers/ItmCargoPod01DmgLoose",
		"strImgNorm" : "containers/ItmCargoPod01DmgLoosen",
		"strPortraitImg" : "containers/ItmCargoPod01DmgLoose",
		"strCOBase"	: "ItmCargoPod01DmgLoose",
		"strCondLoot"	: "CNDOLCargoPod08",
		"mapSlotEffects" : [
			"drag", "Blank"
		],
		"mapModeSwitches"	: [
			"ItmCargoPod01", "ItmCargoPod08",
			"ItmCargoPod01Loose", "ItmCargoPod08Loose",
			"ItmCargoPod01Dmg", "ItmCargoPod08Dmg",
			"ItmCargoPod01DmgLoose", "ItmCargoPod08DmgLoose"
		]
	},
	{
		"strName" : "ItmCargoPod09Dmg",
		"strImg" : "containers/ItmCargoPod01Dmg",
		"strImgNorm" : "containers/ItmCargoPod01Dmgn",
		"strPortraitImg" : "containers/ItmCargoPod01Dmg",
		"strCOBase"	: "ItmCargoPod01Dmg",
		"strCondLoot"	: "CNDOLCargoPod09",
		"mapModeSwitches"	: [
			"ItmCargoPod01", "ItmCargoPod09",
			"ItmCargoPod01Loose", "ItmCargoPod09Loose",
			"ItmCargoPod01Dmg", "ItmCargoPod09Dmg",
			"ItmCargoPod01DmgLoose", "ItmCargoPod09DmgLoose"
		]
	},
	{
		"strName" : "ItmCargoPod09DmgLoose",
		"strImg" : "containers/ItmCargoPod01DmgLoose",
		"strImgNorm" : "containers/ItmCargoPod01DmgLoosen",
		"strPortraitImg" : "containers/ItmCargoPod01DmgLoose",
		"strCOBase"	: "ItmCargoPod01DmgLoose",
		"strCondLoot"	: "CNDOLCargoPod09",
		"mapSlotEffects" : [
			"drag", "Blank"
		],
		"mapModeSwitches"	: [
			"ItmCargoPod01", "ItmCargoPod09",
			"ItmCargoPod01Loose", "ItmCargoPod09Loose",
			"ItmCargoPod01Dmg", "ItmCargoPod09Dmg",
			"ItmCargoPod01DmgLoose", "ItmCargoPod09DmgLoose"
		]
	},
	{
		"strName" : "ItmCargoPod10Dmg",
		"strImg" : "containers/ItmCargoPod01Dmg",
		"strImgNorm" : "containers/ItmCargoPod01Dmgn",
		"strPortraitImg" : "containers/ItmCargoPod01Dmg",
		"strCOBase"	: "ItmCargoPod01Dmg",
		"strCondLoot"	: "CNDOLCargoPod10",
		"mapModeSwitches"	: [
			"ItmCargoPod01", "ItmCargoPod10",
			"ItmCargoPod01Loose", "ItmCargoPod10Loose",
			"ItmCargoPod01Dmg", "ItmCargoPod10Dmg",
			"ItmCargoPod01DmgLoose", "ItmCargoPod10DmgLoose"
		]
	},
	{
		"strName" : "ItmCargoPod10DmgLoose",
		"strImg" : "containers/ItmCargoPod01DmgLoose",
		"strImgNorm" : "containers/ItmCargoPod01DmgLoosen",
		"strPortraitImg" : "containers/ItmCargoPod01DmgLoose",
		"strCOBase"	: "ItmCargoPod01DmgLoose",
		"strCondLoot"	: "CNDOLCargoPod10",
		"mapSlotEffects" : [
			"drag", "Blank"
		],
		"mapModeSwitches"	: [
			"ItmCargoPod01", "ItmCargoPod10",
			"ItmCargoPod01Loose", "ItmCargoPod10Loose",
			"ItmCargoPod01Dmg", "ItmCargoPod10Dmg",
			"ItmCargoPod01DmgLoose", "ItmCargoPod10DmgLoose"
		]
	},
	{
		"strName" : "ItmCargoPod11Dmg",
		"strImg" : "containers/ItmCargoPod01Dmg",
		"strImgNorm" : "containers/ItmCargoPod01Dmgn",
		"strPortraitImg" : "containers/ItmCargoPod01Dmg",
		"strCOBase"	: "ItmCargoPod01Dmg",
		"strCondLoot"	: "CNDOLCargoPod11",
		"mapModeSwitches"	: [
			"ItmCargoPod01", "ItmCargoPod11",
			"ItmCargoPod01Loose", "ItmCargoPod11Loose",
			"ItmCargoPod01Dmg", "ItmCargoPod11Dmg",
			"ItmCargoPod01DmgLoose", "ItmCargoPod11DmgLoose"
		]
	},
	{
		"strName" : "ItmCargoPod11DmgLoose",
		"strImg" : "containers/ItmCargoPod01DmgLoose",
		"strImgNorm" : "containers/ItmCargoPod01DmgLoosen",
		"strPortraitImg" : "containers/ItmCargoPod01DmgLoose",
		"strCOBase"	: "ItmCargoPod01DmgLoose",
		"strCondLoot"	: "CNDOLCargoPod11",
		"mapSlotEffects" : [
			"drag", "Blank"
		],
		"mapModeSwitches"	: [
			"ItmCargoPod01", "ItmCargoPod11",
			"ItmCargoPod01Loose", "ItmCargoPod11Loose",
			"ItmCargoPod01Dmg", "ItmCargoPod11Dmg",
			"ItmCargoPod01DmgLoose", "ItmCargoPod11DmgLoose"
		]
	},
	{
		"strName" : "ItmCargoPodClimate02Dmg",
		"strImg" : "containers/ItmCargoPodClimate01Dmg",
		"strImgNorm" : "containers/ItmCargoPodClimate01Dmgn",
		"strPortraitImg" : "containers/ItmCargoPodClimate01Dmg",
		"strCOBase"	: "ItmCargoPodClimate01Dmg",
		"strCondLoot"	: "CNDOLCargoPodClimate02",
		"mapModeSwitches"	: [
			"ItmCargoPodClimate01", "ItmCargoPodClimate02",
			"ItmCargoPodClimate01Loose", "ItmCargoPodClimate02Loose",
			"ItmCargoPodClimate01Dmg", "ItmCargoPodClimate02Dmg",
			"ItmCargoPodClimate01DmgLoose", "ItmCargoPodClimate02DmgLoose"
		]
	},
	{
		"strName" : "ItmCargoPodClimate02DmgLoose",
		"strImg" : "containers/ItmCargoPodClimate01DmgLoose",
		"strImgNorm" : "containers/ItmCargoPodClimate01DmgLoosen",
		"strPortraitImg" : "containers/ItmCargoPodClimate01DmgLoose",
		"strCOBase"	: "ItmCargoPodClimate01DmgLoose",
		"strCondLoot"	: "CNDOLCargoPodClimate02",
		"mapSlotEffects" : [
			"drag", "Blank"
		],
		"mapModeSwitches"	: [
			"ItmCargoPodClimate01", "ItmCargoPodClimate02",
			"ItmCargoPodClimate01Loose", "ItmCargoPodClimate02Loose",
			"ItmCargoPodClimate01Dmg", "ItmCargoPodClimate02Dmg",
			"ItmCargoPodClimate01DmgLoose", "ItmCargoPodClimate02DmgLoose"
		]
	},
	{
		"strName" : "ItmCargoPodClimate03Dmg",
		"strImg" : "containers/ItmCargoPodClimate01Dmg",
		"strImgNorm" : "containers/ItmCargoPodClimate01Dmgn",
		"strPortraitImg" : "containers/ItmCargoPodClimate01Dmg",
		"strCOBase"	: "ItmCargoPodClimate01Dmg",
		"strCondLoot"	: "CNDOLCargoPodClimate02",
		"mapModeSwitches"	: [
			"ItmCargoPodClimate01", "ItmCargoPodClimate03",
			"ItmCargoPodClimate01Loose", "ItmCargoPodClimate03Loose",
			"ItmCargoPodClimate01Dmg", "ItmCargoPodClimate03Dmg",
			"ItmCargoPodClimate01DmgLoose", "ItmCargoPodClimate03DmgLoose"
		]
	},
	{
		"strName" : "ItmCargoPodClimate03DmgLoose",
		"strImg" : "containers/ItmCargoPodClimate01DmgLoose",
		"strImgNorm" : "containers/ItmCargoPodClimate01DmgLoosen",
		"strPortraitImg" : "containers/ItmCargoPodClimate01DmgLoose",
		"strCOBase"	: "ItmCargoPodClimate01DmgLoose",
		"strCondLoot"	: "CNDOLCargoPodClimate03",
		"mapSlotEffects" : [
			"drag", "Blank"
		],
		"mapModeSwitches"	: [
			"ItmCargoPodClimate01", "ItmCargoPodClimate03",
			"ItmCargoPodClimate01Loose", "ItmCargoPodClimate03Loose",
			"ItmCargoPodClimate01Dmg", "ItmCargoPodClimate03Dmg",
			"ItmCargoPodClimate01DmgLoose", "ItmCargoPodClimate03DmgLoose"
		]
	},
	{
		"strName" : "ItmCargoPodClimate04Dmg",
		"strImg" : "containers/ItmCargoPodClimate01Dmg",
		"strImgNorm" : "containers/ItmCargoPodClimate01Dmgn",
		"strPortraitImg" : "containers/ItmCargoPodClimate01Dmg",
		"strCOBase"	: "ItmCargoPodClimate01Dmg",
		"strCondLoot"	: "CNDOLCargoPodClimate02",
		"mapModeSwitches"	: [
			"ItmCargoPodClimate01", "ItmCargoPodClimate04",
			"ItmCargoPodClimate01Loose", "ItmCargoPodClimate04Loose",
			"ItmCargoPodClimate01Dmg", "ItmCargoPodClimate04Dmg",
			"ItmCargoPodClimate01DmgLoose", "ItmCargoPodClimate04DmgLoose"
		]
	},
	{
		"strName" : "ItmCargoPodClimate04DmgLoose",
		"strImg" : "containers/ItmCargoPodClimate01DmgLoose",
		"strImgNorm" : "containers/ItmCargoPodClimate01DmgLoosen",
		"strPortraitImg" : "containers/ItmCargoPodClimate01DmgLoose",
		"strCOBase"	: "ItmCargoPodClimate01DmgLoose",
		"strCondLoot"	: "CNDOLCargoPodClimate04",
		"mapSlotEffects" : [
			"drag", "Blank"
		],
		"mapModeSwitches"	: [
			"ItmCargoPodClimate01", "ItmCargoPodClimate04",
			"ItmCargoPodClimate01Loose", "ItmCargoPodClimate04Loose",
			"ItmCargoPodClimate01Dmg", "ItmCargoPodClimate04Dmg",
			"ItmCargoPodClimate01DmgLoose", "ItmCargoPodClimate04DmgLoose"
		]
	},
	{
		"strName" : "ItmCargoPodClimate05Dmg",
		"strImg" : "containers/ItmCargoPodClimate01Dmg",
		"strImgNorm" : "containers/ItmCargoPodClimate01Dmgn",
		"strPortraitImg" : "containers/ItmCargoPodClimate01Dmg",
		"strCOBase"	: "ItmCargoPodClimate01Dmg",
		"strCondLoot"	: "CNDOLCargoPodClimate02",
		"mapModeSwitches"	: [
			"ItmCargoPodClimate01", "ItmCargoPodClimate05",
			"ItmCargoPodClimate01Loose", "ItmCargoPodClimate05Loose",
			"ItmCargoPodClimate01Dmg", "ItmCargoPodClimate05Dmg",
			"ItmCargoPodClimate01DmgLoose", "ItmCargoPodClimate05DmgLoose"
		]
	},
	{
		"strName" : "ItmCargoPodClimate05DmgLoose",
		"strImg" : "containers/ItmCargoPodClimate01DmgLoose",
		"strImgNorm" : "containers/ItmCargoPodClimate01DmgLoosen",
		"strPortraitImg" : "containers/ItmCargoPodClimate01DmgLoose",
		"strCOBase"	: "ItmCargoPodClimate01DmgLoose",
		"strCondLoot"	: "CNDOLCargoPodClimate05",
		"mapSlotEffects" : [
			"drag", "Blank"
		],
		"mapModeSwitches"	: [
			"ItmCargoPodClimate01", "ItmCargoPodClimate05",
			"ItmCargoPodClimate01Loose", "ItmCargoPodClimate05Loose",
			"ItmCargoPodClimate01Dmg", "ItmCargoPodClimate05Dmg",
			"ItmCargoPodClimate01DmgLoose", "ItmCargoPodClimate05DmgLoose"
		]
	},
	{
		"strName" : "ItmCargoPodClimate06Dmg",
		"strImg" : "containers/ItmCargoPodClimate01Dmg",
		"strImgNorm" : "containers/ItmCargoPodClimate01Dmgn",
		"strPortraitImg" : "containers/ItmCargoPodClimate01Dmg",
		"strCOBase"	: "ItmCargoPodClimate01Dmg",
		"strCondLoot"	: "CNDOLCargoPodClimate02",
		"mapModeSwitches"	: [
			"ItmCargoPodClimate01", "ItmCargoPodClimate06",
			"ItmCargoPodClimate01Loose", "ItmCargoPodClimate06Loose",
			"ItmCargoPodClimate01Dmg", "ItmCargoPodClimate06Dmg",
			"ItmCargoPodClimate01DmgLoose", "ItmCargoPodClimate06DmgLoose"
		]
	},
	{
		"strName" : "ItmCargoPodClimate06DmgLoose",
		"strImg" : "containers/ItmCargoPodClimate01DmgLoose",
		"strImgNorm" : "containers/ItmCargoPodClimate01DmgLoosen",
		"strPortraitImg" : "containers/ItmCargoPodClimate01DmgLoose",
		"strCOBase"	: "ItmCargoPodClimate01DmgLoose",
		"strCondLoot"	: "CNDOLCargoPodClimate06",
		"mapSlotEffects" : [
			"drag", "Blank"
		],
		"mapModeSwitches"	: [
			"ItmCargoPodClimate01", "ItmCargoPodClimate06",
			"ItmCargoPodClimate01Loose", "ItmCargoPodClimate06Loose",
			"ItmCargoPodClimate01Dmg", "ItmCargoPodClimate06Dmg",
			"ItmCargoPodClimate01DmgLoose", "ItmCargoPodClimate06DmgLoose"
		]
	},
	{
		"strName" : "ItmCargoPodClimate07Dmg",
		"strImg" : "containers/ItmCargoPodClimate01Dmg",
		"strImgNorm" : "containers/ItmCargoPodClimate01Dmgn",
		"strPortraitImg" : "containers/ItmCargoPodClimate01Dmg",
		"strCOBase"	: "ItmCargoPodClimate01Dmg",
		"strCondLoot"	: "CNDOLCargoPodClimate02",
		"mapModeSwitches"	: [
			"ItmCargoPodClimate01", "ItmCargoPodClimate07",
			"ItmCargoPodClimate01Loose", "ItmCargoPodClimate07Loose",
			"ItmCargoPodClimate01Dmg", "ItmCargoPodClimate07Dmg",
			"ItmCargoPodClimate01DmgLoose", "ItmCargoPodClimate07DmgLoose"
		]
	},
	{
		"strName" : "ItmCargoPodClimate07DmgLoose",
		"strImg" : "containers/ItmCargoPodClimate01DmgLoose",
		"strImgNorm" : "containers/ItmCargoPodClimate01DmgLoosen",
		"strPortraitImg" : "containers/ItmCargoPodClimate01DmgLoose",
		"strCOBase"	: "ItmCargoPodClimate01DmgLoose",
		"strCondLoot"	: "CNDOLCargoPodClimate07",
		"mapSlotEffects" : [
			"drag", "Blank"
		],
		"mapModeSwitches"	: [
			"ItmCargoPodClimate01", "ItmCargoPodClimate07",
			"ItmCargoPodClimate01Loose", "ItmCargoPodClimate07Loose",
			"ItmCargoPodClimate01Dmg", "ItmCargoPodClimate07Dmg",
			"ItmCargoPodClimate01DmgLoose", "ItmCargoPodClimate07DmgLoose"
		]
	},
	{
		"strName" : "ItmCargoPodClimate08Dmg",
		"strImg" : "containers/ItmCargoPodClimate01Dmg",
		"strImgNorm" : "containers/ItmCargoPodClimate01Dmgn",
		"strPortraitImg" : "containers/ItmCargoPodClimate01Dmg",
		"strCOBase"	: "ItmCargoPodClimate01Dmg",
		"strCondLoot"	: "CNDOLCargoPodClimate02",
		"mapModeSwitches"	: [
			"ItmCargoPodClimate01", "ItmCargoPodClimate08",
			"ItmCargoPodClimate01Loose", "ItmCargoPodClimate08Loose",
			"ItmCargoPodClimate01Dmg", "ItmCargoPodClimate08Dmg",
			"ItmCargoPodClimate01DmgLoose", "ItmCargoPodClimate08DmgLoose"
		]
	},
	{
		"strName" : "ItmCargoPodClimate08DmgLoose",
		"strImg" : "containers/ItmCargoPodClimate01DmgLoose",
		"strImgNorm" : "containers/ItmCargoPodClimate01DmgLoosen",
		"strPortraitImg" : "containers/ItmCargoPodClimate01DmgLoose",
		"strCOBase"	: "ItmCargoPodClimate01DmgLoose",
		"strCondLoot"	: "CNDOLCargoPodClimate08",
		"mapSlotEffects" : [
			"drag", "Blank"
		],
		"mapModeSwitches"	: [
			"ItmCargoPodClimate01", "ItmCargoPodClimate08",
			"ItmCargoPodClimate01Loose", "ItmCargoPodClimate08Loose",
			"ItmCargoPodClimate01Dmg", "ItmCargoPodClimate08Dmg",
			"ItmCargoPodClimate01DmgLoose", "ItmCargoPodClimate08DmgLoose"
		]
	},
	{
		"strName" : "ItmCargoPodClimate09Dmg",
		"strImg" : "containers/ItmCargoPodClimate01Dmg",
		"strImgNorm" : "containers/ItmCargoPodClimate01Dmgn",
		"strPortraitImg" : "containers/ItmCargoPodClimate01Dmg",
		"strCOBase"	: "ItmCargoPodClimate01Dmg",
		"strCondLoot"	: "CNDOLCargoPodClimate02",
		"mapModeSwitches"	: [
			"ItmCargoPodClimate01", "ItmCargoPodClimate09",
			"ItmCargoPodClimate01Loose", "ItmCargoPodClimate09Loose",
			"ItmCargoPodClimate01Dmg", "ItmCargoPodClimate09Dmg",
			"ItmCargoPodClimate01DmgLoose", "ItmCargoPodClimate09DmgLoose"
		]
	},
	{
		"strName" : "ItmCargoPodClimate09DmgLoose",
		"strImg" : "containers/ItmCargoPodClimate01DmgLoose",
		"strImgNorm" : "containers/ItmCargoPodClimate01DmgLoosen",
		"strPortraitImg" : "containers/ItmCargoPodClimate01DmgLoose",
		"strCOBase"	: "ItmCargoPodClimate01DmgLoose",
		"strCondLoot"	: "CNDOLCargoPodClimate09",
		"mapSlotEffects" : [
			"drag", "Blank"
		],
		"mapModeSwitches"	: [
			"ItmCargoPodClimate01", "ItmCargoPodClimate09",
			"ItmCargoPodClimate01Loose", "ItmCargoPodClimate09Loose",
			"ItmCargoPodClimate01Dmg", "ItmCargoPodClimate09Dmg",
			"ItmCargoPodClimate01DmgLoose", "ItmCargoPodClimate09DmgLoose"
		]
	},
	{
		"strName" : "ItmCargoPodClimate10Dmg",
		"strImg" : "containers/ItmCargoPodClimate01Dmg",
		"strImgNorm" : "containers/ItmCargoPodClimate01Dmgn",
		"strPortraitImg" : "containers/ItmCargoPodClimate01Dmg",
		"strCOBase"	: "ItmCargoPodClimate01Dmg",
		"strCondLoot"	: "CNDOLCargoPodClimate02",
		"mapModeSwitches"	: [
			"ItmCargoPodClimate01", "ItmCargoPodClimate10",
			"ItmCargoPodClimate01Loose", "ItmCargoPodClimate10Loose",
			"ItmCargoPodClimate01Dmg", "ItmCargoPodClimate10Dmg",
			"ItmCargoPodClimate01DmgLoose", "ItmCargoPodClimate10DmgLoose"
		]
	},
	{
		"strName" : "ItmCargoPodClimate10DmgLoose",
		"strImg" : "containers/ItmCargoPodClimate01DmgLoose",
		"strImgNorm" : "containers/ItmCargoPodClimate01DmgLoosen",
		"strPortraitImg" : "containers/ItmCargoPodClimate01DmgLoose",
		"strCOBase"	: "ItmCargoPodClimate01DmgLoose",
		"strCondLoot"	: "CNDOLCargoPodClimate10",
		"mapSlotEffects" : [
			"drag", "Blank"
		],
		"mapModeSwitches"	: [
			"ItmCargoPodClimate01", "ItmCargoPodClimate10",
			"ItmCargoPodClimate01Loose", "ItmCargoPodClimate10Loose",
			"ItmCargoPodClimate01Dmg", "ItmCargoPodClimate10Dmg",
			"ItmCargoPodClimate01DmgLoose", "ItmCargoPodClimate10DmgLoose"
		]
	},
	{
		"strName" : "ItmCargoPodClimate11Dmg",
		"strImg" : "containers/ItmCargoPodClimate01Dmg",
		"strImgNorm" : "containers/ItmCargoPodClimate01Dmgn",
		"strPortraitImg" : "containers/ItmCargoPodClimate01Dmg",
		"strCOBase"	: "ItmCargoPodClimate01Dmg",
		"strCondLoot"	: "CNDOLCargoPodClimate02",
		"mapModeSwitches"	: [
			"ItmCargoPodClimate01", "ItmCargoPodClimate11",
			"ItmCargoPodClimate01Loose", "ItmCargoPodClimate11Loose",
			"ItmCargoPodClimate01Dmg", "ItmCargoPodClimate11Dmg",
			"ItmCargoPodClimate01DmgLoose", "ItmCargoPodClimate11DmgLoose"
		]
	},
	{
		"strName" : "ItmCargoPodClimate11DmgLoose",
		"strImg" : "containers/ItmCargoPodClimate01DmgLoose",
		"strImgNorm" : "containers/ItmCargoPodClimate01DmgLoosen",
		"strPortraitImg" : "containers/ItmCargoPodClimate01DmgLoose",
		"strCOBase"	: "ItmCargoPodClimate01DmgLoose",
		"strCondLoot"	: "CNDOLCargoPodClimate11",
		"mapSlotEffects" : [
			"drag", "Blank"
		],
		"mapModeSwitches"	: [
			"ItmCargoPodClimate01", "ItmCargoPodClimate11",
			"ItmCargoPodClimate01Loose", "ItmCargoPodClimate11Loose",
			"ItmCargoPodClimate01Dmg", "ItmCargoPodClimate11Dmg",
			"ItmCargoPodClimate01DmgLoose", "ItmCargoPodClimate11DmgLoose"
		]
	},
	{
		"strName" : "ItmCargoPodRad02Dmg",
		"strImg" : "containers/ItmCargoPodRad01Dmg",
		"strImgNorm" : "containers/ItmCargoPodRad01Dmgn",
		"strPortraitImg" : "containers/ItmCargoPodRad01Dmg",
		"strCOBase"	: "ItmCargoPodRad01Dmg",
		"strCondLoot"	: "CNDOLCargoPodRad02",
		"mapModeSwitches"	: [
			"ItmCargoPodRad01", "ItmCargoPodRad02",
			"ItmCargoPodRad01Loose", "ItmCargoPodRad02Loose",
			"ItmCargoPodRad01Dmg", "ItmCargoPodRad02Dmg",
			"ItmCargoPodRad01DmgLoose", "ItmCargoPodRad02DmgLoose"
		]
	},
	{
		"strName" : "ItmCargoPodRad02DmgLoose",
		"strImg" : "containers/ItmCargoPodRad01DmgLoose",
		"strImgNorm" : "containers/ItmCargoPodRad01DmgLoosen",
		"strPortraitImg" : "containers/ItmCargoPodRad01DmgLoose",
		"strCOBase"	: "ItmCargoPodRad01DmgLoose",
		"strCondLoot"	: "CNDOLCargoPodRad02",
		"mapSlotEffects" : [
			"drag", "Blank"
		],
		"mapModeSwitches"	: [
			"ItmCargoPodRad01", "ItmCargoPodRad02",
			"ItmCargoPodRad01Loose", "ItmCargoPodRad02Loose",
			"ItmCargoPodRad01Dmg", "ItmCargoPodRad02Dmg",
			"ItmCargoPodRad01DmgLoose", "ItmCargoPodRad02DmgLoose"
		]
	},
	{
		"strName" : "ItmCargoPodRad03Dmg",
		"strImg" : "containers/ItmCargoPodRad01Dmg",
		"strImgNorm" : "containers/ItmCargoPodRad01Dmgn",
		"strPortraitImg" : "containers/ItmCargoPodRad01Dmg",
		"strCOBase"	: "ItmCargoPodRad01Dmg",
		"strCondLoot"	: "CNDOLCargoPodRad03",
		"mapModeSwitches"	: [
			"ItmCargoPodRad01", "ItmCargoPodRad03",
			"ItmCargoPodRad01Loose", "ItmCargoPodRad03Loose",
			"ItmCargoPodRad01Dmg", "ItmCargoPodRad03Dmg",
			"ItmCargoPodRad01DmgLoose", "ItmCargoPodRad03DmgLoose"
		]
	},
	{
		"strName" : "ItmCargoPodRad03DmgLoose",
		"strImg" : "containers/ItmCargoPodRad01DmgLoose",
		"strImgNorm" : "containers/ItmCargoPodRad01DmgLoosen",
		"strPortraitImg" : "containers/ItmCargoPodRad01DmgLoose",
		"strCOBase"	: "ItmCargoPodRad01DmgLoose",
		"strCondLoot"	: "CNDOLCargoPodRad03",
		"mapSlotEffects" : [
			"drag", "Blank"
		],
		"mapModeSwitches"	: [
			"ItmCargoPodRad01", "ItmCargoPodRad03",
			"ItmCargoPodRad01Loose", "ItmCargoPodRad03Loose",
			"ItmCargoPodRad01Dmg", "ItmCargoPodRad03Dmg",
			"ItmCargoPodRad01DmgLoose", "ItmCargoPodRad03DmgLoose"
		]
	},
	{
		"strName" : "ItmCargoPodRad04Dmg",
		"strImg" : "containers/ItmCargoPodRad01Dmg",
		"strImgNorm" : "containers/ItmCargoPodRad01Dmgn",
		"strPortraitImg" : "containers/ItmCargoPodRad01Dmg",
		"strCOBase"	: "ItmCargoPodRad01Dmg",
		"strCondLoot"	: "CNDOLCargoPodRad04",
		"mapModeSwitches"	: [
			"ItmCargoPodRad01", "ItmCargoPodRad04",
			"ItmCargoPodRad01Loose", "ItmCargoPodRad04Loose",
			"ItmCargoPodRad01Dmg", "ItmCargoPodRad04Dmg",
			"ItmCargoPodRad01DmgLoose", "ItmCargoPodRad04DmgLoose"
		]
	},
	{
		"strName" : "ItmCargoPodRad04DmgLoose",
		"strImg" : "containers/ItmCargoPodRad01DmgLoose",
		"strImgNorm" : "containers/ItmCargoPodRad01DmgLoosen",
		"strPortraitImg" : "containers/ItmCargoPodRad01DmgLoose",
		"strCOBase"	: "ItmCargoPodRad01DmgLoose",
		"strCondLoot"	: "CNDOLCargoPodRad04",
		"mapSlotEffects" : [
			"drag", "Blank"
		],
		"mapModeSwitches"	: [
			"ItmCargoPodRad01", "ItmCargoPodRad04",
			"ItmCargoPodRad01Loose", "ItmCargoPodRad04Loose",
			"ItmCargoPodRad01Dmg", "ItmCargoPodRad04Dmg",
			"ItmCargoPodRad01DmgLoose", "ItmCargoPodRad04DmgLoose"
		]
	},
	{
		"strName" : "ItmCargoPodRad05Dmg",
		"strImg" : "containers/ItmCargoPodRad01Dmg",
		"strImgNorm" : "containers/ItmCargoPodRad01Dmgn",
		"strPortraitImg" : "containers/ItmCargoPodRad01Dmg",
		"strCOBase"	: "ItmCargoPodRad01Dmg",
		"strCondLoot"	: "CNDOLCargoPodRad05",
		"mapModeSwitches"	: [
			"ItmCargoPodRad01", "ItmCargoPodRad05",
			"ItmCargoPodRad01Loose", "ItmCargoPodRad05Loose",
			"ItmCargoPodRad01Dmg", "ItmCargoPodRad05Dmg",
			"ItmCargoPodRad01DmgLoose", "ItmCargoPodRad05DmgLoose"
		]
	},
	{
		"strName" : "ItmCargoPodRad05DmgLoose",
		"strImg" : "containers/ItmCargoPodRad01DmgLoose",
		"strImgNorm" : "containers/ItmCargoPodRad01DmgLoosen",
		"strPortraitImg" : "containers/ItmCargoPodRad01DmgLoose",
		"strCOBase"	: "ItmCargoPodRad01DmgLoose",
		"strCondLoot"	: "CNDOLCargoPodRad05",
		"mapSlotEffects" : [
			"drag", "Blank"
		],
		"mapModeSwitches"	: [
			"ItmCargoPodRad01", "ItmCargoPodRad05",
			"ItmCargoPodRad01Loose", "ItmCargoPodRad05Loose",
			"ItmCargoPodRad01Dmg", "ItmCargoPodRad05Dmg",
			"ItmCargoPodRad01DmgLoose", "ItmCargoPodRad05DmgLoose"
		]
	},
	{
		"strName" : "ItmCargoPodRad06Dmg",
		"strImg" : "containers/ItmCargoPodRad01Dmg",
		"strImgNorm" : "containers/ItmCargoPodRad01Dmgn",
		"strPortraitImg" : "containers/ItmCargoPodRad01Dmg",
		"strCOBase"	: "ItmCargoPodRad01Dmg",
		"strCondLoot"	: "CNDOLCargoPodRad06",
		"mapModeSwitches"	: [
			"ItmCargoPodRad01", "ItmCargoPodRad06",
			"ItmCargoPodRad01Loose", "ItmCargoPodRad06Loose",
			"ItmCargoPodRad01Dmg", "ItmCargoPodRad06Dmg",
			"ItmCargoPodRad01DmgLoose", "ItmCargoPodRad06DmgLoose"
		]
	},
	{
		"strName" : "ItmCargoPodRad06DmgLoose",
		"strImg" : "containers/ItmCargoPodRad01DmgLoose",
		"strImgNorm" : "containers/ItmCargoPodRad01DmgLoosen",
		"strPortraitImg" : "containers/ItmCargoPodRad01DmgLoose",
		"strCOBase"	: "ItmCargoPodRad01DmgLoose",
		"strCondLoot"	: "CNDOLCargoPodRad06",
		"mapSlotEffects" : [
			"drag", "Blank"
		],
		"mapModeSwitches"	: [
			"ItmCargoPodRad01", "ItmCargoPodRad06",
			"ItmCargoPodRad01Loose", "ItmCargoPodRad06Loose",
			"ItmCargoPodRad01Dmg", "ItmCargoPodRad06Dmg",
			"ItmCargoPodRad01DmgLoose", "ItmCargoPodRad06DmgLoose"
		]
	},
	{
		"strName" : "ItmCargoPodRad07Dmg",
		"strImg" : "containers/ItmCargoPodRad01Dmg",
		"strImgNorm" : "containers/ItmCargoPodRad01Dmgn",
		"strPortraitImg" : "containers/ItmCargoPodRad01Dmg",
		"strCOBase"	: "ItmCargoPodRad01Dmg",
		"strCondLoot"	: "CNDOLCargoPodRad07",
		"mapModeSwitches"	: [
			"ItmCargoPodRad01", "ItmCargoPodRad07",
			"ItmCargoPodRad01Loose", "ItmCargoPodRad07Loose",
			"ItmCargoPodRad01Dmg", "ItmCargoPodRad07Dmg",
			"ItmCargoPodRad01DmgLoose", "ItmCargoPodRad07DmgLoose"
		]
	},
	{
		"strName" : "ItmCargoPodRad07DmgLoose",
		"strImg" : "containers/ItmCargoPodRad01DmgLoose",
		"strImgNorm" : "containers/ItmCargoPodRad01DmgLoosen",
		"strPortraitImg" : "containers/ItmCargoPodRad01DmgLoose",
		"strCOBase"	: "ItmCargoPodRad01DmgLoose",
		"strCondLoot"	: "CNDOLCargoPodRad07",
		"mapSlotEffects" : [
			"drag", "Blank"
		],
		"mapModeSwitches"	: [
			"ItmCargoPodRad01", "ItmCargoPodRad07",
			"ItmCargoPodRad01Loose", "ItmCargoPodRad07Loose",
			"ItmCargoPodRad01Dmg", "ItmCargoPodRad07Dmg",
			"ItmCargoPodRad01DmgLoose", "ItmCargoPodRad07DmgLoose"
		]
	},
	{
		"strName" : "ItmCargoPodRad08Dmg",
		"strImg" : "containers/ItmCargoPodRad01Dmg",
		"strImgNorm" : "containers/ItmCargoPodRad01Dmgn",
		"strPortraitImg" : "containers/ItmCargoPodRad01Dmg",
		"strCOBase"	: "ItmCargoPodRad01Dmg",
		"strCondLoot"	: "CNDOLCargoPodRad08",
		"mapModeSwitches"	: [
			"ItmCargoPodRad01", "ItmCargoPodRad08",
			"ItmCargoPodRad01Loose", "ItmCargoPodRad08Loose",
			"ItmCargoPodRad01Dmg", "ItmCargoPodRad08Dmg",
			"ItmCargoPodRad01DmgLoose", "ItmCargoPodRad08DmgLoose"
		]
	},
	{
		"strName" : "ItmCargoPodRad08DmgLoose",
		"strImg" : "containers/ItmCargoPodRad01DmgLoose",
		"strImgNorm" : "containers/ItmCargoPodRad01DmgLoosen",
		"strPortraitImg" : "containers/ItmCargoPodRad01DmgLoose",
		"strCOBase"	: "ItmCargoPodRad01DmgLoose",
		"strCondLoot"	: "CNDOLCargoPodRad08",
		"mapSlotEffects" : [
			"drag", "Blank"
		],
		"mapModeSwitches"	: [
			"ItmCargoPodRad01", "ItmCargoPodRad08",
			"ItmCargoPodRad01Loose", "ItmCargoPodRad08Loose",
			"ItmCargoPodRad01Dmg", "ItmCargoPodRad08Dmg",
			"ItmCargoPodRad01DmgLoose", "ItmCargoPodRad08DmgLoose"
		]
	},
	{
		"strName" : "ItmCargoPodRad09Dmg",
		"strImg" : "containers/ItmCargoPodRad01Dmg",
		"strImgNorm" : "containers/ItmCargoPodRad01Dmgn",
		"strPortraitImg" : "containers/ItmCargoPodRad01Dmg",
		"strCOBase"	: "ItmCargoPodRad01Dmg",
		"strCondLoot"	: "CNDOLCargoPodRad09",
		"mapModeSwitches"	: [
			"ItmCargoPodRad01", "ItmCargoPodRad09",
			"ItmCargoPodRad01Loose", "ItmCargoPodRad09Loose",
			"ItmCargoPodRad01Dmg", "ItmCargoPodRad09Dmg",
			"ItmCargoPodRad01DmgLoose", "ItmCargoPodRad09DmgLoose"
		]
	},
	{
		"strName" : "ItmCargoPodRad09DmgLoose",
		"strImg" : "containers/ItmCargoPodRad01DmgLoose",
		"strImgNorm" : "containers/ItmCargoPodRad01DmgLoosen",
		"strPortraitImg" : "containers/ItmCargoPodRad01DmgLoose",
		"strCOBase"	: "ItmCargoPodRad01DmgLoose",
		"strCondLoot"	: "CNDOLCargoPodRad09",
		"mapSlotEffects" : [
			"drag", "Blank"
		],
		"mapModeSwitches"	: [
			"ItmCargoPodRad01", "ItmCargoPodRad09",
			"ItmCargoPodRad01Loose", "ItmCargoPodRad09Loose",
			"ItmCargoPodRad01Dmg", "ItmCargoPodRad09Dmg",
			"ItmCargoPodRad01DmgLoose", "ItmCargoPodRad09DmgLoose"
		]
	},
	{
		"strName" : "ItmCargoPodRad10Dmg",
		"strImg" : "containers/ItmCargoPodRad01Dmg",
		"strImgNorm" : "containers/ItmCargoPodRad01Dmgn",
		"strPortraitImg" : "containers/ItmCargoPodRad01Dmg",
		"strCOBase"	: "ItmCargoPodRad01Dmg",
		"strCondLoot"	: "CNDOLCargoPodRad10",
		"mapModeSwitches"	: [
			"ItmCargoPodRad01", "ItmCargoPodRad10",
			"ItmCargoPodRad01Loose", "ItmCargoPodRad10Loose",
			"ItmCargoPodRad01Dmg", "ItmCargoPodRad10Dmg",
			"ItmCargoPodRad01DmgLoose", "ItmCargoPodRad10DmgLoose"
		]
	},
	{
		"strName" : "ItmCargoPodRad10DmgLoose",
		"strImg" : "containers/ItmCargoPodRad01DmgLoose",
		"strImgNorm" : "containers/ItmCargoPodRad01DmgLoosen",
		"strPortraitImg" : "containers/ItmCargoPodRad01DmgLoose",
		"strCOBase"	: "ItmCargoPodRad01DmgLoose",
		"strCondLoot"	: "CNDOLCargoPodRad10",
		"mapSlotEffects" : [
			"drag", "Blank"
		],
		"mapModeSwitches"	: [
			"ItmCargoPodRad01", "ItmCargoPodRad10",
			"ItmCargoPodRad01Loose", "ItmCargoPodRad10Loose",
			"ItmCargoPodRad01Dmg", "ItmCargoPodRad10Dmg",
			"ItmCargoPodRad01DmgLoose", "ItmCargoPodRad10DmgLoose"
		]
	},
	{
		"strName" : "ItmCargoPodRad11Dmg",
		"strImg" : "containers/ItmCargoPodRad01Dmg",
		"strImgNorm" : "containers/ItmCargoPodRad01Dmgn",
		"strPortraitImg" : "containers/ItmCargoPodRad01Dmg",
		"strCOBase"	: "ItmCargoPodRad01Dmg",
		"strCondLoot"	: "CNDOLCargoPodRad11",
		"mapModeSwitches"	: [
			"ItmCargoPodRad01", "ItmCargoPodRad11",
			"ItmCargoPodRad01Loose", "ItmCargoPodRad11Loose",
			"ItmCargoPodRad01Dmg", "ItmCargoPodRad11Dmg",
			"ItmCargoPodRad01DmgLoose", "ItmCargoPodRad11DmgLoose"
		]
	},
	{
		"strName" : "ItmCargoPodRad11DmgLoose",
		"strImg" : "containers/ItmCargoPodRad01DmgLoose",
		"strImgNorm" : "containers/ItmCargoPodRad01DmgLoosen",
		"strPortraitImg" : "containers/ItmCargoPodRad01DmgLoose",
		"strCOBase"	: "ItmCargoPodRad01DmgLoose",
		"strCondLoot"	: "CNDOLCargoPodRad11",
		"mapSlotEffects" : [
			"drag", "Blank"
		],
		"mapModeSwitches"	: [
			"ItmCargoPodRad01", "ItmCargoPodRad11",
			"ItmCargoPodRad01Loose", "ItmCargoPodRad11Loose",
			"ItmCargoPodRad01Dmg", "ItmCargoPodRad11Dmg",
			"ItmCargoPodRad01DmgLoose", "ItmCargoPodRad11DmgLoose"
		]
	},
	{
		"strName" : "ItmCargoPodSpec02Dmg",
		"strImg" : "containers/ItmCargoPodSpec01Dmg",
		"strImgNorm" : "containers/ItmCargoPodSpec01Dmgn",
		"strPortraitImg" : "containers/ItmCargoPodSpec01Dmg",
		"strCOBase"	: "ItmCargoPodSpec01Dmg",
		"strCondLoot"	: "CNDOLCargoPodSpec02",
		"mapModeSwitches"	: [
			"ItmCargoPodSpec01", "ItmCargoPodSpec02",
			"ItmCargoPodSpec01Loose", "ItmCargoPodSpec02Loose",
			"ItmCargoPodSpec01Dmg", "ItmCargoPodSpec02Dmg",
			"ItmCargoPodSpec01DmgLoose", "ItmCargoPodSpec02DmgLoose"
		]
	},
	{
		"strName" : "ItmCargoPodSpec02DmgLoose",
		"strImg" : "containers/ItmCargoPodSpec01DmgLoose",
		"strImgNorm" : "containers/ItmCargoPodSpec01DmgLoosen",
		"strPortraitImg" : "containers/ItmCargoPodSpec01DmgLoose",
		"strCOBase"	: "ItmCargoPodSpec01DmgLoose",
		"strCondLoot"	: "CNDOLCargoPodSpec02",
		"mapSlotEffects" : [
			"drag", "Blank"
		],
		"mapModeSwitches"	: [
			"ItmCargoPodSpec01", "ItmCargoPodSpec02",
			"ItmCargoPodSpec01Loose", "ItmCargoPodSpec02Loose",
			"ItmCargoPodSpec01Dmg", "ItmCargoPodSpec02Dmg",
			"ItmCargoPodSpec01DmgLoose", "ItmCargoPodSpec02DmgLoose"
		]
	},
	{
		"strName" : "ItmCargoPodSpec03Dmg",
		"strImg" : "containers/ItmCargoPodSpec01Dmg",
		"strImgNorm" : "containers/ItmCargoPodSpec01Dmgn",
		"strPortraitImg" : "containers/ItmCargoPodSpec01Dmg",
		"strCOBase"	: "ItmCargoPodSpec01Dmg",
		"strCondLoot"	: "CNDOLCargoPodSpec03",
		"mapModeSwitches"	: [
			"ItmCargoPodSpec01", "ItmCargoPodSpec03",
			"ItmCargoPodSpec01Loose", "ItmCargoPodSpec03Loose",
			"ItmCargoPodSpec01Dmg", "ItmCargoPodSpec03Dmg",
			"ItmCargoPodSpec01DmgLoose", "ItmCargoPodSpec03DmgLoose"
		]
	},
	{
		"strName" : "ItmCargoPodSpec03DmgLoose",
		"strImg" : "containers/ItmCargoPodSpec01DmgLoose",
		"strImgNorm" : "containers/ItmCargoPodSpec01DmgLoosen",
		"strPortraitImg" : "containers/ItmCargoPodSpec01DmgLoose",
		"strCOBase"	: "ItmCargoPodSpec01DmgLoose",
		"strCondLoot"	: "CNDOLCargoPodSpec03",
		"mapSlotEffects" : [
			"drag", "Blank"
		],
		"mapModeSwitches"	: [
			"ItmCargoPodSpec01", "ItmCargoPodSpec03",
			"ItmCargoPodSpec01Loose", "ItmCargoPodSpec03Loose",
			"ItmCargoPodSpec01Dmg", "ItmCargoPodSpec03Dmg",
			"ItmCargoPodSpec01DmgLoose", "ItmCargoPodSpec03DmgLoose"
		]
	},
	{
		"strName" : "ItmCargoPodSpec04Dmg",
		"strImg" : "containers/ItmCargoPodSpec01Dmg",
		"strImgNorm" : "containers/ItmCargoPodSpec01Dmgn",
		"strPortraitImg" : "containers/ItmCargoPodSpec01Dmg",
		"strCOBase"	: "ItmCargoPodSpec01Dmg",
		"strCondLoot"	: "CNDOLCargoPodSpec04",
		"mapModeSwitches"	: [
			"ItmCargoPodSpec01", "ItmCargoPodSpec04",
			"ItmCargoPodSpec01Loose", "ItmCargoPodSpec04Loose",
			"ItmCargoPodSpec01Dmg", "ItmCargoPodSpec04Dmg",
			"ItmCargoPodSpec01DmgLoose", "ItmCargoPodSpec04DmgLoose"
		]
	},
	{
		"strName" : "ItmCargoPodSpec04DmgLoose",
		"strImg" : "containers/ItmCargoPodSpec01DmgLoose",
		"strImgNorm" : "containers/ItmCargoPodSpec01DmgLoosen",
		"strPortraitImg" : "containers/ItmCargoPodSpec01DmgLoose",
		"strCOBase"	: "ItmCargoPodSpec01DmgLoose",
		"strCondLoot"	: "CNDOLCargoPodSpec04",
		"mapSlotEffects" : [
			"drag", "Blank"
		],
		"mapModeSwitches"	: [
			"ItmCargoPodSpec01", "ItmCargoPodSpec04",
			"ItmCargoPodSpec01Loose", "ItmCargoPodSpec04Loose",
			"ItmCargoPodSpec01Dmg", "ItmCargoPodSpec04Dmg",
			"ItmCargoPodSpec01DmgLoose", "ItmCargoPodSpec04DmgLoose"
		]
	},
	{
		"strName" : "ItmCargoPodSpec05Dmg",
		"strImg" : "containers/ItmCargoPodSpec01Dmg",
		"strImgNorm" : "containers/ItmCargoPodSpec01Dmgn",
		"strPortraitImg" : "containers/ItmCargoPodSpec01Dmg",
		"strCOBase"	: "ItmCargoPodSpec01Dmg",
		"strCondLoot"	: "CNDOLCargoPodSpec05",
		"mapModeSwitches"	: [
			"ItmCargoPodSpec01", "ItmCargoPodSpec05",
			"ItmCargoPodSpec01Loose", "ItmCargoPodSpec05Loose",
			"ItmCargoPodSpec01Dmg", "ItmCargoPodSpec05Dmg",
			"ItmCargoPodSpec01DmgLoose", "ItmCargoPodSpec05DmgLoose"
		]
	},
	{
		"strName" : "ItmCargoPodSpec05DmgLoose",
		"strImg" : "containers/ItmCargoPodSpec01DmgLoose",
		"strImgNorm" : "containers/ItmCargoPodSpec01DmgLoosen",
		"strPortraitImg" : "containers/ItmCargoPodSpec01DmgLoose",
		"strCOBase"	: "ItmCargoPodSpec01DmgLoose",
		"strCondLoot"	: "CNDOLCargoPodSpec05",
		"mapSlotEffects" : [
			"drag", "Blank"
		],
		"mapModeSwitches"	: [
			"ItmCargoPodSpec01", "ItmCargoPodSpec05",
			"ItmCargoPodSpec01Loose", "ItmCargoPodSpec05Loose",
			"ItmCargoPodSpec01Dmg", "ItmCargoPodSpec05Dmg",
			"ItmCargoPodSpec01DmgLoose", "ItmCargoPodSpec05DmgLoose"
		]
	},
	{
		"strName" : "ItmCargoPodSpec06Dmg",
		"strImg" : "containers/ItmCargoPodSpec01Dmg",
		"strImgNorm" : "containers/ItmCargoPodSpec01Dmgn",
		"strPortraitImg" : "containers/ItmCargoPodSpec01Dmg",
		"strCOBase"	: "ItmCargoPodSpec01Dmg",
		"strCondLoot"	: "CNDOLCargoPodSpec06",
		"mapModeSwitches"	: [
			"ItmCargoPodSpec01", "ItmCargoPodSpec06",
			"ItmCargoPodSpec01Loose", "ItmCargoPodSpec06Loose",
			"ItmCargoPodSpec01Dmg", "ItmCargoPodSpec06Dmg",
			"ItmCargoPodSpec01DmgLoose", "ItmCargoPodSpec06DmgLoose"
		]
	},
	{
		"strName" : "ItmCargoPodSpec06DmgLoose",
		"strImg" : "containers/ItmCargoPodSpec01DmgLoose",
		"strImgNorm" : "containers/ItmCargoPodSpec01DmgLoosen",
		"strPortraitImg" : "containers/ItmCargoPodSpec01DmgLoose",
		"strCOBase"	: "ItmCargoPodSpec01DmgLoose",
		"strCondLoot"	: "CNDOLCargoPodSpec06",
		"mapSlotEffects" : [
			"drag", "Blank"
		],
		"mapModeSwitches"	: [
			"ItmCargoPodSpec01", "ItmCargoPodSpec06",
			"ItmCargoPodSpec01Loose", "ItmCargoPodSpec06Loose",
			"ItmCargoPodSpec01Dmg", "ItmCargoPodSpec06Dmg",
			"ItmCargoPodSpec01DmgLoose", "ItmCargoPodSpec06DmgLoose"
		]
	},
	{
		"strName" : "ItmCargoPodSpec07Dmg",
		"strImg" : "containers/ItmCargoPodSpec01Dmg",
		"strImgNorm" : "containers/ItmCargoPodSpec01Dmgn",
		"strPortraitImg" : "containers/ItmCargoPodSpec01Dmg",
		"strCOBase"	: "ItmCargoPodSpec01Dmg",
		"strCondLoot"	: "CNDOLCargoPodSpec07",
		"mapModeSwitches"	: [
			"ItmCargoPodSpec01", "ItmCargoPodSpec07",
			"ItmCargoPodSpec01Loose", "ItmCargoPodSpec07Loose",
			"ItmCargoPodSpec01Dmg", "ItmCargoPodSpec07Dmg",
			"ItmCargoPodSpec01DmgLoose", "ItmCargoPodSpec07DmgLoose"
		]
	},
	{
		"strName" : "ItmCargoPodSpec07DmgLoose",
		"strImg" : "containers/ItmCargoPodSpec01DmgLoose",
		"strImgNorm" : "containers/ItmCargoPodSpec01DmgLoosen",
		"strPortraitImg" : "containers/ItmCargoPodSpec01DmgLoose",
		"strCOBase"	: "ItmCargoPodSpec01DmgLoose",
		"strCondLoot"	: "CNDOLCargoPodSpec07",
		"mapSlotEffects" : [
			"drag", "Blank"
		],
		"mapModeSwitches"	: [
			"ItmCargoPodSpec01", "ItmCargoPodSpec07",
			"ItmCargoPodSpec01Loose", "ItmCargoPodSpec07Loose",
			"ItmCargoPodSpec01Dmg", "ItmCargoPodSpec07Dmg",
			"ItmCargoPodSpec01DmgLoose", "ItmCargoPodSpec07DmgLoose"
		]
	},
	{
		"strName" : "ItmCargoPodSpec08Dmg",
		"strImg" : "containers/ItmCargoPodSpec01Dmg",
		"strImgNorm" : "containers/ItmCargoPodSpec01Dmgn",
		"strPortraitImg" : "containers/ItmCargoPodSpec01Dmg",
		"strCOBase"	: "ItmCargoPodSpec01Dmg",
		"strCondLoot"	: "CNDOLCargoPodSpec08",
		"mapModeSwitches"	: [
			"ItmCargoPodSpec01", "ItmCargoPodSpec08",
			"ItmCargoPodSpec01Loose", "ItmCargoPodSpec08Loose",
			"ItmCargoPodSpec01Dmg", "ItmCargoPodSpec08Dmg",
			"ItmCargoPodSpec01DmgLoose", "ItmCargoPodSpec08DmgLoose"
		]
	},
	{
		"strName" : "ItmCargoPodSpec08DmgLoose",
		"strImg" : "containers/ItmCargoPodSpec01DmgLoose",
		"strImgNorm" : "containers/ItmCargoPodSpec01DmgLoosen",
		"strPortraitImg" : "containers/ItmCargoPodSpec01DmgLoose",
		"strCOBase"	: "ItmCargoPodSpec01DmgLoose",
		"strCondLoot"	: "CNDOLCargoPodSpec08",
		"mapSlotEffects" : [
			"drag", "Blank"
		],
		"mapModeSwitches"	: [
			"ItmCargoPodSpec01", "ItmCargoPodSpec08",
			"ItmCargoPodSpec01Loose", "ItmCargoPodSpec08Loose",
			"ItmCargoPodSpec01Dmg", "ItmCargoPodSpec08Dmg",
			"ItmCargoPodSpec01DmgLoose", "ItmCargoPodSpec08DmgLoose"
		]
	},
	{
		"strName" : "ItmCargoPodSpec09Dmg",
		"strImg" : "containers/ItmCargoPodSpec01Dmg",
		"strImgNorm" : "containers/ItmCargoPodSpec01Dmgn",
		"strPortraitImg" : "containers/ItmCargoPodSpec01Dmg",
		"strCOBase"	: "ItmCargoPodSpec01Dmg",
		"strCondLoot"	: "CNDOLCargoPodSpec09",
		"mapModeSwitches"	: [
			"ItmCargoPodSpec01", "ItmCargoPodSpec09",
			"ItmCargoPodSpec01Loose", "ItmCargoPodSpec09Loose",
			"ItmCargoPodSpec01Dmg", "ItmCargoPodSpec09Dmg",
			"ItmCargoPodSpec01DmgLoose", "ItmCargoPodSpec09DmgLoose"
		]
	},
	{
		"strName" : "ItmCargoPodSpec09DmgLoose",
		"strImg" : "containers/ItmCargoPodSpec01DmgLoose",
		"strImgNorm" : "containers/ItmCargoPodSpec01DmgLoosen",
		"strPortraitImg" : "containers/ItmCargoPodSpec01DmgLoose",
		"strCOBase"	: "ItmCargoPodRad01DmgLoose",
		"strCondLoot"	: "CNDOLCargoPodSpec09",
		"mapSlotEffects" : [
			"drag", "Blank"
		],
		"mapModeSwitches"	: [
			"ItmCargoPodSpec01", "ItmCargoPodSpec09",
			"ItmCargoPodSpec01Loose", "ItmCargoPodSpec09Loose",
			"ItmCargoPodSpec01Dmg", "ItmCargoPodSpec09Dmg",
			"ItmCargoPodSpec01DmgLoose", "ItmCargoPodSpec09DmgLoose"
		]
	},
	{
		"strName" : "ItmCargoPodSpec10Dmg",
		"strImg" : "containers/ItmCargoPodSpec01Dmg",
		"strImgNorm" : "containers/ItmCargoPodSpec01Dmgn",
		"strPortraitImg" : "containers/ItmCargoPodSpec01Dmg",
		"strCOBase"	: "ItmCargoPodSpec01Dmg",
		"strCondLoot"	: "CNDOLCargoPodSpec10",
		"mapModeSwitches"	: [
			"ItmCargoPodSpec01", "ItmCargoPodSpec10",
			"ItmCargoPodSpec01Loose", "ItmCargoPodSpec10Loose",
			"ItmCargoPodSpec01Dmg", "ItmCargoPodSpec10Dmg",
			"ItmCargoPodSpec01DmgLoose", "ItmCargoPodSpec10DmgLoose"
		]
	},
	{
		"strName" : "ItmCargoPodSpec10DmgLoose",
		"strImg" : "containers/ItmCargoPodSpec01DmgLoose",
		"strImgNorm" : "containers/ItmCargoPodSpec01DmgLoosen",
		"strPortraitImg" : "containers/ItmCargoPodSpec01DmgLoose",
		"strCOBase"	: "ItmCargoPodSpec01DmgLoose",
		"strCondLoot"	: "CNDOLCargoPodSpec10",
		"mapSlotEffects" : [
			"drag", "Blank"
		],
		"mapModeSwitches"	: [
			"ItmCargoPodSpec01", "ItmCargoPodSpec10",
			"ItmCargoPodSpec01Loose", "ItmCargoPodSpec10Loose",
			"ItmCargoPodSpec01Dmg", "ItmCargoPodSpec10Dmg",
			"ItmCargoPodSpec01DmgLoose", "ItmCargoPodSpec10DmgLoose"
		]
	},
	{
		"strName" : "ItmCargoPodSpec11Dmg",
		"strImg" : "containers/ItmCargoPodSpec01Dmg",
		"strImgNorm" : "containers/ItmCargoPodSpec01Dmgn",
		"strPortraitImg" : "containers/ItmCargoPodSpec01Dmg",
		"strCOBase"	: "ItmCargoPodSpec01Dmg",
		"strCondLoot"	: "CNDOLCargoPodSpec11",
		"mapModeSwitches"	: [
			"ItmCargoPodSpec01", "ItmCargoPodSpec11",
			"ItmCargoPodSpec01Loose", "ItmCargoPodSpec11Loose",
			"ItmCargoPodSpec01Dmg", "ItmCargoPodSpec11Dmg",
			"ItmCargoPodSpec01DmgLoose", "ItmCargoPodSpec11DmgLoose"
		]
	},
	{
		"strName" : "ItmCargoPodSpec11DmgLoose",
		"strImg" : "containers/ItmCargoPodSpec01DmgLoose",
		"strImgNorm" : "containers/ItmCargoPodSpec01DmgLoosen",
		"strPortraitImg" : "containers/ItmCargoPodSpec01DmgLoose",
		"strCOBase"	: "ItmCargoPodSpec01DmgLoose",
		"strCondLoot"	: "CNDOLCargoPodSpec11",
		"mapSlotEffects" : [
			"drag", "Blank"
		],
		"mapModeSwitches"	: [
			"ItmCargoPodSpec01", "ItmCargoPodSpec11",
			"ItmCargoPodSpec01Loose", "ItmCargoPodSpec11Loose",
			"ItmCargoPodSpec01Dmg", "ItmCargoPodSpec11Dmg",
			"ItmCargoPodSpec01DmgLoose", "ItmCargoPodSpec11DmgLoose"
		]
	}
]	