[
    {
        "strName": "ItmWallAERO01",
        "strNameFriendly": "Стена: Тестудо \"Серия Аэро\"",
        "strImg": "tiles/ItmWallBlueCaution01Sheet",
        "strImgNorm": "tiles/ItmWallBlueCaution01Sheetn",
        "strPortraitImg": "tiles/ItmWallBlueCaution01",
        "strCOBase": "ItmWall1x1",
        "strCondLoot": "CNDOLWallAERO01",
        "mapModeSwitches": [
            "ItmWall1x1",
            "ItmWallAERO01",
            "ItmWall1x1Patch",
            "ItmWallAERO01Patch",
            "ItmWall1x1Dmg",
            "ItmWallAERO01Dmg",
            "ItmWall1x1Loose",
            "ItmWallAERO01Loose"
        ]
    },
    {
        "strName": "ItmWallAERO01Dmg",
        "strNameFriendly": "Стена (повреждена): Тестудо \"Серия Аэро\"",
        "strImg": "tiles/ItmWallBlueCaution01Dmg",
        "strImgNorm": "tiles/ItmWallDmgn",
        "strPortraitImg": "tiles/ItmWallBlueCaution01Dmg",
        "strCOBase": "ItmWall1x1Dmg",
        "strCondLoot": "CNDOLWallAERO01",
        "mapModeSwitches": [
            "ItmWall1x1",
            "ItmWallAERO01",
            "ItmWall1x1Patch",
            "ItmWallAERO01Patch",
            "ItmWall1x1Dmg",
            "ItmWallAERO01Dmg",
            "ItmWall1x1Loose",
            "ItmWallAERO01Loose"
        ]
    },
    {
        "strName": "ItmWallAERO01Loose",
        "strNameFriendly": "Стена (отсоединена): Тестудо \"Серия Аэро\"",
        "strImg": "tiles/ItmWallBlueCaution01Loose",
        "strImgNorm": "tiles/ItmWallBlueCaution01Loosen",
        "strPortraitImg": "tiles/ItmWallBlueCaution01Loose",
        "strCOBase": "ItmWall1x1Loose",
        "strCondLoot": "CNDOLWallAERO01",
        "mapSlotEffects": [
            "drag",
            "Blank"
        ],
        "mapModeSwitches": [
            "ItmWall1x1",
            "ItmWallAERO01",
            "ItmWall1x1Patch",
            "ItmWallAERO01Patch",
            "ItmWall1x1Dmg",
            "ItmWallAERO01Dmg",
            "ItmWall1x1Loose",
            "ItmWallAERO01Loose"
        ]
    },
    {
        "strName": "ItmWallAERO01Patch",
        "strNameFriendly": "Стена (Залатана): Тестудо \"Серия Аэро\"",
        "strImg": "tiles/ItmWallBlueCaution01Patch",
        "strImgNorm": "tiles/ItmWallPatchn",
        "strPortraitImg": "tiles/ItmWallBlueCaution01Patch",
        "strCOBase": "ItmWall1x1Patch",
        "strCondLoot": "CNDOLWallAERO01",
        "mapModeSwitches": [
            "ItmWall1x1",
            "ItmWallAERO01",
            "ItmWall1x1Patch",
            "ItmWallAERO01Patch",
            "ItmWall1x1Dmg",
            "ItmWallAERO01Dmg",
            "ItmWall1x1Loose",
            "ItmWallAERO01Loose"
        ]
    },
    {
        "strName": "ItmWallAERO01b",
        "strNameFriendly": "Стена: Тестудо \"Серия Аэро II\"",
        "strImg": "tiles/ItmWallYellowCaution01Sheet",
        "strImgNorm": "tiles/ItmWallBlueCaution01Sheetn",
        "strPortraitImg": "tiles/ItmWallYellowCaution01",
        "strCOBase": "ItmWall1x1",
        "strCondLoot": "CNDOLWallAERO01b",
        "mapModeSwitches": [
            "ItmWall1x1",
            "ItmWallAERO01b",
            "ItmWall1x1Patch",
            "ItmWallAERO01bPatch",
            "ItmWall1x1Dmg",
            "ItmWallAERO01bDmg",
            "ItmWall1x1Loose",
            "ItmWallAERO01bLoose"
        ]
    },
    {
        "strName": "ItmWallAERO01bDmg",
        "strNameFriendly": "Стена (повреждена): Тестудо \"Серия Аэро II\"",
        "strImg": "tiles/ItmWallYellowCaution01Dmg",
        "strImgNorm": "tiles/ItmWallDmgn",
        "strPortraitImg": "tiles/ItmWallYellowCaution01Dmg",
        "strCOBase": "ItmWall1x1Dmg",
        "strCondLoot": "CNDOLWallAERO01b",
        "mapModeSwitches": [
            "ItmWall1x1",
            "ItmWallAERO01b",
            "ItmWall1x1Patch",
            "ItmWallAERO01bPatch",
            "ItmWall1x1Dmg",
            "ItmWallAERO01bDmg",
            "ItmWall1x1Loose",
            "ItmWallAERO01bLoose"
        ]
    },
    {
        "strName": "ItmWallAERO01bLoose",
        "strNameFriendly": "Стена (отсоединена): Тестудо \"Серия Аэро II\"",
        "strImg": "tiles/ItmWallYellowCaution01Loose",
        "strImgNorm": "tiles/ItmWallBlueCaution01Loosen",
        "strPortraitImg": "tiles/ItmWallYellowCaution01Loose",
        "strCOBase": "ItmWall1x1Loose",
        "strCondLoot": "CNDOLWallAERO01b",
        "mapSlotEffects": [
            "drag",
            "Blank"
        ],
        "mapModeSwitches": [
            "ItmWall1x1",
            "ItmWallAERO01b",
            "ItmWall1x1Patch",
            "ItmWallAERO01bPatch",
            "ItmWall1x1Dmg",
            "ItmWallAERO01bDmg",
            "ItmWall1x1Loose",
            "ItmWallAERO01bLoose"
        ]
    },
    {
        "strName": "ItmWallAERO01bPatch",
        "strNameFriendly": "Стена (Залатана): Тестудо \"Серия Аэро II\"",
        "strImg": "tiles/ItmWallYellowCaution01Patch",
        "strImgNorm": "tiles/ItmWallPatchn",
        "strPortraitImg": "tiles/ItmWallYellowCaution01Patch",
        "strCOBase": "ItmWall1x1Patch",
        "strCondLoot": "CNDOLWallAERO01b",
        "mapModeSwitches": [
            "ItmWall1x1",
            "ItmWallAERO01b",
            "ItmWall1x1Patch",
            "ItmWallAERO01bPatch",
            "ItmWall1x1Dmg",
            "ItmWallAERO01bDmg",
            "ItmWall1x1Loose",
            "ItmWallAERO01bLoose"
        ]
    },
    {
        "strName": "ItmWallAERO02",
        "strNameFriendly": "Стена: Тестудо \"Серия ЛА\"",
        "strImg": "tiles/ItmWallGrayCaution01Sheet",
        "strImgNorm": "tiles/ItmWallGrayCaution01Sheetn",
        "strPortraitImg": "tiles/ItmWallGrayCaution01",
        "strCOBase": "ItmWall1x1",
        "strCondLoot": "CNDOLWallAERO02",
        "mapModeSwitches": [
            "ItmWall1x1",
            "ItmWallAERO02",
            "ItmWall1x1Patch",
            "ItmWallAERO02Patch",
            "ItmWall1x1Dmg",
            "ItmWallAERO02Dmg",
            "ItmWall1x1Loose",
            "ItmWallAERO02Loose"
        ]
    },
    {
        "strName": "ItmWallAERO02Dmg",
        "strNameFriendly": "Стена (повреждена): Тестудо \"Серия ЛА\"",
        "strImg": "tiles/ItmWallGrayCaution01Dmg",
        "strImgNorm": "tiles/ItmWallDmgn",
        "strPortraitImg": "tiles/ItmWallGrayCaution01Dmg",
        "strCOBase": "ItmWall1x1Dmg",
        "strCondLoot": "CNDOLWallAERO02",
        "mapModeSwitches": [
            "ItmWall1x1",
            "ItmWallAERO02",
            "ItmWall1x1Patch",
            "ItmWallAERO02Patch",
            "ItmWall1x1Dmg",
            "ItmWallAERO02Dmg",
            "ItmWall1x1Loose",
            "ItmWallAERO02Loose"
        ]
    },
    {
        "strName": "ItmWallAERO02Loose",
        "strNameFriendly": "Стена (отсоединена): Тестудо \"Серия ЛА\"",
        "strImg": "tiles/ItmWallGrayCaution01Loose",
        "strImgNorm": "tiles/ItmWallGrayCaution01Loosen",
        "strPortraitImg": "tiles/ItmWallGrayCaution01Loose",
        "strCOBase": "ItmWall1x1Loose",
        "strCondLoot": "CNDOLWallAERO02",
        "mapSlotEffects": [
            "drag",
            "Blank"
        ],
        "mapModeSwitches": [
            "ItmWall1x1",
            "ItmWallAERO02",
            "ItmWall1x1Patch",
            "ItmWallAERO02Patch",
            "ItmWall1x1Dmg",
            "ItmWallAERO02Dmg",
            "ItmWall1x1Loose",
            "ItmWallAERO02Loose"
        ]
    },
    {
        "strName": "ItmWallAERO02Patch",
        "strNameFriendly": "Стена (Залатана): Тестудо \"Серия ЛА\"",
        "strImg": "tiles/ItmWallGrayCaution01Patch",
        "strImgNorm": "tiles/ItmWallPatchn",
        "strPortraitImg": "tiles/ItmWallGrayCaution01Patch",
        "strCOBase": "ItmWall1x1Patch",
        "strCondLoot": "CNDOLWallAERO02",
        "mapModeSwitches": [
            "ItmWall1x1",
            "ItmWallAERO02",
            "ItmWall1x1Patch",
            "ItmWallAERO02Patch",
            "ItmWall1x1Dmg",
            "ItmWallAERO02Dmg",
            "ItmWall1x1Loose",
            "ItmWallAERO02Loose"
        ]
    },
    {
        "strName": "ItmWallCAYL02",
        "strNameFriendly": "Стена: Кейлон \"Серия ДураВал Интерьер Зелёная\"",
        "strImg": "tiles/FloorGrate12/ItmWallAeroInt02Sheet",
        "strImgNorm": "tiles/FloorGrate12/ItmWallAeroInt01Sheetn",
        "strPortraitImg": "tiles/FloorGrate12/ItmWallAeroInt02",
        "strCOBase": "ItmWallPlastic1x1",
        "strCondLoot": "CNDOLWallCAYL02",
        "mapModeSwitches": [
            "ItmWallPlastic1x1",
            "ItmWallCAYL02",
            "ItmWallPlastic1x1Patch",
            "ItmWallCAYL02Patch",
            "ItmWallPlastic1x1Dmg",
            "ItmWallCAYL02Dmg",
            "ItmWallPlastic1x1Loose",
            "ItmWallCAYL02Loose"
        ]
    },
    {
        "strName": "ItmWallCAYL02Dmg",
        "strNameFriendly": "Стена (повреждена): Кейлон \"Серия ДураВал Интерьер Зелёная\"",
        "strImg": "tiles/FloorGrate12/ItmWallAeroInt02Dmg",
        "strImgNorm": "tiles/ItmWallDmgn",
        "strPortraitImg": "tiles/FloorGrate12/ItmWallAeroInt02Dmg",
        "strCOBase": "ItmWallPlastic1x1Dmg",
        "strCondLoot": "CNDOLWallCAYL02",
        "mapModeSwitches": [
            "ItmWallPlastic1x1",
            "ItmWallCAYL02",
            "ItmWallPlastic1x1Patch",
            "ItmWallCAYL02Patch",
            "ItmWallPlastic1x1Dmg",
            "ItmWallCAYL02Dmg",
            "ItmWallPlastic1x1Loose",
            "ItmWallCAYL02Loose"
        ]
    },
    {
        "strName": "ItmWallCAYL02Loose",
        "strNameFriendly": "Стена (отсоединена): Кейлон \"Серия ДураВал Интерьер Зелёная\"",
        "strImg": "tiles/FloorGrate12/ItmWallAeroInt02Loose",
        "strImgNorm": "tiles/ItmWallLoosen",
        "strPortraitImg": "tiles/FloorGrate12/ItmWallAeroInt02Loose",
        "strCOBase": "ItmWallPlastic1x1Loose",
        "strCondLoot": "CNDOLWallCAYL02",
        "mapSlotEffects": [
            "drag",
            "Blank"
        ],
        "mapModeSwitches": [
            "ItmWallPlastic1x1",
            "ItmWallCAYL02",
            "ItmWallPlastic1x1Patch",
            "ItmWallCAYL02Patch",
            "ItmWallPlastic1x1Dmg",
            "ItmWallCAYL02Dmg",
            "ItmWallPlastic1x1Loose",
            "ItmWallCAYL02Loose"
        ]
    },
    {
        "strName": "ItmWallCAYL02Patch",
        "strNameFriendly": "Стена (Залатана): Кейлон \"Серия ДураВал Интерьер Зелёная\"",
        "strImg": "tiles/FloorGrate12/ItmWallAeroInt02Patch",
        "strImgNorm": "tiles/ItmWallPatchn",
        "strPortraitImg": "tiles/FloorGrate12/ItmWallAeroInt02Patch",
        "strCOBase": "ItmWallPlastic1x1Patch",
        "strCondLoot": "CNDOLWallCAYL02",
        "mapModeSwitches": [
            "ItmWallPlastic1x1",
            "ItmWallCAYL02",
            "ItmWallPlastic1x1Patch",
            "ItmWallCAYL02Patch",
            "ItmWallPlastic1x1Dmg",
            "ItmWallCAYL02Dmg",
            "ItmWallPlastic1x1Loose",
            "ItmWallCAYL02Loose"
        ]
    },
    {
        "strName": "ItmWallCAYL03",
        "strNameFriendly": "Стена: Кейлон \"Серия ДураВал Интерьер Оранжевая\"",
        "strImg": "tiles/FloorGrate12/ItmWallAeroInt03Sheet",
        "strImgNorm": "tiles/FloorGrate12/ItmWallAeroInt01Sheetn",
        "strPortraitImg": "tiles/FloorGrate12/ItmWallAeroInt03",
        "strCOBase": "ItmWallPlastic1x1",
        "strCondLoot": "CNDOLWallCAYL03",
        "mapModeSwitches": [
            "ItmWallPlastic1x1",
            "ItmWallCAYL03",
            "ItmWallPlastic1x1Patch",
            "ItmWallCAYL03Patch",
            "ItmWallPlastic1x1Dmg",
            "ItmWallCAYL03Dmg",
            "ItmWallPlastic1x1Loose",
            "ItmWallCAYL03Loose"
        ]
    },
    {
        "strName": "ItmWallCAYL03Dmg",
        "strNameFriendly": "Стена (повреждена): Кейлон \"Серия ДураВал Интерьер Оранжевая\"",
        "strImg": "tiles/FloorGrate12/ItmWallAeroInt03Dmg",
        "strImgNorm": "tiles/ItmWallDmgn",
        "strPortraitImg": "tiles/FloorGrate12/ItmWallAeroInt03Dmg",
        "strCOBase": "ItmWallPlastic1x1Dmg",
        "strCondLoot": "CNDOLWallCAYL03",
        "mapModeSwitches": [
            "ItmWallPlastic1x1",
            "ItmWallCAYL03",
            "ItmWallPlastic1x1Patch",
            "ItmWallCAYL03Patch",
            "ItmWallPlastic1x1Dmg",
            "ItmWallCAYL03Dmg",
            "ItmWallPlastic1x1Loose",
            "ItmWallCAYL03Loose"
        ]
    },
    {
        "strName": "ItmWallCAYL03Loose",
        "strNameFriendly": "Стена (отсоединена): Кейлон \"Серия ДураВал Интерьер Оранжевая\"",
        "strImg": "tiles/FloorGrate12/ItmWallAeroInt03Loose",
        "strImgNorm": "tiles/ItmWallLoosen",
        "strPortraitImg": "tiles/FloorGrate12/ItmWallAeroInt03Loose",
        "strCOBase": "ItmWallPlastic1x1Loose",
        "strCondLoot": "CNDOLWallCAYL03",
        "mapSlotEffects": [
            "drag",
            "Blank"
        ],
        "mapModeSwitches": [
            "ItmWallPlastic1x1",
            "ItmWallCAYL03",
            "ItmWallPlastic1x1Patch",
            "ItmWallCAYL03Patch",
            "ItmWallPlastic1x1Dmg",
            "ItmWallCAYL03Dmg",
            "ItmWallPlastic1x1Loose",
            "ItmWallCAYL03Loose"
        ]
    },
    {
        "strName": "ItmWallCAYL03Patch",
        "strNameFriendly": "Стена (Залатана): Кейлон \"Серия ДураВал Интерьер Оранжевая\"",
        "strImg": "tiles/FloorGrate12/ItmWallAeroInt03Patch",
        "strImgNorm": "tiles/ItmWallPatchn",
        "strPortraitImg": "tiles/FloorGrate12/ItmWallAeroInt03Patch",
        "strCOBase": "ItmWallPlastic1x1Patch",
        "strCondLoot": "CNDOLWallCAYL03",
        "mapModeSwitches": [
            "ItmWallPlastic1x1",
            "ItmWallCAYL03",
            "ItmWallPlastic1x1Patch",
            "ItmWallCAYL03Patch",
            "ItmWallPlastic1x1Dmg",
            "ItmWallCAYL03Dmg",
            "ItmWallPlastic1x1Loose",
            "ItmWallCAYL03Loose"
        ]
    },
    {
        "strName": "ItmWallCAYL04",
        "strNameFriendly": "Стена: Кейлон \"Серия ДураВал Интерьер Красная\"",
        "strImg": "tiles/FloorGrate12/ItmWallAeroInt04Sheet",
        "strImgNorm": "tiles/FloorGrate12/ItmWallAeroInt01Sheetn",
        "strPortraitImg": "tiles/FloorGrate12/ItmWallAeroInt04",
        "strCOBase": "ItmWallPlastic1x1",
        "strCondLoot": "CNDOLWallCAYL04",
        "mapModeSwitches": [
            "ItmWallPlastic1x1",
            "ItmWallCAYL04",
            "ItmWallPlastic1x1Patch",
            "ItmWallCAYL04Patch",
            "ItmWallPlastic1x1Dmg",
            "ItmWallCAYL04Dmg",
            "ItmWallPlastic1x1Loose",
            "ItmWallCAYL04Loose"
        ]
    },
    {
        "strName": "ItmWallCAYL04Dmg",
        "strNameFriendly": "Стена (повреждена): Кейлон \"Серия ДураВал Интерьер Красная\"",
        "strImg": "tiles/FloorGrate12/ItmWallAeroInt04Dmg",
        "strImgNorm": "tiles/ItmWallDmgn",
        "strPortraitImg": "tiles/FloorGrate12/ItmWallAeroInt04Dmg",
        "strCOBase": "ItmWallPlastic1x1Dmg",
        "strCondLoot": "CNDOLWallCAYL04",
        "mapModeSwitches": [
            "ItmWallPlastic1x1",
            "ItmWallCAYL04",
            "ItmWallPlastic1x1Patch",
            "ItmWallCAYL04Patch",
            "ItmWallPlastic1x1Dmg",
            "ItmWallCAYL04Dmg",
            "ItmWallPlastic1x1Loose",
            "ItmWallCAYL04Loose"
        ]
    },
    {
        "strName": "ItmWallCAYL04Loose",
        "strNameFriendly": "Стена (отсоединена): Кейлон \"Серия ДураВал Интерьер Красная\"",
        "strImg": "tiles/FloorGrate12/ItmWallAeroInt04Loose",
        "strImgNorm": "tiles/ItmWallLoosen",
        "strPortraitImg": "tiles/FloorGrate12/ItmWallAeroInt04Loose",
        "strCOBase": "ItmWallPlastic1x1Loose",
        "strCondLoot": "CNDOLWallCAYL04",
        "mapSlotEffects": [
            "drag",
            "Blank"
        ],
        "mapModeSwitches": [
            "ItmWallPlastic1x1",
            "ItmWallCAYL04",
            "ItmWallPlastic1x1Patch",
            "ItmWallCAYL04Patch",
            "ItmWallPlastic1x1Dmg",
            "ItmWallCAYL04Dmg",
            "ItmWallPlastic1x1Loose",
            "ItmWallCAYL04Loose"
        ]
    },
    {
        "strName": "ItmWallCAYL04Patch",
        "strNameFriendly": "Стена (Залатана): Кейлон \"Серия ДураВал Экстерьер\"",
        "strImg": "tiles/FloorGrate12/ItmWallAeroInt04Patch",
        "strImgNorm": "tiles/ItmWallPatchn",
        "strPortraitImg": "tiles/FloorGrate12/ItmWallAeroInt04Patch",
        "strCOBase": "ItmWallPlastic1x1Patch",
        "strCondLoot": "CNDOLWallCAYL04",
        "mapModeSwitches": [
            "ItmWallPlastic1x1",
            "ItmWallCAYL04",
            "ItmWallPlastic1x1Patch",
            "ItmWallCAYL04Patch",
            "ItmWallPlastic1x1Dmg",
            "ItmWallCAYL04Dmg",
            "ItmWallPlastic1x1Loose",
            "ItmWallCAYL04Loose"
        ]
    },
    {
        "strName": "ItmWallCAYL05",
        "strNameFriendly": "Стена: Кейлон \"Серия ДураВал Экстерьер\"",
        "strImg": "tiles/FloorGrate12/ItmWallAeroExtWhite01Sheet",
        "strImgNorm": "tiles/FloorGrate12/ItmWallAeroExtWhite01Sheetn",
        "strPortraitImg": "tiles/FloorGrate12/ItmWallAeroExtWhite01",
        "strCOBase": "ItmWallPlastic1x1",
        "strCondLoot": "CNDOLWallCAYL05",
        "mapModeSwitches": [
            "ItmWallPlastic1x1",
            "ItmWallCAYL05",
            "ItmWallPlastic1x1Patch",
            "ItmWallCAYL05Patch",
            "ItmWallPlastic1x1Dmg",
            "ItmWallCAYL05Dmg",
            "ItmWallPlastic1x1Loose",
            "ItmWallCAYL05Loose"
        ]
    },
    {
        "strName": "ItmWallCAYL05Dmg",
        "strNameFriendly": "Стена (повреждена): Кейлон \"Серия ДураВал Экстерьер\"",
        "strImg": "tiles/FloorGrate12/ItmWallAeroExtWhite01Dmg",
        "strImgNorm": "tiles/ItmWallDmgn",
        "strPortraitImg": "tiles/FloorGrate12/ItmWallAeroExtWhite01Dmg",
        "strCOBase": "ItmWallPlastic1x1Dmg",
        "strCondLoot": "CNDOLWallCAYL05",
        "mapModeSwitches": [
            "ItmWallPlastic1x1",
            "ItmWallCAYL05",
            "ItmWallPlastic1x1Patch",
            "ItmWallCAYL05Patch",
            "ItmWallPlastic1x1Dmg",
            "ItmWallCAYL05Dmg",
            "ItmWallPlastic1x1Loose",
            "ItmWallCAYL05Loose"
        ]
    },
    {
        "strName": "ItmWallCAYL05Loose",
        "strNameFriendly": "Стена (отсоединена): Кейлон \"Серия ДураВал Экстерьер\"",
        "strImg": "tiles/FloorGrate12/ItmWallAeroExtWhite01Loose",
        "strImgNorm": "tiles/ItmWallLoosen",
        "strPortraitImg": "tiles/FloorGrate12/ItmWallAeroExtWhite01Loose",
        "strCOBase": "ItmWallPlastic1x1Loose",
        "strCondLoot": "CNDOLWallCAYL05",
        "mapSlotEffects": [
            "drag",
            "Blank"
        ],
        "mapModeSwitches": [
            "ItmWallPlastic1x1",
            "ItmWallCAYL05",
            "ItmWallPlastic1x1Patch",
            "ItmWallCAYL05Patch",
            "ItmWallPlastic1x1Dmg",
            "ItmWallCAYL05Dmg",
            "ItmWallPlastic1x1Loose",
            "ItmWallCAYL05Loose"
        ]
    },
    {
        "strName": "ItmWallCAYL05Patch",
        "strNameFriendly": "Стена (Залатана): Кейлон \"Серия ДураВал Экстерьер\"",
        "strImg": "tiles/FloorGrate12/ItmWallAeroExtWhite01Patch",
        "strImgNorm": "tiles/ItmWallPatchn",
        "strPortraitImg": "tiles/FloorGrate12/ItmWallAeroExtWhite01Patch",
        "strCOBase": "ItmWallPlastic1x1Patch",
        "strCondLoot": "CNDOLWallCAYL05",
        "mapModeSwitches": [
            "ItmWallPlastic1x1",
            "ItmWallCAYL05",
            "ItmWallPlastic1x1Patch",
            "ItmWallCAYL05Patch",
            "ItmWallPlastic1x1Dmg",
            "ItmWallCAYL05Dmg",
            "ItmWallPlastic1x1Loose",
            "ItmWallCAYL05Loose"
        ]
    },
    {
        "strName": "ItmWallLDPH01",
        "strNameFriendly": "Стена: Лэнгдон-Филлипс \"Серия Глория\"",
        "strImg": "tiles/ItmWallGreenRing01Sheet",
        "strImgNorm": "tiles/ItmWallGreenRing01Sheetn",
        "strPortraitImg": "tiles/ItmWallGreenRing01",
        "strCOBase": "ItmWall1x1",
        "strCondLoot": "CNDOLWallLDPH01",
        "mapModeSwitches": [
            "ItmWall1x1",
            "ItmWallLDPH01",
            "ItmWall1x1Patch",
            "ItmWallLDPH01Patch",
            "ItmWall1x1Dmg",
            "ItmWallLDPH01Dmg",
            "ItmWall1x1Loose",
            "ItmWallLDPH01Loose"
        ]
    },
    {
        "strName": "ItmWallLDPH01Dmg",
        "strNameFriendly": "Стена (повреждена): Лэнгдон-Филлипс \"Серия Глория\"",
        "strImg": "tiles/ItmWallGreenRing01Dmg",
        "strImgNorm": "tiles/ItmWallDmgn",
        "strPortraitImg": "tiles/ItmWallGreenRing01Dmg",
        "strCOBase": "ItmWall1x1Dmg",
        "strCondLoot": "CNDOLWallLDPH01",
        "mapModeSwitches": [
            "ItmWall1x1",
            "ItmWallLDPH01",
            "ItmWall1x1Patch",
            "ItmWallLDPH01Patch",
            "ItmWall1x1Dmg",
            "ItmWallLDPH01Dmg",
            "ItmWall1x1Loose",
            "ItmWallLDPH01Loose"
        ]
    },
    {
        "strName": "ItmWallLDPH01Loose",
        "strNameFriendly": "Стена (отсоединена): Лэнгдон-Филлипс \"Серия Глория\"",
        "strImg": "tiles/ItmWallGreenRing01Loose",
        "strImgNorm": "tiles/ItmWallGreenRing01Loosen",
        "strPortraitImg": "tiles/ItmWallGreenRing01Loose",
        "strCOBase": "ItmWall1x1Loose",
        "strCondLoot": "CNDOLWallLDPH01",
        "mapSlotEffects": [
            "drag",
            "Blank"
        ],
        "mapModeSwitches": [
            "ItmWall1x1",
            "ItmWallLDPH01",
            "ItmWall1x1Patch",
            "ItmWallLDPH01Patch",
            "ItmWall1x1Dmg",
            "ItmWallLDPH01Dmg",
            "ItmWall1x1Loose",
            "ItmWallLDPH01Loose"
        ]
    },
    {
        "strName": "ItmWallLDPH01Patch",
        "strNameFriendly": "Стена (Залатана): Лэнгдон-Филлипс \"Серия Глория\"",
        "strImg": "tiles/ItmWallGreenRing01Patch",
        "strImgNorm": "tiles/ItmWallPatchn",
        "strPortraitImg": "tiles/ItmWallGreenRing01Patch",
        "strCOBase": "ItmWall1x1Patch",
        "strCondLoot": "CNDOLWallLDPH01",
        "mapModeSwitches": [
            "ItmWall1x1",
            "ItmWallLDPH01",
            "ItmWall1x1Patch",
            "ItmWallLDPH01Patch",
            "ItmWall1x1Dmg",
            "ItmWallLDPH01Dmg",
            "ItmWall1x1Loose",
            "ItmWallLDPH01Loose"
        ]
    },
    {
        "strName": "ItmWallMSHG01",
        "strNameFriendly": "Стена: Миншэн \"Серия 和平\"",
        "strImg": "tiles/ItmWallGreenCross01Sheet",
        "strImgNorm": "tiles/ItmWallGreenCross01Sheetn",
        "strPortraitImg": "tiles/ItmWallGreenCross01",
        "strCOBase": "ItmWall1x1",
        "strCondLoot": "CNDOLWallMSHG01",
        "mapModeSwitches": [
            "ItmWall1x1",
            "ItmWallMSHG01",
            "ItmWall1x1Patch",
            "ItmWallMSHG01Patch",
            "ItmWall1x1Dmg",
            "ItmWallMSHG01Dmg",
            "ItmWall1x1Loose",
            "ItmWallMSHG01Loose"
        ]
    },
    {
        "strName": "ItmWallMSHG01Dmg",
        "strNameFriendly": "Стена (повреждена): Миншэн \"Серия 和平\"",
        "strImg": "tiles/ItmWallGreenCross01Dmg",
        "strImgNorm": "tiles/ItmWallDmgn",
        "strPortraitImg": "tiles/ItmWallGreenCross01Dmg",
        "strCOBase": "ItmWall1x1Dmg",
        "strCondLoot": "CNDOLWallMSHG01",
        "mapModeSwitches": [
            "ItmWall1x1",
            "ItmWallMSHG01",
            "ItmWall1x1Patch",
            "ItmWallMSHG01Patch",
            "ItmWall1x1Dmg",
            "ItmWallMSHG01Dmg",
            "ItmWall1x1Loose",
            "ItmWallMSHG01Loose"
        ]
    },
    {
        "strName": "ItmWallMSHG01Loose",
        "strNameFriendly": "Стена (отсоединена): Миншэн \"Серия 和平\"",
        "strImg": "tiles/ItmWallGreenCross01Loose",
        "strImgNorm": "tiles/ItmWallGreenCross01Loosen",
        "strPortraitImg": "tiles/ItmWallGreenCross01Loose",
        "strCOBase": "ItmWall1x1Loose",
        "strCondLoot": "CNDOLWallMSHG01",
        "mapSlotEffects": [
            "drag",
            "Blank"
        ],
        "mapModeSwitches": [
            "ItmWall1x1",
            "ItmWallMSHG01",
            "ItmWall1x1Patch",
            "ItmWallMSHG01Patch",
            "ItmWall1x1Dmg",
            "ItmWallMSHG01Dmg",
            "ItmWall1x1Loose",
            "ItmWallMSHG01Loose"
        ]
    },
    {
        "strName": "ItmWallMSHG01Patch",
        "strNameFriendly": "Стена (Залатана): Миншэн \"Серия 和平\"",
        "strImg": "tiles/ItmWallGreenCross01Patch",
        "strImgNorm": "tiles/ItmWallPatchn",
        "strPortraitImg": "tiles/ItmWallGreenCross01Patch",
        "strCOBase": "ItmWall1x1Patch",
        "strCondLoot": "CNDOLWallMSHG01",
        "mapModeSwitches": [
            "ItmWall1x1",
            "ItmWallMSHG01",
            "ItmWall1x1Patch",
            "ItmWallMSHG01Patch",
            "ItmWall1x1Dmg",
            "ItmWallMSHG01Dmg",
            "ItmWall1x1Loose",
            "ItmWallMSHG01Loose"
        ]
    },
    {
        "strName": "ItmWallMSHG02",
        "strNameFriendly": "Стена: Миншэн \"Серия 昌盛\"",
        "strImg": "tiles/ItmWallRedCross01Sheet",
        "strImgNorm": "tiles/ItmWallGreenCross01Sheetn",
        "strPortraitImg": "tiles/ItmWallRedCross01",
        "strCOBase": "ItmWall1x1",
        "strCondLoot": "CNDOLWallMSHG02",
        "mapModeSwitches": [
            "ItmWall1x1",
            "ItmWallMSHG02",
            "ItmWall1x1Patch",
            "ItmWallMSHG02Patch",
            "ItmWall1x1Dmg",
            "ItmWallMSHG02Dmg",
            "ItmWall1x1Loose",
            "ItmWallMSHG02Loose"
        ]
    },
    {
        "strName": "ItmWallMSHG02Dmg",
        "strNameFriendly": "Стена (повреждена): Миншэн \"Серия 昌盛\"",
        "strImg": "tiles/ItmWallRedCross01Dmg",
        "strImgNorm": "tiles/ItmWallDmgn",
        "strPortraitImg": "tiles/ItmWallRedCross01Dmg",
        "strCOBase": "ItmWall1x1Dmg",
        "strCondLoot": "CNDOLWallMSHG02",
        "mapModeSwitches": [
            "ItmWall1x1",
            "ItmWallMSHG02",
            "ItmWall1x1Patch",
            "ItmWallMSHG02Patch",
            "ItmWall1x1Dmg",
            "ItmWallMSHG02Dmg",
            "ItmWall1x1Loose",
            "ItmWallMSHG02Loose"
        ]
    },
    {
        "strName": "ItmWallMSHG02Loose",
        "strNameFriendly": "Стена (отсоединена): Миншэн \"Серия 昌盛\"",
        "strImg": "tiles/ItmWallRedCross01Loose",
        "strImgNorm": "tiles/ItmWallGreenCross01Loosen",
        "strPortraitImg": "tiles/ItmWallRedCross01Loose",
        "strCOBase": "ItmWall1x1Loose",
        "strCondLoot": "CNDOLWallMSHG02",
        "mapSlotEffects": [
            "drag",
            "Blank"
        ],
        "mapModeSwitches": [
            "ItmWall1x1",
            "ItmWallMSHG02",
            "ItmWall1x1Patch",
            "ItmWallMSHG02Patch",
            "ItmWall1x1Dmg",
            "ItmWallMSHG02Dmg",
            "ItmWall1x1Loose",
            "ItmWallMSHG02Loose"
        ]
    },
    {
        "strName": "ItmWallMSHG02Patch",
        "strNameFriendly": "Стена (Залатана): Миншэн \"Серия 昌盛\"",
        "strImg": "tiles/ItmWallRedCross01Patch",
        "strImgNorm": "tiles/ItmWallPatchn",
        "strPortraitImg": "tiles/ItmWallRedCross01Patch",
        "strCOBase": "ItmWall1x1Patch",
        "strCondLoot": "CNDOLWallMSHG02",
        "mapModeSwitches": [
            "ItmWall1x1",
            "ItmWallMSHG02",
            "ItmWall1x1Patch",
            "ItmWallMSHG02Patch",
            "ItmWall1x1Dmg",
            "ItmWallMSHG02Dmg",
            "ItmWall1x1Loose",
            "ItmWallMSHG02Loose"
        ]
    },
    {
        "strName": "ItmWallMSHG03",
        "strNameFriendly": "Стена: Миншэн \"Серия 神仙\"",
        "strImg": "tiles/ItmWallPurpleCross01Sheet",
        "strImgNorm": "tiles/ItmWallGreenCross01Sheetn",
        "strPortraitImg": "tiles/ItmWallPurpleCross01",
        "strCOBase": "ItmWall1x1",
        "strCondLoot": "CNDOLWallMSHG03",
        "mapModeSwitches": [
            "ItmWall1x1",
            "ItmWallMSHG03",
            "ItmWall1x1Patch",
            "ItmWallMSHG03Patch",
            "ItmWall1x1Dmg",
            "ItmWallMSHG03Dmg",
            "ItmWall1x1Loose",
            "ItmWallMSHG03Loose"
        ]
    },
    {
        "strName": "ItmWallMSHG03Dmg",
        "strNameFriendly": "Стена (повреждена): Миншэн \"Серия 神仙\"",
        "strImg": "tiles/ItmWallPurpleCross01Dmg",
        "strImgNorm": "tiles/ItmWallDmgn",
        "strPortraitImg": "tiles/ItmWallPurpleCross01Dmg",
        "strCOBase": "ItmWall1x1Dmg",
        "strCondLoot": "CNDOLWallMSHG03",
        "mapModeSwitches": [
            "ItmWall1x1",
            "ItmWallMSHG03",
            "ItmWall1x1Patch",
            "ItmWallMSHG03Patch",
            "ItmWall1x1Dmg",
            "ItmWallMSHG03Dmg",
            "ItmWall1x1Loose",
            "ItmWallMSHG03Loose"
        ]
    },
    {
        "strName": "ItmWallMSHG03Loose",
        "strNameFriendly": "Стена (отсоединена): Миншэн \"Серия 神仙\"",
        "strImg": "tiles/ItmWallPurpleCross01Loose",
        "strImgNorm": "tiles/ItmWallGreenCross01Loosen",
        "strPortraitImg": "tiles/ItmWallPurpleCross01Loose",
        "strCOBase": "ItmWall1x1Loose",
        "strCondLoot": "CNDOLWallMSHG03",
        "mapSlotEffects": [
            "drag",
            "Blank"
        ],
        "mapModeSwitches": [
            "ItmWall1x1",
            "ItmWallMSHG03",
            "ItmWall1x1Patch",
            "ItmWallMSHG03Patch",
            "ItmWall1x1Dmg",
            "ItmWallMSHG03Dmg",
            "ItmWall1x1Loose",
            "ItmWallMSHG03Loose"
        ]
    },
    {
        "strName": "ItmWallMSHG03Patch",
        "strNameFriendly": "Стена (Залатана): Миншэн \"Серия 神仙\"",
        "strImg": "tiles/ItmWallPurpleCross01Patch",
        "strImgNorm": "tiles/ItmWallPatchn",
        "strPortraitImg": "tiles/ItmWallPurpleCross01Patch",
        "strCOBase": "ItmWall1x1Patch",
        "strCondLoot": "CNDOLWallMSHG03",
        "mapModeSwitches": [
            "ItmWall1x1",
            "ItmWallMSHG03",
            "ItmWall1x1Patch",
            "ItmWallMSHG03Patch",
            "ItmWall1x1Dmg",
            "ItmWallMSHG03Dmg",
            "ItmWall1x1Loose",
            "ItmWallMSHG03Loose"
        ]
    },
    {
        "strName": "ItmWallMSHG04",
        "strNameFriendly": "Стена: Миншэн \"Серия 纯度\"",
        "strImg": "tiles/ItmWallWhiteCross01Sheet",
        "strImgNorm": "tiles/ItmWallGreenCross01Sheetn",
        "strPortraitImg": "tiles/ItmWallWhiteCross01",
        "strCOBase": "ItmWall1x1",
        "strCondLoot": "CNDOLWallMSHG04",
        "mapModeSwitches": [
            "ItmWall1x1",
            "ItmWallMSHG04",
            "ItmWall1x1Patch",
            "ItmWallMSHG04Patch",
            "ItmWall1x1Dmg",
            "ItmWallMSHG04Dmg",
            "ItmWall1x1Loose",
            "ItmWallMSHG04Loose"
        ]
    },
    {
        "strName": "ItmWallMSHG04Dmg",
        "strNameFriendly": "Стена (повреждена): Миншэн \"Серия 纯度\"",
        "strImg": "tiles/ItmWallWhiteCross01Dmg",
        "strImgNorm": "tiles/ItmWallDmgn",
        "strPortraitImg": "tiles/ItmWallWhiteCross01Dmg",
        "strCOBase": "ItmWall1x1Dmg",
        "strCondLoot": "CNDOLWallMSHG04",
        "mapModeSwitches": [
            "ItmWall1x1",
            "ItmWallMSHG04",
            "ItmWall1x1Patch",
            "ItmWallMSHG04Patch",
            "ItmWall1x1Dmg",
            "ItmWallMSHG04Dmg",
            "ItmWall1x1Loose",
            "ItmWallMSHG04Loose"
        ]
    },
    {
        "strName": "ItmWallMSHG04Loose",
        "strNameFriendly": "Стена (отсоединена): Миншэн \"Серия 纯度\"",
        "strImg": "tiles/ItmWallWhiteCross01Loose",
        "strImgNorm": "tiles/ItmWallGreenCross01Loosen",
        "strPortraitImg": "tiles/ItmWallWhiteCross01Loose",
        "strCOBase": "ItmWall1x1Loose",
        "strCondLoot": "CNDOLWallMSHG04",
        "mapSlotEffects": [
            "drag",
            "Blank"
        ],
        "mapModeSwitches": [
            "ItmWall1x1",
            "ItmWallMSHG04",
            "ItmWall1x1Patch",
            "ItmWallMSHG04Patch",
            "ItmWall1x1Dmg",
            "ItmWallMSHG04Dmg",
            "ItmWall1x1Loose",
            "ItmWallMSHG04Loose"
        ]
    },
    {
        "strName": "ItmWallMSHG04Patch",
        "strNameFriendly": "Стена (Залатана): Миншэн \"Серия 纯度\"",
        "strImg": "tiles/ItmWallWhiteCross01Patch",
        "strImgNorm": "tiles/ItmWallPatchn",
        "strPortraitImg": "tiles/ItmWallWhiteCross01Patch",
        "strCOBase": "ItmWall1x1Patch",
        "strCondLoot": "CNDOLWallMSHG04",
        "mapModeSwitches": [
            "ItmWall1x1",
            "ItmWallMSHG04",
            "ItmWall1x1Patch",
            "ItmWallMSHG04Patch",
            "ItmWall1x1Dmg",
            "ItmWallMSHG04Dmg",
            "ItmWall1x1Loose",
            "ItmWallMSHG04Loose"
        ]
    },
    {
        "strName": "ItmWallMSSLFWhite",
        "strNameFriendly": "Стена: Мобайл Спэйс Системс \"Лёгкий каркас\"",
        "strImg": "tiles/ItmWallPanelWSheet",
        "strImgNorm": "tiles/ItmWallPanelWSheetn",
        "strPortraitImg": "tiles/ItmWallPanelW",
        "strCOBase": "ItmWall1x1",
        "strCondLoot": "CNDOLWallMSSLFWhite",
        "mapModeSwitches": [
            "ItmWall1x1",
            "ItmWallMSSLFWhite",
            "ItmWall1x1Patch",
            "ItmWallMSSLFWhitePatch",
            "ItmWall1x1Dmg",
            "ItmWallMSSLFWhiteDmg",
            "ItmWall1x1Loose",
            "ItmWallMSSLFWhiteLoose"
        ]
    },
    {
        "strName": "ItmWallMSSLFWhiteDmg",
        "strNameFriendly": "Стена (повреждена): Мобайл Спэйс Системс \"Лёгкий каркас\"",
        "strImg": "tiles/ItmWallPanelWDmg",
        "strImgNorm": "tiles/ItmWallDmgn",
        "strPortraitImg": "tiles/ItmWallPanelWDmg",
        "strCOBase": "ItmWall1x1Dmg",
        "strCondLoot": "CNDOLWallMSSLFWhite",
        "mapModeSwitches": [
            "ItmWall1x1",
            "ItmWallMSSLFWhite",
            "ItmWall1x1Patch",
            "ItmWallMSSLFWhitePatch",
            "ItmWall1x1Dmg",
            "ItmWallMSSLFWhiteDmg",
            "ItmWall1x1Loose",
            "ItmWallMSSLFWhiteLoose"
        ]
    },
    {
        "strName": "ItmWallMSSLFWhiteLoose",
        "strNameFriendly": "Стена (отсоединена): Мобайл Спэйс Системс \"Лёгкий каркас\"",
        "strImg": "tiles/ItmWallPanelWLoose",
        "strImgNorm": "tiles/ItmWallPanelWLoosen",
        "strPortraitImg": "tiles/ItmWallPanelWLoose",
        "strCOBase": "ItmWall1x1Loose",
        "strCondLoot": "CNDOLWallMSSLFWhite",
        "mapSlotEffects": [
            "drag",
            "Blank"
        ],
        "mapModeSwitches": [
            "ItmWall1x1",
            "ItmWallMSSLFWhite",
            "ItmWall1x1Patch",
            "ItmWallMSSLFWhitePatch",
            "ItmWall1x1Dmg",
            "ItmWallMSSLFWhiteDmg",
            "ItmWall1x1Loose",
            "ItmWallMSSLFWhiteLoose"
        ]
    },
    {
        "strName": "ItmWallMSSLFWhitePatch",
        "strNameFriendly": "Стена (Залатана): Мобайл Спэйс Системс \"Лёгкий каркас\"",
        "strImg": "tiles/ItmWallPanelWPatch",
        "strImgNorm": "tiles/ItmWallPatchn",
        "strPortraitImg": "tiles/ItmWallPanelWPatch",
        "strCOBase": "ItmWall1x1Patch",
        "strCondLoot": "CNDOLWallMSSLFWhite",
        "mapModeSwitches": [
            "ItmWall1x1",
            "ItmWallMSSLFWhite",
            "ItmWall1x1Patch",
            "ItmWallMSSLFWhitePatch",
            "ItmWall1x1Dmg",
            "ItmWallMSSLFWhiteDmg",
            "ItmWall1x1Loose",
            "ItmWallMSSLFWhiteLoose"
        ]
    },
    {
        "strName": "ItmWallRYOB01",
        "strNameFriendly": "Стена: Рёкка \"Б-01\"",
        "strImg": "tiles/ItmWallMetalBSheet",
        "strImgNorm": "tiles/ItmWallMetalBSheetn",
        "strPortraitImg": "tiles/ItmWallMetalB",
        "strCOBase": "ItmWall1x1",
        "strCondLoot": "CNDOLWallRYOB01",
        "mapModeSwitches": [
            "ItmWall1x1",
            "ItmWallRYOB01",
            "ItmWall1x1Patch",
            "ItmWallRYOB01Patch",
            "ItmWall1x1Dmg",
            "ItmWallRYOB01Dmg",
            "ItmWall1x1Loose",
            "ItmWallRYOB01Loose"
        ]
    },
    {
        "strName": "ItmWallRYOB01Dmg",
        "strNameFriendly": "Стена (повреждена): Рёкка \"Б-01\"",
        "strImg": "tiles/ItmWallMetalBDmg",
        "strImgNorm": "tiles/ItmWallDmgn",
        "strPortraitImg": "tiles/ItmWallMetalBDmg",
        "strCOBase": "ItmWall1x1Dmg",
        "strCondLoot": "CNDOLWallRYOB01",
        "mapModeSwitches": [
            "ItmWall1x1",
            "ItmWallRYOB01",
            "ItmWall1x1Patch",
            "ItmWallRYOB01Patch",
            "ItmWall1x1Dmg",
            "ItmWallRYOB01Dmg",
            "ItmWall1x1Loose",
            "ItmWallRYOB01Loose"
        ]
    },
    {
        "strName": "ItmWallRYOB01Loose",
        "strNameFriendly": "Стена (отсоединена): Рёкка \"Б-01\"",
        "strImg": "tiles/ItmWallMetalBLoose",
        "strImgNorm": "tiles/ItmWallMetalBLoosen",
        "strPortraitImg": "tiles/ItmWallMetalBLoose",
        "strCOBase": "ItmWall1x1Loose",
        "strCondLoot": "CNDOLWallRYOB01",
        "mapSlotEffects": [
            "drag",
            "Blank"
        ],
        "mapModeSwitches": [
            "ItmWall1x1",
            "ItmWallRYOB01",
            "ItmWall1x1Patch",
            "ItmWallRYOB01Patch",
            "ItmWall1x1Dmg",
            "ItmWallRYOB01Dmg",
            "ItmWall1x1Loose",
            "ItmWallRYOB01Loose"
        ]
    },
    {
        "strName": "ItmWallRYOB01Patch",
        "strNameFriendly": "Стена (Залатана): Рёкка \"Б-01\"",
        "strImg": "tiles/ItmWallMetalBPatch",
        "strImgNorm": "tiles/ItmWallPatchn",
        "strPortraitImg": "tiles/ItmWallMetalBPatch",
        "strCOBase": "ItmWall1x1Patch",
        "strCondLoot": "CNDOLWallRYOB01",
        "mapModeSwitches": [
            "ItmWall1x1",
            "ItmWallRYOB01",
            "ItmWall1x1Patch",
            "ItmWallRYOB01Patch",
            "ItmWall1x1Dmg",
            "ItmWallRYOB01Dmg",
            "ItmWall1x1Loose",
            "ItmWallRYOB01Loose"
        ]
    },
    {
        "strName": "ItmWallRYOB02",
        "strNameFriendly": "Стена: Рёкка \"Б-02\"",
        "strImg": "tiles/ItmWallGrayBevel01Sheet",
        "strImgNorm": "tiles/ItmWallGrayBevel01Sheetn",
        "strPortraitImg": "tiles/ItmWallGrayBevel01",
        "strCOBase": "ItmWall1x1",
        "strCondLoot": "CNDOLWallRYOB02",
        "mapModeSwitches": [
            "ItmWall1x1",
            "ItmWallRYOB02",
            "ItmWall1x1Patch",
            "ItmWallRYOB02Patch",
            "ItmWall1x1Dmg",
            "ItmWallRYOB02Dmg",
            "ItmWall1x1Loose",
            "ItmWallRYOB02Loose"
        ]
    },
    {
        "strName": "ItmWallRYOB02Dmg",
        "strNameFriendly": "Стена (повреждена): Рёкка \"Б-02\"",
        "strImg": "tiles/ItmWallGrayBevel01Dmg",
        "strImgNorm": "tiles/ItmWallDmgn",
        "strPortraitImg": "tiles/ItmWallGrayBevel01Dmg",
        "strCOBase": "ItmWall1x1Dmg",
        "strCondLoot": "CNDOLWallRYOB02",
        "mapModeSwitches": [
            "ItmWall1x1",
            "ItmWallRYOB02",
            "ItmWall1x1Patch",
            "ItmWallRYOB02Patch",
            "ItmWall1x1Dmg",
            "ItmWallRYOB02Dmg",
            "ItmWall1x1Loose",
            "ItmWallRYOB02Loose"
        ]
    },
    {
        "strName": "ItmWallRYOB02Loose",
        "strNameFriendly": "Стена (отсоединена): Рёкка \"Б-02\"",
        "strImg": "tiles/ItmWallGrayBevel01Loose",
        "strImgNorm": "tiles/ItmWallGrayBevel01Loosen",
        "strPortraitImg": "tiles/ItmWallGrayBevel01Loose",
        "strCOBase": "ItmWall1x1Loose",
        "strCondLoot": "CNDOLWallRYOB02",
        "mapSlotEffects": [
            "drag",
            "Blank"
        ],
        "mapModeSwitches": [
            "ItmWall1x1",
            "ItmWallRYOB02",
            "ItmWall1x1Patch",
            "ItmWallRYOB02Patch",
            "ItmWall1x1Dmg",
            "ItmWallRYOB02Dmg",
            "ItmWall1x1Loose",
            "ItmWallRYOB02Loose"
        ]
    },
    {
        "strName": "ItmWallRYOB02Patch",
        "strNameFriendly": "Стена (Залатана): Рёкка \"Б-02\"",
        "strImg": "tiles/ItmWallGrayBevel01Patch",
        "strImgNorm": "tiles/ItmWallPatchn",
        "strPortraitImg": "tiles/ItmWallGrayBevel01Patch",
        "strCOBase": "ItmWall1x1Patch",
        "strCondLoot": "CNDOLWallRYOB02",
        "mapModeSwitches": [
            "ItmWall1x1",
            "ItmWallRYOB02",
            "ItmWall1x1Patch",
            "ItmWallRYOB02Patch",
            "ItmWall1x1Dmg",
            "ItmWallRYOB02Dmg",
            "ItmWall1x1Loose",
            "ItmWallRYOB02Loose"
        ]
    },
    {
        "strName": "ItmWallTSDO01",
        "strNameFriendly": "Стена: Тестудо «55-я Серия»",
        "strImg": "tiles/ItmWallGrayPanel01Sheet",
        "strImgNorm": "tiles/ItmWallGrayPanel01Sheetn",
        "strPortraitImg": "tiles/ItmWallGrayPanel01",
        "strCOBase": "ItmWall1x1",
        "strCondLoot": "CNDOLWallTSDO01",
        "mapModeSwitches": [
            "ItmWall1x1",
            "ItmWallTSDO01",
            "ItmWall1x1Patch",
            "ItmWallTSDO01Patch",
            "ItmWall1x1Dmg",
            "ItmWallTSDO01Dmg",
            "ItmWall1x1Loose",
            "ItmWallTSDO01Loose"
        ]
    },
    {
        "strName": "ItmWallTSDO01Dmg",
        "strNameFriendly": "Стена (повреждена): Тестудо «55-я Серия»",
        "strImg": "tiles/ItmWallGrayPanel01Dmg",
        "strImgNorm": "tiles/ItmWallDmgn",
        "strPortraitImg": "tiles/ItmWallGrayPanel01Dmg",
        "strCOBase": "ItmWall1x1Dmg",
        "strCondLoot": "CNDOLWallTSDO01",
        "mapModeSwitches": [
            "ItmWall1x1",
            "ItmWallTSDO01",
            "ItmWall1x1Patch",
            "ItmWallTSDO01Patch",
            "ItmWall1x1Dmg",
            "ItmWallTSDO01Dmg",
            "ItmWall1x1Loose",
            "ItmWallTSDO01Loose"
        ]
    },
    {
        "strName": "ItmWallTSDO01Loose",
        "strNameFriendly": "Стена (отсоединена): Тестудо «55-я Серия»",
        "strImg": "tiles/ItmWallGrayPanel01Loose",
        "strImgNorm": "tiles/ItmWallGrayPanel01Loosen",
        "strPortraitImg": "tiles/ItmWallGrayPanel01Loose",
        "strCOBase": "ItmWall1x1Loose",
        "strCondLoot": "CNDOLWallTSDO01",
        "mapSlotEffects": [
            "drag",
            "Blank"
        ],
        "mapModeSwitches": [
            "ItmWall1x1",
            "ItmWallTSDO01",
            "ItmWall1x1Patch",
            "ItmWallTSDO01Patch",
            "ItmWall1x1Dmg",
            "ItmWallTSDO01Dmg",
            "ItmWall1x1Loose",
            "ItmWallTSDO01Loose"
        ]
    },
    {
        "strName": "ItmWallTSDO01Patch",
        "strNameFriendly": "Стена (Залатана): Тестудо «55-я Серия»",
        "strImg": "tiles/ItmWallGrayPanel01Patch",
        "strImgNorm": "tiles/ItmWallPatchn",
        "strPortraitImg": "tiles/ItmWallGrayPanel01Patch",
        "strCOBase": "ItmWall1x1Patch",
        "strCondLoot": "CNDOLWallTSDO01",
        "mapModeSwitches": [
            "ItmWall1x1",
            "ItmWallTSDO01",
            "ItmWall1x1Patch",
            "ItmWallTSDO01Patch",
            "ItmWall1x1Dmg",
            "ItmWallTSDO01Dmg",
            "ItmWall1x1Loose",
            "ItmWallTSDO01Loose"
        ]
    },
    {
        "strName": "ItmWallTSDO44",
        "strNameFriendly": "Стена: Тестудо «44-я Серия»",
        "strImg": "tiles/ItmWallTanOrange01Sheet",
        "strImgNorm": "tiles/ItmWallTanOrange01Sheetn",
        "strPortraitImg": "tiles/ItmWallTanOrange01",
        "strCOBase": "ItmWall1x1",
        "strCondLoot": "CNDOLWallTSDO44",
        "mapModeSwitches": [
            "ItmWall1x1",
            "ItmWallTSDO44",
            "ItmWall1x1Patch",
            "ItmWallTSDO44Patch",
            "ItmWall1x1Dmg",
            "ItmWallTSDO44Dmg",
            "ItmWall1x1Loose",
            "ItmWallTSDO44Loose"
        ]
    },
    {
        "strName": "ItmWallTSDO44Dmg",
        "strNameFriendly": "Стена (повреждена): Тестудо «44-я Серия»",
        "strImg": "tiles/ItmWallTanOrange01Dmg",
        "strImgNorm": "tiles/ItmWallDmgn",
        "strPortraitImg": "tiles/ItmWallTanOrange01Dmg",
        "strCOBase": "ItmWall1x1Dmg",
        "strCondLoot": "CNDOLWallTSDO44",
        "mapModeSwitches": [
            "ItmWall1x1",
            "ItmWallTSDO44",
            "ItmWall1x1Patch",
            "ItmWallTSDO44Patch",
            "ItmWall1x1Dmg",
            "ItmWallTSDO44Dmg",
            "ItmWall1x1Loose",
            "ItmWallTSDO44Loose"
        ]
    },
    {
        "strName": "ItmWallTSDO44Loose",
        "strNameFriendly": "Стена (отсоединена): Тестудо «44-я Серия»",
        "strImg": "tiles/ItmWallTanOrange01Loose",
        "strImgNorm": "tiles/ItmWallTanOrange01Loosen",
        "strPortraitImg": "tiles/ItmWallTanOrange01Loose",
        "strCOBase": "ItmWall1x1Loose",
        "strCondLoot": "CNDOLWallTSDO44",
        "mapSlotEffects": [
            "drag",
            "Blank"
        ],
        "mapModeSwitches": [
            "ItmWall1x1",
            "ItmWallTSDO44",
            "ItmWall1x1Patch",
            "ItmWallTSDO44Patch",
            "ItmWall1x1Dmg",
            "ItmWallTSDO44Dmg",
            "ItmWall1x1Loose",
            "ItmWallTSDO44Loose"
        ]
    },
    {
        "strName": "ItmWallTSDO44Patch",
        "strNameFriendly": "Стена (Залатана): Тестудо «44-я Серия»",
        "strImg": "tiles/ItmWallTanOrange01Patch",
        "strImgNorm": "tiles/ItmWallPatchn",
        "strPortraitImg": "tiles/ItmWallTanOrange01Patch",
        "strCOBase": "ItmWall1x1Patch",
        "strCondLoot": "CNDOLWallTSDO44",
        "mapModeSwitches": [
            "ItmWall1x1",
            "ItmWallTSDO44",
            "ItmWall1x1Patch",
            "ItmWallTSDO44Patch",
            "ItmWall1x1Dmg",
            "ItmWallTSDO44Dmg",
            "ItmWall1x1Loose",
            "ItmWallTSDO44Loose"
        ]
    },
    {
        "strName": "ItmWallVHRB",
        "strNameFriendly": "Стена: «Ван Хуммель» «Баннер»",
        "strImg": "tiles/ItmWallRedBand01Sheet",
        "strImgNorm": "tiles/ItmWallRedBand01Sheetn",
        "strPortraitImg": "tiles/ItmWallRedBand01",
        "strCOBase": "ItmWall1x1",
        "strCondLoot": "CNDOLWallVHRB",
        "mapModeSwitches": [
            "ItmWall1x1",
            "ItmWallVHRB",
            "ItmWall1x1Patch",
            "ItmWallVHRBPatch",
            "ItmWall1x1Dmg",
            "ItmWallVHRBDmg",
            "ItmWall1x1Loose",
            "ItmWallVHRBLoose"
        ]
    },
    {
        "strName": "ItmWallVHRBDmg",
        "strNameFriendly": "Стена (повреждена): «Ван Хуммель» «Баннер»",
        "strImg": "tiles/ItmWallRedBand01Dmg",
        "strImgNorm": "tiles/ItmWallDmgn",
        "strPortraitImg": "tiles/ItmWallRedBand01Dmg",
        "strCOBase": "ItmWall1x1Dmg",
        "strCondLoot": "CNDOLWallVHRB",
        "mapModeSwitches": [
            "ItmWall1x1",
            "ItmWallVHRB",
            "ItmWall1x1Patch",
            "ItmWallVHRBPatch",
            "ItmWall1x1Dmg",
            "ItmWallVHRBDmg",
            "ItmWall1x1Loose",
            "ItmWallVHRBLoose"
        ]
    },
    {
        "strName": "ItmWallVHRBLoose",
        "strNameFriendly": "Стена (отсоединена): «Ван Хуммель» «Баннер»",
        "strImg": "tiles/ItmWallRedBand01Loose",
        "strImgNorm": "tiles/ItmWallRedBand01Loosen",
        "strPortraitImg": "tiles/ItmWallRedBand01Loose",
        "strCOBase": "ItmWall1x1Loose",
        "strCondLoot": "CNDOLWallVHRB",
        "mapSlotEffects": [
            "drag",
            "Blank"
        ],
        "mapModeSwitches": [
            "ItmWall1x1",
            "ItmWallVHRB",
            "ItmWall1x1Patch",
            "ItmWallVHRBPatch",
            "ItmWall1x1Dmg",
            "ItmWallVHRBDmg",
            "ItmWall1x1Loose",
            "ItmWallVHRBLoose"
        ]
    },
    {
        "strName": "ItmWallVHRBPatch",
        "strNameFriendly": "Стена (Залатана): «Ван Хуммель» «Баннер»",
        "strImg": "tiles/ItmWallRedBand01Patch",
        "strImgNorm": "tiles/ItmWallPatchn",
        "strPortraitImg": "tiles/ItmWallRedBand01Patch",
        "strCOBase": "ItmWall1x1Patch",
        "strCondLoot": "CNDOLWallVHRB",
        "mapModeSwitches": [
            "ItmWall1x1",
            "ItmWallVHRB",
            "ItmWall1x1Patch",
            "ItmWallVHRBPatch",
            "ItmWall1x1Dmg",
            "ItmWallVHRBDmg",
            "ItmWall1x1Loose",
            "ItmWallVHRBLoose"
        ]
    },
    {
        "strName": "ItmWallThin1x102",
        "strNameFriendly": "Каркас Уиппл: Тестудо \"Серия Трава\"",
        "strImg": "tiles/ItmWallThin1x1GreenSheet",
        "strImgNorm": "tiles/ItmWallThin1x1Sheetn",
        "strPortraitImg": "tiles/ItmWallThin1x1Green",
        "strCOBase": "ItmWallThin1x1",
        "strCondLoot": "CNDOLWallThin1x102",
        "mapModeSwitches": [
            "ItmWallThin1x1",
            "ItmWallThin1x102",
            "ItmWallThin1x1Loose",
            "ItmWallThin1x102Loose"
        ]
    },
    {
        "strName": "ItmWallThin1x102Loose",
        "strNameFriendly": "Каркас Уиппл (Разболтана): Тестудо \"Серия Трава\"",
        "strImg": "tiles/ItmWallThin1x1GreenLoose",
        "strImgNorm": "tiles/ItmWallThin1x1Loosen",
        "strPortraitImg": "tiles/ItmWallThin1x1GreenLoose",
        "strCOBase": "ItmWallThin1x1Loose",
        "strCondLoot": "CNDOLWallThin1x102",
        "mapSlotEffects": [
            "drag",
            "Blank"
        ],
        "mapModeSwitches": [
            "ItmWallThin1x1",
            "ItmWallThin1x102",
            "ItmWallThin1x1Loose",
            "ItmWallThin1x102Loose"
        ]
    },
    {
        "strName": "ItmWallThin1x103",
        "strNameFriendly": "Каркас Уиппл: Тестудо \"Серия Песок\"",
        "strImg": "tiles/ItmWallThin1x1OrangeSheet",
        "strImgNorm": "tiles/ItmWallThin1x1Sheetn",
        "strPortraitImg": "tiles/ItmWallThin1x1Orange",
        "strCOBase": "ItmWallThin1x1",
        "strCondLoot": "CNDOLWallThin1x103",
        "mapModeSwitches": [
            "ItmWallThin1x1",
            "ItmWallThin1x103",
            "ItmWallThin1x1Loose",
            "ItmWallThin1x103Loose"
        ]
    },
    {
        "strName": "ItmWallThin1x103Loose",
        "strNameFriendly": "Каркас Уиппл (Разболтана): Тестудо \"Серия Песок\"",
        "strImg": "tiles/ItmWallThin1x1OrangeLoose",
        "strImgNorm": "tiles/ItmWallThin1x1Loosen",
        "strPortraitImg": "tiles/ItmWallThin1x1OrangeLoose",
        "strCOBase": "ItmWallThin1x1Loose",
        "strCondLoot": "CNDOLWallThin1x103",
        "mapSlotEffects": [
            "drag",
            "Blank"
        ],
        "mapModeSwitches": [
            "ItmWallThin1x1",
            "ItmWallThin1x103",
            "ItmWallThin1x1Loose",
            "ItmWallThin1x103Loose"
        ]
    },
    {
        "strName": "ItmWallThin1x104",
        "strNameFriendly": "Каркас Уиппл: Тестудо \"Серия Огонь\"",
        "strImg": "tiles/ItmWallThin1x1RedSheet",
        "strImgNorm": "tiles/ItmWallThin1x1Sheetn",
        "strPortraitImg": "tiles/ItmWallThin1x1Red",
        "strCOBase": "ItmWallThin1x1",
        "strCondLoot": "CNDOLWallThin1x104",
        "mapModeSwitches": [
            "ItmWallThin1x1",
            "ItmWallThin1x104",
            "ItmWallThin1x1Loose",
            "ItmWallThin1x104Loose"
        ]
    },
    {
        "strName": "ItmWallThin1x104Loose",
        "strNameFriendly": "Каркас Уиппл (Разболтана): Тестудо \"Серия Огонь\"",
        "strImg": "tiles/ItmWallThin1x1RedLoose",
        "strImgNorm": "tiles/ItmWallThin1x1Loosen",
        "strPortraitImg": "tiles/ItmWallThin1x1RedLoose",
        "strCOBase": "ItmWallThin1x1Loose",
        "strCondLoot": "CNDOLWallThin1x104",
        "mapSlotEffects": [
            "drag",
            "Blank"
        ],
        "mapModeSwitches": [
            "ItmWallThin1x1",
            "ItmWallThin1x104",
            "ItmWallThin1x1Loose",
            "ItmWallThin1x104Loose"
        ]
    },
    {
        "strName": "ItmWallThin1x105",
        "strNameFriendly": "Каркас Уиппл: Тестудо \"Серия Солнце\"",
        "strImg": "tiles/ItmWallThin1x1YellowSheet",
        "strImgNorm": "tiles/ItmWallThin1x1Sheetn",
        "strPortraitImg": "tiles/ItmWallThin1x1Yellow",
        "strCOBase": "ItmWallThin1x1",
        "strCondLoot": "CNDOLWallThin1x105",
        "mapModeSwitches": [
            "ItmWallThin1x1",
            "ItmWallThin1x105",
            "ItmWallThin1x1Loose",
            "ItmWallThin1x105Loose"
        ]
    },
    {
        "strName": "ItmWallThin1x105Loose",
        "strNameFriendly": "Каркас Уиппл (Разболтана): Тестудо \"Серия Солнце\"",
        "strImg": "tiles/ItmWallThin1x1YellowLoose",
        "strImgNorm": "tiles/ItmWallThin1x1Loosen",
        "strPortraitImg": "tiles/ItmWallThin1x1YellowLoose",
        "strCOBase": "ItmWallThin1x1Loose",
        "strCondLoot": "CNDOLWallThin1x105",
        "mapSlotEffects": [
            "drag",
            "Blank"
        ],
        "mapModeSwitches": [
            "ItmWallThin1x1",
            "ItmWallThin1x105",
            "ItmWallThin1x1Loose",
            "ItmWallThin1x105Loose"
        ]
    },
    {
        "strName": "ItmWallThin1x106",
        "strNameFriendly": "Каркас Уиппл: Тестудо \"Серия Ганметал\"",
        "strImg": "tiles/ItmWallThin1x1GraySheet",
        "strImgNorm": "tiles/ItmWallThin1x1Sheetn",
        "strPortraitImg": "tiles/ItmWallThin1x1Gray",
        "strCOBase": "ItmWallThin1x1",
        "strCondLoot": "CNDOLWallThin1x106",
        "mapModeSwitches": [
            "ItmWallThin1x1",
            "ItmWallThin1x106",
            "ItmWallThin1x1Loose",
            "ItmWallThin1x106Loose"
        ]
    },
    {
        "strName": "ItmWallThin1x106Loose",
        "strNameFriendly": "Каркас Уиппл (Разболтана): Тестудо \"Серия Ганметал\"",
        "strImg": "tiles/ItmWallThin1x1GrayLoose",
        "strImgNorm": "tiles/ItmWallThin1x1Loosen",
        "strPortraitImg": "tiles/ItmWallThin1x1GrayLoose",
        "strCOBase": "ItmWallThin1x1Loose",
        "strCondLoot": "CNDOLWallThin1x106",
        "mapSlotEffects": [
            "drag",
            "Blank"
        ],
        "mapModeSwitches": [
            "ItmWallThin1x1",
            "ItmWallThin1x106",
            "ItmWallThin1x1Loose",
            "ItmWallThin1x106Loose"
        ]
    },
    {
        "strName": "ItmWallThin1x107",
        "strNameFriendly": "Каркас Уиппл: Тестудо \"Серия Осторожность\"",
        "strImg": "tiles/ItmWallThin1x1GrayCautionSheet",
        "strImgNorm": "tiles/ItmWallThin1x1Sheetn",
        "strPortraitImg": "tiles/ItmWallThin1x1GrayCaution",
        "strCOBase": "ItmWallThin1x1",
        "strCondLoot": "CNDOLWallThin1x107",
        "mapModeSwitches": [
            "ItmWallThin1x1",
            "ItmWallThin1x107",
            "ItmWallThin1x1Loose",
            "ItmWallThin1x107Loose"
        ]
    },
    {
        "strName": "ItmWallThin1x107Loose",
        "strNameFriendly": "Каркас Уиппл (Разболтана): Тестудо \"Серия Осторожность\"",
        "strImg": "tiles/ItmWallThin1x1GrayCautionLoose",
        "strImgNorm": "tiles/ItmWallThin1x1Loosen",
        "strPortraitImg": "tiles/ItmWallThin1x1GrayCautionLoose",
        "strCOBase": "ItmWallThin1x1Loose",
        "strCondLoot": "CNDOLWallThin1x107",
        "mapSlotEffects": [
            "drag",
            "Blank"
        ],
        "mapModeSwitches": [
            "ItmWallThin1x1",
            "ItmWallThin1x107",
            "ItmWallThin1x1Loose",
            "ItmWallThin1x107Loose"
        ]
    }
]