[
  {
    "strName": "BodyarmLowerLB",
    "strNameFriendly": "Рука: левое предплечье",
    "strImg": "ItmBodyPart01",
    "strImgNorm": "ItmBodyPart01",
    "strPortraitImg": "ItmBodyPart01",
    "strCOBase": "BodyarmLowerLA",
    "strCondLoot": null,
    "mapSlotEffects": [
      "armLowerL",
      "BodyarmLowerLB",
      "heldL",
      "Blank",
      "heldR",
      "Blank"
    ],
    "mapModeSwitches": []
  },
  {
    "strName": "BodyarmLowerLC",
    "strNameFriendly": "Рука: левое предплечье",
    "strImg": "ItmBodyPart01",
    "strImgNorm": "ItmBodyPart01",
    "strPortraitImg": "ItmBodyPart01",
    "strCOBase": "BodyarmLowerLA",
    "strCondLoot": null,
    "mapSlotEffects": [
      "armLowerL",
      "BodyarmLowerLC",
      "heldL",
      "Blank",
      "heldR",
      "Blank"
    ],
    "mapModeSwitches": []
  },
  {
    "strName": "BodyarmLowerRB",
    "strNameFriendly": "Рука: правое предплечье",
    "strImg": "ItmBodyPart01",
    "strImgNorm": "ItmBodyPart01",
    "strPortraitImg": "ItmBodyPart01",
    "strCOBase": "BodyarmLowerRA",
    "strCondLoot": null,
    "mapSlotEffects": [
      "armLowerR",
      "BodyarmLowerRB",
      "heldL",
      "Blank",
      "heldR",
      "Blank"
    ],
    "mapModeSwitches": []
  },
  {
    "strName": "BodyarmLowerRC",
    "strNameFriendly": "Рука: правое предплечье",
    "strImg": "ItmBodyPart01",
    "strImgNorm": "ItmBodyPart01",
    "strPortraitImg": "ItmBodyPart01",
    "strCOBase": "BodyarmLowerRA",
    "strCondLoot": null,
    "mapSlotEffects": [
      "armLowerR",
      "BodyarmLowerRC",
      "heldL",
      "Blank",
      "heldR",
      "Blank"
    ],
    "mapModeSwitches": []
  },
  {
    "strName": "BodyarmUpperLB",
    "strNameFriendly": "Рука: левое плечо",
    "strImg": "ItmBodyPart01",
    "strImgNorm": "ItmBodyPart01",
    "strPortraitImg": "ItmBodyPart01",
    "strCOBase": "BodyarmUpperLA",
    "strCondLoot": null,
    "mapSlotEffects": [
      "armUpperL",
      "BodyarmUpperLB",
      "heldL",
      "Blank",
      "heldR",
      "Blank"
    ],
    "mapModeSwitches": []
  },
  {
    "strName": "BodyarmUpperLC",
    "strNameFriendly": "Рука: левое плечо",
    "strImg": "ItmBodyPart01",
    "strImgNorm": "ItmBodyPart01",
    "strPortraitImg": "ItmBodyPart01",
    "strCOBase": "BodyarmUpperLA",
    "strCondLoot": null,
    "mapSlotEffects": [
      "armUpperL",
      "BodyarmUpperLC",
      "heldL",
      "Blank",
      "heldR",
      "Blank"
    ],
    "mapModeSwitches": []
  },
  {
    "strName": "BodyarmUpperRB",
    "strNameFriendly": "Рука: правое плечо",
    "strImg": "ItmBodyPart01",
    "strImgNorm": "ItmBodyPart01",
    "strPortraitImg": "ItmBodyPart01",
    "strCOBase": "BodyarmUpperRA",
    "strCondLoot": null,
    "mapSlotEffects": [
      "armUpperR",
      "BodyarmUpperRB",
      "heldL",
      "Blank",
      "heldR",
      "Blank"
    ],
    "mapModeSwitches": []
  },
  {
    "strName": "BodyarmUpperRC",
    "strNameFriendly": "Рука: правое плечо",
    "strImg": "ItmBodyPart01",
    "strImgNorm": "ItmBodyPart01",
    "strPortraitImg": "ItmBodyPart01",
    "strCOBase": "BodyarmUpperRA",
    "strCondLoot": null,
    "mapSlotEffects": [
      "armUpperR",
      "BodyarmUpperRC",
      "heldL",
      "Blank",
      "heldR",
      "Blank"
    ],
    "mapModeSwitches": []
  },
  {
    "strName": "BodylegLowerLB",
    "strNameFriendly": "Нога: левая голень",
    "strImg": "ItmBodyPart01",
    "strImgNorm": "ItmBodyPart01",
    "strPortraitImg": "ItmBodyPart01",
    "strCOBase": "BodylegLowerLA",
    "strCondLoot": null,
    "mapSlotEffects": [
      "legLowerL",
      "BodylegLowerLB",
      "heldL",
      "Blank",
      "heldR",
      "Blank"
    ],
    "mapModeSwitches": []
  },
  {
    "strName": "BodylegLowerLC",
    "strNameFriendly": "Нога: левая голень",
    "strImg": "ItmBodyPart01",
    "strImgNorm": "ItmBodyPart01",
    "strPortraitImg": "ItmBodyPart01",
    "strCOBase": "BodylegLowerLA",
    "strCondLoot": null,
    "mapSlotEffects": [
      "legLowerL",
      "BodylegLowerLC",
      "heldL",
      "Blank",
      "heldR",
      "Blank"
    ],
    "mapModeSwitches": []
  },
  {
    "strName": "BodylegLowerRB",
    "strNameFriendly": "Нога: правая голень",
    "strImg": "ItmBodyPart01",
    "strImgNorm": "ItmBodyPart01",
    "strPortraitImg": "ItmBodyPart01",
    "strCOBase": "BodylegLowerRA",
    "strCondLoot": null,
    "mapSlotEffects": [
      "legLowerR",
      "BodylegLowerRB",
      "heldL",
      "Blank",
      "heldR",
      "Blank"
    ],
    "mapModeSwitches": []
  },
  {
    "strName": "BodylegLowerRC",
    "strNameFriendly": "Нога: правая голень",
    "strImg": "ItmBodyPart01",
    "strImgNorm": "ItmBodyPart01",
    "strPortraitImg": "ItmBodyPart01",
    "strCOBase": "BodylegLowerRA",
    "strCondLoot": null,
    "mapSlotEffects": [
      "legLowerR",
      "BodylegLowerRC",
      "heldL",
      "Blank",
      "heldR",
      "Blank"
    ],
    "mapModeSwitches": []
  },
  {
    "strName": "BodylegUpperLB",
    "strNameFriendly": "Нога: левое бедро",
    "strImg": "ItmBodyPart01",
    "strImgNorm": "ItmBodyPart01",
    "strPortraitImg": "ItmBodyPart01",
    "strCOBase": "BodylegUpperLA",
    "strCondLoot": null,
    "mapSlotEffects": [
      "legUpperL",
      "BodylegUpperLB",
      "heldL",
      "Blank",
      "heldR",
      "Blank"
    ],
    "mapModeSwitches": []
  },
  {
    "strName": "BodylegUpperLC",
    "strNameFriendly": "Нога: левое бедро",
    "strImg": "ItmBodyPart01",
    "strImgNorm": "ItmBodyPart01",
    "strPortraitImg": "ItmBodyPart01",
    "strCOBase": "BodylegUpperLA",
    "strCondLoot": null,
    "mapSlotEffects": [
      "legUpperL",
      "BodylegUpperLC",
      "heldL",
      "Blank",
      "heldR",
      "Blank"
    ],
    "mapModeSwitches": []
  },
  {
    "strName": "BodylegUpperRB",
    "strNameFriendly": "Нога: правое бедро",
    "strImg": "ItmBodyPart01",
    "strImgNorm": "ItmBodyPart01",
    "strPortraitImg": "ItmBodyPart01",
    "strCOBase": "BodylegUpperRA",
    "strCondLoot": null,
    "mapSlotEffects": [
      "legUpperR",
      "BodylegUpperRB",
      "heldL",
      "Blank",
      "heldR",
      "Blank"
    ],
    "mapModeSwitches": []
  },
  {
    "strName": "BodylegUpperRC",
    "strNameFriendly": "Нога: правое бедро",
    "strImg": "ItmBodyPart01",
    "strImgNorm": "ItmBodyPart01",
    "strPortraitImg": "ItmBodyPart01",
    "strCOBase": "BodylegUpperRA",
    "strCondLoot": null,
    "mapSlotEffects": [
      "legUpperR",
      "BodylegUpperRC",
      "heldL",
      "Blank",
      "heldR",
      "Blank"
    ],
    "mapModeSwitches": []
  },
  {
    "strName": "BodyfootLB",
    "strNameFriendly": "Стопа: левая",
    "strImg": "ItmBodyPart01",
    "strImgNorm": "ItmBodyPart01",
    "strPortraitImg": "ItmBodyPart01",
    "strCOBase": "BodyfootLA",
    "strCondLoot": null,
    "mapSlotEffects": [
      "footL",
      "BodyfootLB",
      "heldL",
      "Blank",
      "heldR",
      "Blank"
    ],
    "mapModeSwitches": []
  },
  {
    "strName": "BodyfootLC",
    "strNameFriendly": "Стопа: левая",
    "strImg": "ItmBodyPart01",
    "strImgNorm": "ItmBodyPart01",
    "strPortraitImg": "ItmBodyPart01",
    "strCOBase": "BodyfootLA",
    "strCondLoot": null,
    "mapSlotEffects": [
      "footL",
      "BodyfootLC",
      "heldL",
      "Blank",
      "heldR",
      "Blank"
    ],
    "mapModeSwitches": []
  },
  {
    "strName": "BodyfootRB",
    "strNameFriendly": "Стопа: правая",
    "strImg": "ItmBodyPart01",
    "strImgNorm": "ItmBodyPart01",
    "strPortraitImg": "ItmBodyPart01",
    "strCOBase": "BodyfootRA",
    "strCondLoot": null,
    "mapSlotEffects": [
      "footR",
      "BodyfootRB",
      "heldL",
      "Blank",
      "heldR",
      "Blank"
    ],
    "mapModeSwitches": []
  },
  {
    "strName": "BodyfootRC",
    "strNameFriendly": "Стопа: правая",
    "strImg": "ItmBodyPart01",
    "strImgNorm": "ItmBodyPart01",
    "strPortraitImg": "ItmBodyPart01",
    "strCOBase": "BodyfootRA",
    "strCondLoot": null,
    "mapSlotEffects": [
      "footR",
      "BodyfootRC",
      "heldL",
      "Blank",
      "heldR",
      "Blank"
    ],
    "mapModeSwitches": []
  },
  {
    "strName": "BodyhandLB",
    "strNameFriendly": "Кисть: левая",
    "strImg": "ItmBodyPart01",
    "strImgNorm": "ItmBodyPart01",
    "strPortraitImg": "ItmBodyPart01",
    "strCOBase": "BodyhandLA",
    "strCondLoot": null,
    "mapSlotEffects": [
      "handL",
      "BodyhandLB",
      "heldL",
      "Blank",
      "heldR",
      "Blank"
    ],
    "mapModeSwitches": []
  },
  {
    "strName": "BodyhandLC",
    "strNameFriendly": "Кисть: левая",
    "strImg": "ItmBodyPart01",
    "strImgNorm": "ItmBodyPart01",
    "strPortraitImg": "ItmBodyPart01",
    "strCOBase": "BodyhandLA",
    "strCondLoot": null,
    "mapSlotEffects": [
      "handL",
      "BodyhandLC",
      "heldL",
      "Blank",
      "heldR",
      "Blank"
    ],
    "mapModeSwitches": []
  },
  {
    "strName": "BodyhandRB",
    "strNameFriendly": "Кисть: правая",
    "strImg": "ItmBodyPart01",
    "strImgNorm": "ItmBodyPart01",
    "strPortraitImg": "ItmBodyPart01",
    "strCOBase": "BodyhandRA",
    "strCondLoot": null,
    "mapSlotEffects": [
      "handR",
      "BodyhandRB",
      "heldL",
      "Blank",
      "heldR",
      "Blank"
    ],
    "mapModeSwitches": []
  },
  {
    "strName": "BodyhandRC",
    "strNameFriendly": "Кисть: правая",
    "strImg": "ItmBodyPart01",
    "strImgNorm": "ItmBodyPart01",
    "strPortraitImg": "ItmBodyPart01",
    "strCOBase": "BodyhandRA",
    "strCondLoot": null,
    "mapSlotEffects": [
      "handR",
      "BodyhandRC",
      "heldL",
      "Blank",
      "heldR",
      "Blank"
    ],
    "mapModeSwitches": []
  },
  {
    "strName": "BodyarmLowerLA02",
    "strNameFriendly": "Рука: левое предплечье",
    "strImg": "ItmBodyPart01",
    "strImgNorm": "ItmBodyPart01",
    "strPortraitImg": "ItmBodyPart01",
    "strCOBase": "BodyarmLowerLA",
    "strCondLoot": null,
    "mapSlotEffects": [
      "armLowerL",
      "BodyarmLowerLA02",
      "heldL",
      "Blank",
      "heldR",
      "Blank"
    ],
    "mapModeSwitches": []
  },
  {
    "strName": "BodyarmLowerLB02",
    "strNameFriendly": "Рука: левое предплечье",
    "strImg": "ItmBodyPart01",
    "strImgNorm": "ItmBodyPart01",
    "strPortraitImg": "ItmBodyPart01",
    "strCOBase": "BodyarmLowerLA",
    "strCondLoot": null,
    "mapSlotEffects": [
      "armLowerL",
      "BodyarmLowerLB02",
      "heldL",
      "Blank",
      "heldR",
      "Blank"
    ],
    "mapModeSwitches": []
  },
  {
    "strName": "BodyarmLowerLC02",
    "strNameFriendly": "Рука: левое предплечье",
    "strImg": "ItmBodyPart01",
    "strImgNorm": "ItmBodyPart01",
    "strPortraitImg": "ItmBodyPart01",
    "strCOBase": "BodyarmLowerLA",
    "strCondLoot": null,
    "mapSlotEffects": [
      "armLowerL",
      "BodyarmLowerLC02",
      "heldL",
      "Blank",
      "heldR",
      "Blank"
    ],
    "mapModeSwitches": []
  },
  {
    "strName": "BodyarmLowerRA02",
    "strNameFriendly": "Рука: правое предплечье",
    "strImg": "ItmBodyPart01",
    "strImgNorm": "ItmBodyPart01",
    "strPortraitImg": "ItmBodyPart01",
    "strCOBase": "BodyarmLowerRA",
    "strCondLoot": null,
    "mapSlotEffects": [
      "armLowerR",
      "BodyarmLowerRA02",
      "heldL",
      "Blank",
      "heldR",
      "Blank"
    ],
    "mapModeSwitches": []
  },
  {
    "strName": "BodyarmLowerRB02",
    "strNameFriendly": "Рука: правое предплечье",
    "strImg": "ItmBodyPart01",
    "strImgNorm": "ItmBodyPart01",
    "strPortraitImg": "ItmBodyPart01",
    "strCOBase": "BodyarmLowerRA",
    "strCondLoot": null,
    "mapSlotEffects": [
      "armLowerR",
      "BodyarmLowerRB02",
      "heldL",
      "Blank",
      "heldR",
      "Blank"
    ],
    "mapModeSwitches": []
  },
  {
    "strName": "BodyarmLowerRC02",
    "strNameFriendly": "Рука: правое предплечье",
    "strImg": "ItmBodyPart01",
    "strImgNorm": "ItmBodyPart01",
    "strPortraitImg": "ItmBodyPart01",
    "strCOBase": "BodyarmLowerRA",
    "strCondLoot": null,
    "mapSlotEffects": [
      "armLowerR",
      "BodyarmLowerRC02",
      "heldL",
      "Blank",
      "heldR",
      "Blank"
    ],
    "mapModeSwitches": []
  },
  {
    "strName": "BodyarmUpperLA02",
    "strNameFriendly": "Рука: левое плечо",
    "strImg": "ItmBodyPart01",
    "strImgNorm": "ItmBodyPart01",
    "strPortraitImg": "ItmBodyPart01",
    "strCOBase": "BodyarmUpperLA",
    "strCondLoot": null,
    "mapSlotEffects": [
      "armUpperL",
      "BodyarmUpperLA02",
      "heldL",
      "Blank",
      "heldR",
      "Blank"
    ],
    "mapModeSwitches": []
  },
  {
    "strName": "BodyarmUpperLB02",
    "strNameFriendly": "Рука: левое плечо",
    "strImg": "ItmBodyPart01",
    "strImgNorm": "ItmBodyPart01",
    "strPortraitImg": "ItmBodyPart01",
    "strCOBase": "BodyarmUpperLA",
    "strCondLoot": null,
    "mapSlotEffects": [
      "armUpperL",
      "BodyarmUpperLB02",
      "heldL",
      "Blank",
      "heldR",
      "Blank"
    ],
    "mapModeSwitches": []
  },
  {
    "strName": "BodyarmUpperLC02",
    "strNameFriendly": "Рука: левое плечо",
    "strImg": "ItmBodyPart01",
    "strImgNorm": "ItmBodyPart01",
    "strPortraitImg": "ItmBodyPart01",
    "strCOBase": "BodyarmUpperLA",
    "strCondLoot": null,
    "mapSlotEffects": [
      "armUpperL",
      "BodyarmUpperLC02",
      "heldL",
      "Blank",
      "heldR",
      "Blank"
    ],
    "mapModeSwitches": []
  },
  {
    "strName": "BodyarmUpperRA02",
    "strNameFriendly": "Рука: правое плечо",
    "strImg": "ItmBodyPart01",
    "strImgNorm": "ItmBodyPart01",
    "strPortraitImg": "ItmBodyPart01",
    "strCOBase": "BodyarmUpperRA",
    "strCondLoot": null,
    "mapSlotEffects": [
      "armUpperR",
      "BodyarmUpperRA02",
      "heldL",
      "Blank",
      "heldR",
      "Blank"
    ],
    "mapModeSwitches": []
  },
  {
    "strName": "BodyarmUpperRB02",
    "strNameFriendly": "Рука: правое плечо",
    "strImg": "ItmBodyPart01",
    "strImgNorm": "ItmBodyPart01",
    "strPortraitImg": "ItmBodyPart01",
    "strCOBase": "BodyarmUpperRA",
    "strCondLoot": null,
    "mapSlotEffects": [
      "armUpperR",
      "BodyarmUpperRB02",
      "heldL",
      "Blank",
      "heldR",
      "Blank"
    ],
    "mapModeSwitches": []
  },
  {
    "strName": "BodyarmUpperRC02",
    "strNameFriendly": "Рука: правое плечо",
    "strImg": "ItmBodyPart01",
    "strImgNorm": "ItmBodyPart01",
    "strPortraitImg": "ItmBodyPart01",
    "strCOBase": "BodyarmUpperRA",
    "strCondLoot": null,
    "mapSlotEffects": [
      "armUpperR",
      "BodyarmUpperRC02",
      "heldL",
      "Blank",
      "heldR",
      "Blank"
    ],
    "mapModeSwitches": []
  },
  {
    "strName": "BodylegLowerLA02",
    "strNameFriendly": "Нога: левая голень",
    "strImg": "ItmBodyPart01",
    "strImgNorm": "ItmBodyPart01",
    "strPortraitImg": "ItmBodyPart01",
    "strCOBase": "BodylegLowerLA",
    "strCondLoot": null,
    "mapSlotEffects": [
      "legLowerL",
      "BodylegLowerLA02",
      "heldL",
      "Blank",
      "heldR",
      "Blank"
    ],
    "mapModeSwitches": []
  },
  {
    "strName": "BodylegLowerLB02",
    "strNameFriendly": "Нога: левая голень",
    "strImg": "ItmBodyPart01",
    "strImgNorm": "ItmBodyPart01",
    "strPortraitImg": "ItmBodyPart01",
    "strCOBase": "BodylegLowerLA",
    "strCondLoot": null,
    "mapSlotEffects": [
      "legLowerL",
      "BodylegLowerLB02",
      "heldL",
      "Blank",
      "heldR",
      "Blank"
    ],
    "mapModeSwitches": []
  },
  {
    "strName": "BodylegLowerLC02",
    "strNameFriendly": "Нога: левая голень",
    "strImg": "ItmBodyPart01",
    "strImgNorm": "ItmBodyPart01",
    "strPortraitImg": "ItmBodyPart01",
    "strCOBase": "BodylegLowerLA",
    "strCondLoot": null,
    "mapSlotEffects": [
      "legLowerL",
      "BodylegLowerLC02",
      "heldL",
      "Blank",
      "heldR",
      "Blank"
    ],
    "mapModeSwitches": []
  },
  {
    "strName": "BodylegLowerRA02",
    "strNameFriendly": "Нога: правая голень",
    "strImg": "ItmBodyPart01",
    "strImgNorm": "ItmBodyPart01",
    "strPortraitImg": "ItmBodyPart01",
    "strCOBase": "BodylegLowerRA",
    "strCondLoot": null,
    "mapSlotEffects": [
      "legLowerR",
      "BodylegLowerRA02",
      "heldL",
      "Blank",
      "heldR",
      "Blank"
    ],
    "mapModeSwitches": []
  },
  {
    "strName": "BodylegLowerRB02",
    "strNameFriendly": "Нога: правая голень",
    "strImg": "ItmBodyPart01",
    "strImgNorm": "ItmBodyPart01",
    "strPortraitImg": "ItmBodyPart01",
    "strCOBase": "BodylegLowerRA",
    "strCondLoot": null,
    "mapSlotEffects": [
      "legLowerR",
      "BodylegLowerRB02",
      "heldL",
      "Blank",
      "heldR",
      "Blank"
    ],
    "mapModeSwitches": []
  },
  {
    "strName": "BodylegLowerRC02",
    "strNameFriendly": "Нога: правая голень",
    "strImg": "ItmBodyPart01",
    "strImgNorm": "ItmBodyPart01",
    "strPortraitImg": "ItmBodyPart01",
    "strCOBase": "BodylegLowerRA",
    "strCondLoot": null,
    "mapSlotEffects": [
      "legLowerR",
      "BodylegLowerRC02",
      "heldL",
      "Blank",
      "heldR",
      "Blank"
    ],
    "mapModeSwitches": []
  },
  {
    "strName": "BodylegUpperLA02",
    "strNameFriendly": "Нога: левое бедро",
    "strImg": "ItmBodyPart01",
    "strImgNorm": "ItmBodyPart01",
    "strPortraitImg": "ItmBodyPart01",
    "strCOBase": "BodylegUpperLA",
    "strCondLoot": null,
    "mapSlotEffects": [
      "legUpperL",
      "BodylegUpperLA02",
      "heldL",
      "Blank",
      "heldR",
      "Blank"
    ],
    "mapModeSwitches": []
  },
  {
    "strName": "BodylegUpperLB02",
    "strNameFriendly": "Нога: левое бедро",
    "strImg": "ItmBodyPart01",
    "strImgNorm": "ItmBodyPart01",
    "strPortraitImg": "ItmBodyPart01",
    "strCOBase": "BodylegUpperLA",
    "strCondLoot": null,
    "mapSlotEffects": [
      "legUpperL",
      "BodylegUpperLB02",
      "heldL",
      "Blank",
      "heldR",
      "Blank"
    ],
    "mapModeSwitches": []
  },
  {
    "strName": "BodylegUpperLC02",
    "strNameFriendly": "Нога: левое бедро",
    "strImg": "ItmBodyPart01",
    "strImgNorm": "ItmBodyPart01",
    "strPortraitImg": "ItmBodyPart01",
    "strCOBase": "BodylegUpperLA",
    "strCondLoot": null,
    "mapSlotEffects": [
      "legUpperL",
      "BodylegUpperLC02",
      "heldL",
      "Blank",
      "heldR",
      "Blank"
    ],
    "mapModeSwitches": []
  },
  {
    "strName": "BodylegUpperRA02",
    "strNameFriendly": "Нога: правое бедро",
    "strImg": "ItmBodyPart01",
    "strImgNorm": "ItmBodyPart01",
    "strPortraitImg": "ItmBodyPart01",
    "strCOBase": "BodylegUpperRA",
    "strCondLoot": null,
    "mapSlotEffects": [
      "legUpperR",
      "BodylegUpperRA02",
      "heldL",
      "Blank",
      "heldR",
      "Blank"
    ],
    "mapModeSwitches": []
  },
  {
    "strName": "BodylegUpperRB02",
    "strNameFriendly": "Нога: правое бедро",
    "strImg": "ItmBodyPart01",
    "strImgNorm": "ItmBodyPart01",
    "strPortraitImg": "ItmBodyPart01",
    "strCOBase": "BodylegUpperRA",
    "strCondLoot": null,
    "mapSlotEffects": [
      "legUpperR",
      "BodylegUpperRB02",
      "heldL",
      "Blank",
      "heldR",
      "Blank"
    ],
    "mapModeSwitches": []
  },
  {
    "strName": "BodylegUpperRC02",
    "strNameFriendly": "Нога: правое бедро",
    "strImg": "ItmBodyPart01",
    "strImgNorm": "ItmBodyPart01",
    "strPortraitImg": "ItmBodyPart01",
    "strCOBase": "BodylegUpperRA",
    "strCondLoot": null,
    "mapSlotEffects": [
      "legUpperR",
      "BodylegUpperRC02",
      "heldL",
      "Blank",
      "heldR",
      "Blank"
    ],
    "mapModeSwitches": []
  },
  {
    "strName": "BodyfootLA02",
    "strNameFriendly": "Стопа: левая",
    "strImg": "ItmBodyPart01",
    "strImgNorm": "ItmBodyPart01",
    "strPortraitImg": "ItmBodyPart01",
    "strCOBase": "BodyfootLA",
    "strCondLoot": null,
    "mapSlotEffects": [
      "footL",
      "BodyfootLA02",
      "heldL",
      "Blank",
      "heldR",
      "Blank"
    ],
    "mapModeSwitches": []
  },
  {
    "strName": "BodyfootLB02",
    "strNameFriendly": "Стопа: левая",
    "strImg": "ItmBodyPart01",
    "strImgNorm": "ItmBodyPart01",
    "strPortraitImg": "ItmBodyPart01",
    "strCOBase": "BodyfootLA",
    "strCondLoot": null,
    "mapSlotEffects": [
      "footL",
      "BodyfootLB02",
      "heldL",
      "Blank",
      "heldR",
      "Blank"
    ],
    "mapModeSwitches": []
  },
  {
    "strName": "BodyfootLC02",
    "strNameFriendly": "Стопа: левая",
    "strImg": "ItmBodyPart01",
    "strImgNorm": "ItmBodyPart01",
    "strPortraitImg": "ItmBodyPart01",
    "strCOBase": "BodyfootLA",
    "strCondLoot": null,
    "mapSlotEffects": [
      "footL",
      "BodyfootLC02",
      "heldL",
      "Blank",
      "heldR",
      "Blank"
    ],
    "mapModeSwitches": []
  },
  {
    "strName": "BodyfootRA02",
    "strNameFriendly": "Стопа: правая",
    "strImg": "ItmBodyPart01",
    "strImgNorm": "ItmBodyPart01",
    "strPortraitImg": "ItmBodyPart01",
    "strCOBase": "BodyfootRA",
    "strCondLoot": null,
    "mapSlotEffects": [
      "footR",
      "BodyfootRA02",
      "heldL",
      "Blank",
      "heldR",
      "Blank"
    ],
    "mapModeSwitches": []
  },
  {
    "strName": "BodyfootRB02",
    "strNameFriendly": "Стопа: правая",
    "strImg": "ItmBodyPart01",
    "strImgNorm": "ItmBodyPart01",
    "strPortraitImg": "ItmBodyPart01",
    "strCOBase": "BodyfootRA",
    "strCondLoot": null,
    "mapSlotEffects": [
      "footR",
      "BodyfootRB02",
      "heldL",
      "Blank",
      "heldR",
      "Blank"
    ],
    "mapModeSwitches": []
  },
  {
    "strName": "BodyfootRC02",
    "strNameFriendly": "Стопа: правая",
    "strImg": "ItmBodyPart01",
    "strImgNorm": "ItmBodyPart01",
    "strPortraitImg": "ItmBodyPart01",
    "strCOBase": "BodyfootRA",
    "strCondLoot": null,
    "mapSlotEffects": [
      "footR",
      "BodyfootRC02",
      "heldL",
      "Blank",
      "heldR",
      "Blank"
    ],
    "mapModeSwitches": []
  },
  {
    "strName": "BodyhandLA02",
    "strNameFriendly": "Кисть: левая",
    "strImg": "ItmBodyPart01",
    "strImgNorm": "ItmBodyPart01",
    "strPortraitImg": "ItmBodyPart01",
    "strCOBase": "BodyhandLA",
    "strCondLoot": null,
    "mapSlotEffects": [
      "handL",
      "BodyhandLA02",
      "heldL",
      "Blank",
      "heldR",
      "Blank"
    ],
    "mapModeSwitches": []
  },
  {
    "strName": "BodyhandLB02",
    "strNameFriendly": "Кисть: левая",
    "strImg": "ItmBodyPart01",
    "strImgNorm": "ItmBodyPart01",
    "strPortraitImg": "ItmBodyPart01",
    "strCOBase": "BodyhandLA",
    "strCondLoot": null,
    "mapSlotEffects": [
      "handL",
      "BodyhandLB02",
      "heldL",
      "Blank",
      "heldR",
      "Blank"
    ],
    "mapModeSwitches": []
  },
  {
    "strName": "BodyhandLC02",
    "strNameFriendly": "Кисть: левая",
    "strImg": "ItmBodyPart01",
    "strImgNorm": "ItmBodyPart01",
    "strPortraitImg": "ItmBodyPart01",
    "strCOBase": "BodyhandLA",
    "strCondLoot": null,
    "mapSlotEffects": [
      "handL",
      "BodyhandLC02",
      "heldL",
      "Blank",
      "heldR",
      "Blank"
    ],
    "mapModeSwitches": []
  },
  {
    "strName": "BodyhandRA02",
    "strNameFriendly": "Кисть: правая",
    "strImg": "ItmBodyPart01",
    "strImgNorm": "ItmBodyPart01",
    "strPortraitImg": "ItmBodyPart01",
    "strCOBase": "BodyhandRA",
    "strCondLoot": null,
    "mapSlotEffects": [
      "handR",
      "BodyhandRA02",
      "heldL",
      "Blank",
      "heldR",
      "Blank"
    ],
    "mapModeSwitches": []
  },
  {
    "strName": "BodyhandRB02",
    "strNameFriendly": "Кисть: правая",
    "strImg": "ItmBodyPart01",
    "strImgNorm": "ItmBodyPart01",
    "strPortraitImg": "ItmBodyPart01",
    "strCOBase": "BodyhandRA",
    "strCondLoot": null,
    "mapSlotEffects": [
      "handR",
      "BodyhandRB02",
      "heldL",
      "Blank",
      "heldR",
      "Blank"
    ],
    "mapModeSwitches": []
  },
  {
    "strName": "BodyhandRC02",
    "strNameFriendly": "Кисть: правая",
    "strImg": "ItmBodyPart01",
    "strImgNorm": "ItmBodyPart01",
    "strPortraitImg": "ItmBodyPart01",
    "strCOBase": "BodyhandRA",
    "strCondLoot": null,
    "mapSlotEffects": [
      "handR",
      "BodyhandRC02",
      "heldL",
      "Blank",
      "heldR",
      "Blank"
    ],
    "mapModeSwitches": []
  }
]