[
  {
    "strName": "SOCPoliceShakedownNameDrop",
    "strTitle": "Упомянуть своего контакта в OKLG",
    "strDesc": "[us] говорит [them], что будет жаль, если [3rd] услышит об этом.",
    "strTargetPoint": "use",
    "fTargetPointRange": 2,
    "strAnim": "Use",
    "strBubble": "BblTalk",
    "strColor": "Dialogue",
    "bSocial": true,
    "bRandomInverse": true,
    "aInverse": ["SOCPoliceShakedownNameDropAllow,[them],[us],[3rd]"],
    "fDuration": 0.0005,
    "strThemType": "Other",
    "nLogging": 1,
    "bHumanOnly": true,
    "LootCTsUs": null,
    "LootCTsThem": "CTPoliceShakedownNameDropLootThem",
    "CTTestUs": null,
    "CTTestThem": "TIsNotPlayerCrew",
    "PSpecTest3rd": "ManagerClose"
  },
  {
    "strName": "SOCPoliceShakedownNameDropAllow",
    "strTitle": "Реакция на упоминание менеджера OKLG",
    "strDesc": "[us] заметно встревожены упоминанием [3rd] и бормочем извинения.",
    "strTargetPoint": "use",
    "fTargetPointRange": 2,
    "strAnim": "Use",
    "strBubble": "BblTalk",
    "strColor": "Dialogue",
    "bSocial": true,
    "bRandomInverse": true,
    "aInverse": ["SOCBlank"],
    "fDuration": 0.0005,
    "strThemType": "Other",
    "nLogging": 1,
    "bHumanOnly": false,
    "LootCTsUs": null,
    "LootCTsThem": null,
    "CTTestUs": null,
    "CTTestThem": null
  },
  {
    "strName": "ENCPoliceBoardAllow",
    "strTitle": "Согласиться",
    "strDesc": "[us] соглашается встретиться с [them].",
    "strColor": "Dialogue",
    "bSocial": true,
    "aInverse": ["ENCPoliceBoardThinking"],
    "strAnim": "Use",
    "strBubble": "BblTouch",
    "strTargetPoint": "talk",
    "strActionGroup": "Talk",
    "fTargetPointRange": 2,
    "fDuration": 0.0003,
    "strThemType": "Other",
    "nLogging": 1,
    "bHumanOnly": true,
    "bCloser": false,
    "LootCTsUs": "CTSOCYesSirUs",
    "LootCTsThem": "CTSOCYesSirThem",
    "CTTestUs": "TIsValidSocialTarget",
    "CTTestThem": "TIsLEO"
  },
  {
    "strName": "ENCPoliceBoardIgnore",
    "strTitle": "Игнорировать их",
    "strDesc": "[us] игнорирует [them].",
    "strColor": "Dialogue",
    "bSocial": true,
    "aInverse": ["ENCPoliceBoardGetAttention"],
    "fDuration": 0.0,
    "strThemType": "Other",
    "nLogging": 1,
    "bHumanOnly": true,
    "bCloser": true,
    "LootCTsUs": "CTSOCYawnInFaceUs",
    "LootCTsThem": "CTSOCYawnInFaceThem",
    "CTTestUs": "TIsValidSocialTarget",
    "CTTestThem": "TIsLEO",
    "aLootItms": ["addthem,CTSOCYawnInFaceItems"]
  },
  {
    "strName": "ENCPoliceBoardGetAttention",
    "strTitle": "Привлечь внимание",
    "strDesc": "[us] требует внимания [them].",
    "strTargetPoint": "talk",
    "strActionGroup": "Talk",
    "fTargetPointRange": 2,
    "strAnim": "Use",
    "strBubble": "BblTouch",
    "strColor": "Dialogue",
    "bSocial": true,
    "aInverse": ["ENCPoliceBoardForceResponse"],
    "fDuration": 0.0003,
    "strThemType": "Other",
    "strRaiseUI": "SocialCombat",
    "nLogging": 1,
    "bHumanOnly": true,
    "LootCTsUs": "CTSOCReiterateUrgencyUs",
    "LootCTsThem": "CTSOCReiterateUrgencyThem",
    "CTTestUs": "TIsLEOAwake",
    "CTTestThem": "TIsValidSocialTarget",
    "aLootItms": [],
    "objLootModeSwitch": null
  },
  {
    "strName": "ENCPoliceBoardForceResponse",
    "strTitle": "Признать",
    "strDesc": "[us] поворачивается к [them].",
    "strTargetPoint": "talk",
    "strActionGroup": "Talk",
    "fTargetPointRange": 2,
    "strAnim": "Use",
    "strBubble": "BblTouch",
    "strColor": "Dialogue",
    "bSocial": true,
    "aInverse": ["ENCPoliceBoardThinking"],
    "fDuration": 0,
    "strThemType": "Other",
    "strRaiseUI": "SocialCombat",
    "nLogging": 1,
    "bHumanOnly": true,
    "LootCTsUs": null,
    "LootCTsThem": null,
    "CTTestUs": null,
    "CTTestThem": "TIsLEO",
    "aLootItms": [],
    "objLootModeSwitch": null
  },
  {
    "strName": "ENCPoliceBoardThinking",
    "strTitle": "Думать",
    "strDesc": "[us] обдумывает, что делать с [them].",
    "strTargetPoint": "talk",
    "strActionGroup": "Talk",
    "fTargetPointRange": 2,
    "strAnim": "Use",
    "strBubble": "BblTouch",
    "strColor": "Dialogue",
    "bSocial": true,
    "aInverse": [],
    "fDuration": 0,
    "strThemType": "Other",
    "strRaiseUI": "SocialCombat",
    "nLogging": 1,
    "bHumanOnly": true,
    "LootCTsUs": null,
    "LootCTsThem": null,
    "CTTestUs": "TIsLEOAwake",
    "CTTestThem": "TIsValidSocialTarget",
    "aLootItms": [],
    "objLootModeSwitch": null
  },
  {
    "strName": "ENCPoliceBoardQuestioning",
    "strTitle": "Рутинный допрос",
    "strDesc": "[us] расспрашивает [them] о рутинных вопросах.",
    "strTargetPoint": "talk",
    "strActionGroup": "Talk",
    "fTargetPointRange": 2,
    "strAnim": "Use",
    "strBubble": "BblTouch",
    "strColor": "Dialogue",
    "bSocial": true,
    "aInverse": [
      "ENCPoliceBoardQuestioningLie",
      "ENCPoliceBoardQuestioningAnswerTruthfully",
      "ENCPoliceBoardQuestioningAnswerEvasively"
    ],
    "fDuration": 0.0003,
    "strThemType": "Other",
    "strRaiseUI": "SocialCombat",
    "nLogging": 1,
    "bHumanOnly": true,
    "LootCTsUs": "CTSeekContactUs",
    "LootCTsThem": "CTSeekContactThem",
    "CTTestUs": "TIsLEOAwake",
    "CTTestThem": "TIsValidSocialTarget",
    "aLootItms": [],
    "objLootModeSwitch": null
  },
  {
    "strName": "ENCPoliceBoardQuestioningAnswerTruthfully",
    "strTitle": "Ответить честно",
    "strDesc": "[us] отвечает [them] насколько помнит.",
    "strTargetPoint": "talk",
    "strActionGroup": "Talk",
    "fTargetPointRange": 2,
    "strAnim": "Use",
    "strBubble": "BblTouch",
    "strColor": "Dialogue",
    "bSocial": true,
    "aInverse": ["SocialCombatExit", "ENCPoliceBoardSuspiciousQuestioning"],
    "fDuration": 0.0003,
    "strThemType": "Other",
    "strRaiseUI": "SocialCombat",
    "nLogging": 1,
    "bHumanOnly": true,
    "LootCTsUs": "CTSOCYesSirUs",
    "LootCTsThem": "CTSOCYesSirThem",
    "CTTestUs": null,
    "CTTestThem": "TIsLEO",
    "aLootItms": [],
    "objLootModeSwitch": null
  },
  {
    "strName": "ENCPoliceBoardQuestioningAnswerEvasively",
    "strTitle": "Ответить уклончиво",
    "strDesc": "[us] не лжём напрямую, но и правду не выставляем на первый план.",
    "strTargetPoint": "talk",
    "strActionGroup": "Talk",
    "fTargetPointRange": 2,
    "strAnim": "Use",
    "strBubble": "BblTouch",
    "strColor": "Dialogue",
    "bSocial": true,
    "aInverse": ["SocialCombatExit", "ENCPoliceBoardSuspiciousQuestioning"],
    "fDuration": 0.0003,
    "strThemType": "Other",
    "strRaiseUI": "SocialCombat",
    "nLogging": 1,
    "bHumanOnly": true,
    "LootCTsUs": "CTSeekContactNotMuchUs",
    "LootCTsThem": "CTSeekContactNotMuchThem",
    "CTTestUs": null,
    "CTTestThem": "TIsLEO",
    "aLootItms": [],
    "objLootModeSwitch": null
  },
  {
    "strName": "ENCPoliceBoardQuestioningLie",
    "strTitle": "Солгать",
    "strDesc": "[us] нагло врём.",
    "strTargetPoint": "talk",
    "strActionGroup": "Talk",
    "fTargetPointRange": 2,
    "strAnim": "Use",
    "strBubble": "BblTouch",
    "strColor": "Dialogue",
    "bSocial": true,
    "aInverse": [
      "ENCPoliceBoardLieBelieves",
      "ENCPoliceBoardSuspiciousQuestioning"
    ],
    "fDuration": 0.0003,
    "strThemType": "Other",
    "strRaiseUI": "SocialCombat",
    "nLogging": 1,
    "bHumanOnly": true,
    "LootCTsUs": "CTSeekMeaningDenyUs",
    "LootCTsThem": "CTSOCYesSirThem",
    "CTTestUs": null,
    "CTTestThem": "TIsLEO",
    "aLootItms": [],
    "objLootModeSwitch": null
  },
  {
    "strName": "ENCPoliceBoardLieBelieves",
    "strTitle": "Принять",
    "strDesc": "[us] принимает ложь [them].",
    "strTargetPoint": "talk",
    "strActionGroup": "Talk",
    "fTargetPointRange": 2,
    "strAnim": "Use",
    "strBubble": "BblTouch",
    "strColor": "Dialogue",
    "bSocial": true,
    "aInverse": ["SocialCombatExit"],
    "fDuration": 0.0003,
    "strThemType": "Other",
    "strRaiseUI": "SocialCombat",
    "nLogging": 1,
    "bHumanOnly": true,
    "LootCTsUs": "CTSeekEsteemN2AllowUs",
    "LootCTsThem": "CTSeekEsteemN2AllowThem",
    "CTTestUs": "TIsLEOAwake",
    "CTTestThem": "TIsValidSocialTarget",
    "aLootItms": [],
    "objLootModeSwitch": null
  },
  {
    "strName": "ENCPoliceBoardSuspiciousQuestioning",
    "strTitle": "Подозрительный допрос",
    "strDesc": "[us] думает, что [them] что-то скрывает, и допрос становится всё более жёстким.",
    "strTargetPoint": "talk",
    "strActionGroup": "Talk",
    "fTargetPointRange": 2,
    "strAnim": "Use",
    "strBubble": "BblTouch",
    "strColor": "Dialogue",
    "bSocial": true,
    "aInverse": [],
    "fDuration": 0.0003,
    "strThemType": "Other",
    "strRaiseUI": "SocialCombat",
    "nLogging": 1,
    "bHumanOnly": true,
    "LootCTsUs": "CTSeekEsteemN2Us",
    "LootCTsThem": "CTSeekEsteemN2Them",
    "CTTestUs": "TIsLEOAwake",
    "CTTestThem": "TIsValidSocialTarget",
    "aLootItms": [],
    "objLootModeSwitch": null
  },
  {
    "strName": "ENCPoliceBoardFishForBribe",
    "strTitle": "Допрос",
    "strDesc": "[us] небрежно намекает, что возможно [them] стоит дать взятку.",
    "strTargetPoint": "talk",
    "strActionGroup": "Talk",
    "fTargetPointRange": 2,
    "strAnim": "Use",
    "strBubble": "BblTouch",
    "strColor": "Dialogue",
    "bSocial": true,
    "aInverse": [],
    "fDuration": 0.0003,
    "strThemType": "Other",
    "strRaiseUI": "SocialCombat",
    "nLogging": 1,
    "bHumanOnly": true,
    "LootCTsUs": "CTSeekSelfRespectUs",
    "LootCTsThem": "CTSeekSelfRespectThem",
    "CTTestUs": "TIsLEOAwake",
    "CTTestThem": "TIsValidSocialTarget",
    "aLootItms": [],
    "objLootModeSwitch": null
  }
]
