[
  {
    "strName": "AModeGrinder",
    "strNameFriendly": "болгарка",
    "strType": "melee",
    "bPlayAudioEarly": true,
    "strAudioAttack": "AnimAngleGrinderSound01",
    "fRange": 1.0,
    "fDmgBlunt": 4.0,
    "fDmgCut": 15.0,
    "fDmgEnv": 10.0,
    "fPenetration": 1.5
  },
  {
    "strName": "AModeGrinderHelpless",
    "strNameFriendly": "добивающий удар",
    "strType": "melee",
    "bPlayAudioEarly": true,
    "strAudioAttack": "AnimAngleGrinderSound01",
    "fRange": 2.0,
    "fDmgBlunt": 16.0,
    "fDmgCut": 60.0,
    "fDmgEnv": 0.0,
    "fPenetration": 1.0
  },
  {
    "strName": "AModeBlank",
    "strNameFriendly": "пусто",
    "strType": "melee",
    "fRange": 1.0,
    "fDmgBlunt": 0.0,
    "fDmgCut": 0.0,
    "fDmgEnv": 0.0,
    "fPenetration": 0.0
  },
  {
    "strName": "AModeCollision",
    "strNameFriendly": "столкновение",
    "strType": "ranged",
    "fRange": 100,
    "fDmgBlunt": 10.0,
    "fDmgCut": 10.0,
    "fDmgEnv": 1.0,
    "fPenetration": 0.0
  },
  {
    "strName": "AModeCrowbar",
    "strNameFriendly": "лом",
    "strType": "melee",
    "bPlayAudioEarly": true,
    "strAudioAttack": "AnimMeleeSound08",
    "fRange": 2.0,
    "fDmgBlunt": 11.0,
    "fDmgCut": 0.0,
    "fDmgEnv": 4.0,
    "fPenetration": 0.0
  },
  {
    "strName": "AModeCrowbarHelpless",
    "strNameFriendly": "добивающий удар",
    "strType": "melee",
    "bPlayAudioEarly": true,
    "strAudioAttack": "AnimMeleeSound08",
    "fRange": 2.0,
    "fDmgBlunt": 44.0,
    "fDmgCut": 0.0,
    "fDmgEnv": 0.0,
    "fPenetration": 0.0
  },
  {
    "strName": "AModeDefault",
    "strNameFriendly": "предмет в руке",
    "strType": "melee",
    "bPlayAudioEarly": true,
    "strAudioAttack": "AnimMeleeSound01",
    "fRange": 1.0,
    "fDmgBlunt": 7.0,
    "fDmgCut": 0.0,
    "fDmgEnv": 2.0,
    "fPenetration": 0.0
  },
  {
    "strName": "AModeDefaultHelpless",
    "strNameFriendly": "добивающий удар",
    "strType": "melee",
    "bPlayAudioEarly": true,
    "strAudioAttack": "AnimMeleeSound01",
    "fRange": 1.0,
    "fDmgBlunt": 21.0,
    "fDmgCut": 0.0,
    "fDmgEnv": 0.0,
    "fPenetration": 0.0
  },
  {
    "strName": "AModeDefaultShaft",
    "strNameFriendly": "размах",
    "strType": "melee",
    "bPlayAudioEarly": true,
    "strAudioAttack": "AnimMeleeSound03",
    "fRange": 2.0,
    "fDmgBlunt": 8.0,
    "fDmgCut": 0.0,
    "fDmgEnv": 2.0,
    "fPenetration": 0.0
  },
  {
    "strName": "AModeDefaultShaftHelpless",
    "strNameFriendly": "добивающий удар",
    "strType": "melee",
    "bPlayAudioEarly": true,
    "strAudioAttack": "AnimMeleeSound03",
    "fRange": 1.0,
    "fDmgBlunt": 24.0,
    "fDmgCut": 0.0,
    "fDmgEnv": 0.0,
    "fPenetration": 0.0
  },
  {
    "strName": "AModeDefaultSharp",
    "strNameFriendly": "острый предмет",
    "strType": "melee",
    "bPlayAudioEarly": true,
    "strAudioAttack": "AnimMeleeSound04",
    "fRange": 1.0,
    "fDmgBlunt": 1.0,
    "fDmgCut": 6.0,
    "fDmgEnv": 2.0,
    "fPenetration": 0.75
  },
  {
    "strName": "AModeDefaultSharpHelpless",
    "strNameFriendly": "добивающий удар",
    "strType": "melee",
    "bPlayAudioEarly": true,
    "strAudioAttack": "AnimMeleeSound04",
    "fRange": 1.0,
    "fDmgBlunt": 3.0,
    "fDmgCut": 18.0,
    "fDmgEnv": 0.0,
    "fPenetration": 0.75
  },
  {
    "strName": "AModeDefaultSharpStab",
    "strNameFriendly": "острый удар",
    "strType": "melee",
    "bPlayAudioEarly": true,
    "strAudioAttack": "AnimMeleeSound10",
    "fRange": 1.0,
    "fDmgBlunt": 2.0,
    "fDmgCut": 5.0,
    "fDmgEnv": 2.0,
    "fPenetration": 1
  },
  {
    "strName": "AModeDefaultSharpStabHelpless",
    "strNameFriendly": "добивающий удар",
    "strType": "melee",
    "bPlayAudioEarly": true,
    "strAudioAttack": "AnimMeleeSound10",
    "fRange": 1.0,
    "fDmgBlunt": 6.0,
    "fDmgCut": 15.0,
    "fDmgEnv": 0.0,
    "fPenetration": 1
  },
  {
    "strName": "AModeDefaultSoft",
    "strNameFriendly": "пощёчина",
    "strType": "melee",
    "bPlayAudioEarly": true,
    "strAudioAttack": "AnimMeleeSound05",
    "fRange": 1.25,
    "fDmgBlunt": 3.0,
    "fDmgCut": 0.0,
    "fDmgEnv": 0.0,
    "fPenetration": 0.0
  },
  {
    "strName": "AModeDefaultSoftHelpless",
    "strNameFriendly": "добивающий удар",
    "strType": "melee",
    "bPlayAudioEarly": true,
    "strAudioAttack": "AnimMeleeSound05",
    "fRange": 1.25,
    "fDmgBlunt": 9.0,
    "fDmgCut": 0.0,
    "fDmgEnv": 0.0,
    "fPenetration": 0.0
  },
  {
    "strName": "AModeDerelictBreakIn",
    "strNameFriendly": "износ",
    "strType": "ranged",
    "fRange": 100.0,
    "fDmgBlunt": 20.0,
    "fDmgCut": 80.0,
    "fDmgEnv": 100.0,
    "fPenetration": 1.0
  },
  {
    "strName": "AModeDrinkBottle01DmgStab",
    "strNameFriendly": "выпад разбитой бутылкой",
    "strType": "melee",
    "bPlayAudioEarly": true,
    "strAudioAttack": "AnimMeleeSound11",
    "fRange": 1.5,
    "fDmgBlunt": 3.0,
    "fDmgCut": 5.0,
    "fDmgEnv": 0.0,
    "fPenetration": 0.75
  },
  {
    "strName": "AModeDrinkBottle01DmgSlash",
    "strNameFriendly": "удар разбитой бутылкой",
    "strType": "melee",
    "bPlayAudioEarly": true,
    "strAudioAttack": "AnimMeleeSound04",
    "fRange": 1.0,
    "fDmgBlunt": 3.0,
    "fDmgCut": 7.0,
    "fDmgEnv": 0.0,
    "fPenetration": 0.5
  },
  {
    "strName": "AModeDrinkBottle01DmgHelpless",
    "strNameFriendly": "добивающий удар",
    "strType": "melee",
    "bPlayAudioEarly": true,
    "strAudioAttack": "AnimMeleeSound04",
    "fRange": 1.0,
    "fDmgBlunt": 12.0,
    "fDmgCut": 28.0,
    "fDmgEnv": 0.0,
    "fPenetration": 0.75
  },
  {
    "strName": "AModeExplosionFusion",
    "strNameFriendly": "термоядерный взрыв",
    "strType": "ranged",
    "fRange": 15.0,
    "fDmgBlunt": 0.1,
    "fDmgCut": 0.9,
    "fDmgEnv": 1.0,
    "fPenetration": 1.0
  },
  {
    "strName": "AModeMicrometeoroid",
    "strNameFriendly": "микрометеорит",
    "strType": "ranged",
    "fRange": 100.0,
    "fDmgBlunt": 11.0,
    "fDmgCut": 44.0,
    "fDmgEnv": 55.0,
    "fPenetration": 1.0
  },
  {
    "strName": "AModePistol01",
    "strNameFriendly": "выстрел из .45 пистолета",
    "strType": "ranged",
    "bAllowOnInanimate": true,
    "strAudioAttack": "AnimShootSound01",
    "fRange": 100.0,
    "fDmgBlunt": 7.0,
    "fDmgCut": 44.0,
    "fDmgEnv": 55.0,
    "fPenetration": 1.5
  },
  {
    "strName": "AModePistol02",
    "strNameFriendly": "выстрел из 9мм пистолета",
    "strType": "ranged",
    "bAllowOnInanimate": true,
    "strAudioAttack": "AnimShootSound02",
    "fRange": 100.0,
    "fDmgBlunt": 2.0,
    "fDmgCut": 30.0,
    "fDmgEnv": 40.0,
    "fPenetration": 1.25
  },
  {
    "strName": "AModePistol03",
    "strNameFriendly": "выстрел из .38 револьвера",
    "strType": "ranged",
    "bAllowOnInanimate": true,
    "strAudioAttack": "AnimShootSound03",
    "fRange": 100.0,
    "fDmgBlunt": 2.0,
    "fDmgCut": 38.0,
    "fDmgEnv": 45.0,
    "fPenetration": 1.5
  },
  {
    "strName": "AModePistol04",
    "strNameFriendly": "выстрел из «РиП» пушки",
    "strType": "ranged",
    "bAllowOnInanimate": true,
    "strAudioAttack": "AnimShootSound03",
    "fRange": 100.0,
    "fDmgBlunt": 2.0,
    "fDmgCut": 44.0,
    "fDmgEnv": 55.0,
    "fPenetration": 1.0
  },
  {
    "strName": "AModePistolEnergy01",
    "strNameFriendly": "выстрел из HG пистолета",
    "strType": "ranged",
    "bAllowOnInanimate": true,
    "strAudioAttack": "AnimShootSound02",
    "fRange": 100.0,
    "fDmgBlunt": 2.0,
    "fDmgCut": 12.0,
    "fDmgEnv": 8.0,
    "fPenetration": 0.75
  },
  {
    "strName": "AModePistolWhip",
    "strNameFriendly": "удар пистолетом",
    "strType": "melee",
    "bPlayAudioEarly": true,
    "strAudioAttack": "AnimMeleeSound03",
    "fRange": 1.0,
    "fDmgBlunt": 7.0,
    "fDmgCut": 1.0,
    "fDmgEnv": 2.0,
    "fPenetration": 0.0
  },
  {
    "strName": "AModePunch",
    "strNameFriendly": "удар кулаком",
    "strType": "melee",
    "bPlayAudioEarly": true,
    "strAudioAttack": "AnimMeleeSound01",
    "fRange": 1.0,
    "fDmgBlunt": 6.0,
    "fDmgCut": 0.0,
    "fDmgEnv": 2.0,
    "fPenetration": 0.0
  },
  {
    "strName": "AModePunchQuick",
    "strNameFriendly": "быстрый удар",
    "strType": "melee",
    "bPlayAudioEarly": true,
    "strAudioAttack": "AnimMeleeSound02",
    "fRange": 1.0,
    "fDmgBlunt": 3.0,
    "fDmgCut": 0.0,
    "fDmgEnv": 1.0,
    "fPenetration": 0.0
  },
  {
    "strName": "AModePunchHelpless",
    "strNameFriendly": "добивающий удар",
    "strType": "melee",
    "bPlayAudioEarly": true,
    "strAudioAttack": "AnimMeleeSound01",
    "fRange": 1.0,
    "fDmgBlunt": 24.0,
    "fDmgCut": 0.0,
    "fDmgEnv": 0.0,
    "fPenetration": 0.0
  },
  {
    "strName": "AModeRandomWound",
    "strNameFriendly": "случайная рана",
    "strType": "melee",
    "bPlayAudioEarly": true,
    "fRange": 1.0,
    "fDmgBlunt": 10.0,
    "fDmgCut": 10.0,
    "fDmgEnv": 0.0,
    "fPenetration": 1.0
  },
  {
    "strName": "AModeRandomWoundFatal",
    "strNameFriendly": "случайная рана",
    "strType": "melee",
    "bPlayAudioEarly": true,
    "fRange": 0.0,
    "fDmgBlunt": 100.0,
    "fDmgCut": 100.0,
    "fDmgEnv": 0.0,
    "fPenetration": 1.0
  },
  {
    "strName": "AModeFinishingBlow",
    "strNameFriendly": "добивающий удар",
    "strType": "melee",
    "bPlayAudioEarly": true,
    "strAudioAttack": "AnimMeleeSound01",
    "fRange": 0.0,
    "fDmgBlunt": 100.0,
    "fDmgCut": 0.0,
    "fDmgEnv": 0.0,
    "fPenetration": 10.0
  },
  {
    "strName": "AModeLaserTorch",
    "strNameFriendly": "сварочный лазер",
    "strType": "ranged",
    "bPlayAudioEarly": false,
    "strAudioAttack": "AnimLaserTorchSound01",
    "fRange": 2.0,
    "fDmgBlunt": 0.0,
    "fDmgCut": 18.0,
    "fDmgEnv": 15.0,
    "fPenetration": 2.5
  },
  {
    "strName": "AModeLaserTorchHelpless",
    "strNameFriendly": "добивающий удар",
    "strType": "ranged",
    "bPlayAudioEarly": true,
    "strAudioAttack": "AnimLaserTorchSound01",
    "fRange": 1.0,
    "fDmgBlunt": 0.0,
    "fDmgCut": 72.0,
    "fDmgEnv": 5.0,
    "fPenetration": 2.5
  },
  {
    "strName": "AModeRifle01",
    "strNameFriendly": "выстрел из боевой винтовки",
    "strType": "ranged",
    "bAllowOnInanimate": true,
    "strAudioAttack": "AnimShootSoundRifle01",
    "fRange": 100.0,
    "fDmgBlunt": 2.0,
    "fDmgCut": 30.0,
    "fDmgEnv": 40.0,
    "fPenetration": 1.5
  },
  {
    "strName": "AModeRifle01x3",
    "strNameFriendly": "очередь из боевой винтовки",
    "strType": "ranged",
    "bAllowOnInanimate": true,
    "strAudioAttack": "AnimShootSoundRifle01Burst",
    "fRange": 100.0,
    "fDmgBlunt": 2.0,
    "fDmgCut": 30.0,
    "fDmgEnv": 40.0,
    "fPenetration": 1.5,
    "fSpread": 2.5,
    "nExtraRays": 2
  },
  {
    "strName": "AModeScrewdriver01Stab",
    "strNameFriendly": "удар отвёрткой",
    "strType": "melee",
    "bPlayAudioEarly": true,
    "strAudioAttack": "AnimMeleeSound11",
    "fRange": 1.0,
    "fDmgBlunt": 3.0,
    "fDmgCut": 8.0,
    "fDmgEnv": 2.0,
    "fPenetration": 0.5
  },
  {
    "strName": "AModeScrewdriver01Helpless",
    "strNameFriendly": "добивающий удар",
    "strType": "melee",
    "bPlayAudioEarly": true,
    "strAudioAttack": "AnimMeleeSound11",
    "fRange": 1.0,
    "fDmgBlunt": 9.0,
    "fDmgCut": 24.0,
    "fDmgEnv": 0.0,
    "fPenetration": 0.5
  },
  {
    "strName": "AModeShotgun01",
    "strNameFriendly": "выстрел из дробовика",
    "strType": "ranged",
    "bAllowOnInanimate": true,
    "strAudioAttack": "AnimShootSoundShotgun01",
    "fRange": 33.0,
    "fDmgBlunt": 5.0,
    "fDmgCut": 15.0,
    "fDmgEnv": 5.0,
    "fPenetration": 0.125,
    "fSpread": 5,
    "nExtraRays": 9
  },
  {
    "strName": "AModeShotgun01Stock",
    "strNameFriendly": "удар прикладом дробовика",
    "strType": "melee",
    "bPlayAudioEarly": true,
    "strAudioAttack": "AnimMeleeSound03",
    "fRange": 1.5,
    "fDmgBlunt": 17.0,
    "fDmgCut": 1.0,
    "fDmgEnv": 2.0,
    "fPenetration": 0.0
  },
  {
    "strName": "AModeSolderingIron01Stab",
    "strNameFriendly": "удар паяльником",
    "strType": "melee",
    "bPlayAudioEarly": true,
    "strAudioAttack": "AnimMeleeSound11",
    "fRange": 1.0,
    "fDmgBlunt": 3.0,
    "fDmgCut": 10.0,
    "fDmgEnv": 2.0,
    "fPenetration": 0.5
  },
  {
    "strName": "AModeSolderingIron01Helpless",
    "strNameFriendly": "добивающий удар",
    "strType": "melee",
    "bPlayAudioEarly": true,
    "strAudioAttack": "AnimMeleeSound11",
    "fRange": 1.0,
    "fDmgBlunt": 9.0,
    "fDmgCut": 30.0,
    "fDmgEnv": 0.0,
    "fPenetration": 0.5
  },
  {
    "strName": "AModeTakeDown",
    "strNameFriendly": "подкат",
    "strType": "melee",
    "bPlayAudioEarly": true,
    "strAudioAttack": "AnimMeleeSound04",
    "fRange": 3.0,
    "fDmgBlunt": 0.0,
    "fDmgCut": 0.0,
    "fDmgEnv": 0.0,
    "fPenetration": 0.0
  },
  {
    "strName": "AModeTrip",
    "strNameFriendly": "подножка",
    "strType": "melee",
    "bPlayAudioEarly": true,
    "strAudioAttack": "AnimMeleeSound04",
    "fRange": 1.0,
    "fDmgBlunt": 3.0,
    "fDmgCut": 0.0,
    "fDmgEnv": 0.0,
    "fPenetration": 0.0
  },
  {
    "strName": "AModeWeaponKnuckles01",
    "strNameFriendly": "кастет",
    "strType": "melee",
    "bPlayAudioEarly": true,
    "strAudioAttack": "AnimMeleeSound01",
    "fRange": 1.0,
    "fDmgBlunt": 9.0,
    "fDmgCut": 0.0,
    "fDmgEnv": 2.0,
    "fPenetration": 0.0
  },
  {
    "strName": "AModeWeaponKnuckles01Quick",
    "strNameFriendly": "удар кастетом",
    "strType": "melee",
    "bPlayAudioEarly": true,
    "strAudioAttack": "AnimMeleeSound02",
    "fRange": 1.0,
    "fDmgBlunt": 6.0,
    "fDmgCut": 0.0,
    "fDmgEnv": 1.0,
    "fPenetration": 0.0
  },
  {
    "strName": "AModeWeaponKnuckles01Helpless",
    "strNameFriendly": "добивающий удар",
    "strType": "melee",
    "bPlayAudioEarly": true,
    "strAudioAttack": "AnimMeleeSound01",
    "fRange": 1.0,
    "fDmgBlunt": 32.0,
    "fDmgCut": 0.0,
    "fDmgEnv": 0.0,
    "fPenetration": 0.0
  },
  {
    "strName": "AModeWeaponBaseballBat01",
    "strNameFriendly": "мощный удар битой",
    "strType": "melee",
    "bPlayAudioEarly": true,
    "strAudioAttack": "AnimMeleeSound07",
    "fRange": 2.0,
    "fDmgBlunt": 19.0,
    "fDmgCut": 0.0,
    "fDmgEnv": 3.0,
    "fPenetration": 0.0
  },
  {
    "strName": "AModeWeaponBaseballBat01Helpless",
    "strNameFriendly": "добивающий удар",
    "strType": "melee",
    "bPlayAudioEarly": true,
    "strAudioAttack": "AnimMeleeSound07",
    "fRange": 1.0,
    "fDmgBlunt": 76.0,
    "fDmgCut": 0.0,
    "fDmgEnv": 0.0,
    "fPenetration": 0.0
  },
  {
    "strName": "AModeWeaponBaseballBat02",
    "strNameFriendly": "сокрушительный удар битой",
    "strType": "melee",
    "bPlayAudioEarly": true,
    "strAudioAttack": "AnimMeleeSound07",
    "fRange": 2.5,
    "fDmgBlunt": 22.0,
    "fDmgCut": 0.0,
    "fDmgEnv": 5.0,
    "fPenetration": 0.0
  },
  {
    "strName": "AModeWeaponBaseballBat02Helpless",
    "strNameFriendly": "добивающий удар",
    "strType": "melee",
    "bPlayAudioEarly": true,
    "strAudioAttack": "AnimMeleeSound07",
    "fRange": 1.0,
    "fDmgBlunt": 88.0,
    "fDmgCut": 0.0,
    "fDmgEnv": 0.0,
    "fPenetration": 0.0
  },
  {
    "strName": "AModeWeaponCutlass01",
    "strNameFriendly": "удар кутласом",
    "strType": "melee",
    "bPlayAudioEarly": true,
    "strAudioAttack": "AnimMeleeSound09",
    "fRange": 1.5,
    "fDmgBlunt": 6.0,
    "fDmgCut": 21.0,
    "fDmgEnv": 2.0,
    "fPenetration": 1.25
  },
  {
    "strName": "AModeWeaponCutlass01GripPunch",
    "strNameFriendly": "удар рукоятью кутласа",
    "strType": "melee",
    "bPlayAudioEarly": true,
    "strAudioAttack": "AnimMeleeSound03",
    "fRange": 1.0,
    "fDmgBlunt": 6.0,
    "fDmgCut": 0.0,
    "fDmgEnv": 2.0,
    "fPenetration": 0.0
  },
  {
    "strName": "AModeWeaponCutlass01Stab",
    "strNameFriendly": "выпад кутласом",
    "strType": "melee",
    "bPlayAudioEarly": true,
    "strAudioAttack": "AnimMeleeSound10",
    "fRange": 2.0,
    "fDmgBlunt": 3.0,
    "fDmgCut": 18.0,
    "fDmgEnv": 8.0,
    "fPenetration": 1.75
  },
  {
    "strName": "AModeWeaponCutlass01Helpless",
    "strNameFriendly": "добивающий удар",
    "strType": "melee",
    "bPlayAudioEarly": true,
    "strAudioAttack": "AnimMeleeSound09",
    "fRange": 1.0,
    "fDmgBlunt": 12.0,
    "fDmgCut": 72.0,
    "fDmgEnv": 0.0,
    "fPenetration": 2.0
  },
  {
    "strName": "AModeWeaponGoat01",
    "strNameFriendly": "удар очищающим скипетром",
    "strType": "melee",
    "bPlayAudioEarly": true,
    "strAudioAttack": "AnimMeleeSound09",
    "fRange": 2.0,
    "fDmgBlunt": 30.0,
    "fDmgCut": 11.0,
    "fDmgEnv": 13.0,
    "fPenetration": 3.0
  },
  {
    "strName": "AModeWeaponGoat01Stab",
    "strNameFriendly": "выпад очищающим скипетром",
    "strType": "melee",
    "bPlayAudioEarly": true,
    "strAudioAttack": "AnimMeleeSound10",
    "fRange": 2.5,
    "fDmgBlunt": 8.0,
    "fDmgCut": 26.0,
    "fDmgEnv": 15.0,
    "fPenetration": 4.0
  },
  {
    "strName": "AModeWeaponGoat01Helpless",
    "strNameFriendly": "очищающий удар",
    "strType": "melee",
    "bPlayAudioEarly": true,
    "strAudioAttack": "AnimMeleeSound09",
    "fRange": 1.0,
    "fDmgBlunt": 120.0,
    "fDmgCut": 44.0,
    "fDmgEnv": 0.0,
    "fPenetration": 4.0
  },
  {
    "strName": "AModeWeaponKatana01",
    "strNameFriendly": "удар катаной",
    "strType": "melee",
    "bPlayAudioEarly": true,
    "strAudioAttack": "AnimMeleeSound09",
    "fRange": 2.0,
    "fDmgBlunt": 6.0,
    "fDmgCut": 25.0,
    "fDmgEnv": 8.0,
    "fPenetration": 1.5
  },
  {
    "strName": "AModeWeaponKatana01Stab",
    "strNameFriendly": "выпад катаной",
    "strType": "melee",
    "bPlayAudioEarly": true,
    "strAudioAttack": "AnimMeleeSound10",
    "fRange": 2.5,
    "fDmgBlunt": 3.0,
    "fDmgCut": 21.0,
    "fDmgEnv": 10.0,
    "fPenetration": 2.0
  },
  {
    "strName": "AModeWeaponKatana01Helpless",
    "strNameFriendly": "добивающий удар",
    "strType": "melee",
    "bPlayAudioEarly": true,
    "strAudioAttack": "AnimMeleeSound09",
    "fRange": 1.0,
    "fDmgBlunt": 12.0,
    "fDmgCut": 84.0,
    "fDmgEnv": 0.0,
    "fPenetration": 2.0
  },
  {
    "strName": "AModeWeaponKnife01",
    "strNameFriendly": "порез ножом",
    "strType": "melee",
    "bPlayAudioEarly": true,
    "strAudioAttack": "AnimMeleeSound11",
    "fRange": 1.0,
    "fDmgBlunt": 6.0,
    "fDmgCut": 15.0,
    "fDmgEnv": 4.0,
    "fPenetration": 1
  },
  {
    "strName": "AModeWeaponKnife01Stab",
    "strNameFriendly": "удар ножом",
    "strType": "melee",
    "bPlayAudioEarly": true,
    "strAudioAttack": "AnimMeleeSound11",
    "fRange": 1.0,
    "fDmgBlunt": 3.0,
    "fDmgCut": 12.0,
    "fDmgEnv": 4.0,
    "fPenetration": 1.5
  },
  {
    "strName": "AModeWeaponKnife01Helpless",
    "strNameFriendly": "добивающий удар",
    "strType": "melee",
    "bPlayAudioEarly": true,
    "strAudioAttack": "AnimMeleeSound11",
    "fRange": 1.0,
    "fDmgBlunt": 12.0,
    "fDmgCut": 48.0,
    "fDmgEnv": 0.0,
    "fPenetration": 1.5
  },
  {
    "strName": "AModeWeaponMachete01",
    "strNameFriendly": "рубящий удар мачете",
    "strType": "melee",
    "bPlayAudioEarly": true,
    "strAudioAttack": "AnimMeleeSound09",
    "fRange": 1.5,
    "fDmgBlunt": 10.0,
    "fDmgCut": 20.0,
    "fDmgEnv": 8.0,
    "fPenetration": 1.0
  },
  {
    "strName": "AModeWeaponMachete01Stab",
    "strNameFriendly": "выпад мачете",
    "strType": "melee",
    "bPlayAudioEarly": true,
    "strAudioAttack": "AnimMeleeSound10",
    "fRange": 2,
    "fDmgBlunt": 6.0,
    "fDmgCut": 13.0,
    "fDmgEnv": 8.0,
    "fPenetration": 1.25
  },
  {
    "strName": "AModeWeaponMachete01Slap",
    "strNameFriendly": "удар плашмя мачете",
    "strType": "melee",
    "bPlayAudioEarly": true,
    "strAudioAttack": "AnimMeleeSound03",
    "fRange": 2,
    "fDmgBlunt": 8.0,
    "fDmgCut": 0.0,
    "fDmgEnv": 0.0,
    "fPenetration": 0.0
  },
  {
    "strName": "AModeWeaponMachete01Helpless",
    "strNameFriendly": "добивающий удар",
    "strType": "melee",
    "bPlayAudioEarly": true,
    "strAudioAttack": "AnimMeleeSound09",
    "fRange": 1.0,
    "fDmgBlunt": 24.0,
    "fDmgCut": 72.0,
    "fDmgEnv": 0.0,
    "fPenetration": 1.25
  },
  {
    "strName": "AModeWeaponNightstick01",
    "strNameFriendly": "дубинка",
    "strAudioAttack": "AnimMeleeSound08",
    "strType": "melee",
    "bPlayAudioEarly": true,
    "fRange": 1.5,
    "fDmgBlunt": 10.0,
    "fDmgCut": 0.0,
    "fDmgEnv": 2.0,
    "fPenetration": 0.0
  },
  {
    "strName": "AModeWeaponNightstick01Helpless",
    "strNameFriendly": "добивающий удар",
    "strType": "melee",
    "bPlayAudioEarly": true,
    "strAudioAttack": "AnimMeleeSound09",
    "fRange": 1.0,
    "fDmgBlunt": 40.0,
    "fDmgCut": 0.0,
    "fDmgEnv": 0.0,
    "fPenetration": 0.0
  },
  {
    "strName": "AModeWeaponNightstick02",
    "strNameFriendly": "полицейская дубинка",
    "strType": "melee",
    "bPlayAudioEarly": true,
    "strAudioAttack": "AnimMeleeSound09",
    "fRange": 2,
    "fDmgBlunt": 14.0,
    "fDmgCut": 0.0,
    "fDmgEnv": 3.0,
    "fPenetration": 0.0
  },
  {
    "strName": "AModeWeaponNightstick02Helpless",
    "strNameFriendly": "добивающий удар",
    "strType": "melee",
    "bPlayAudioEarly": true,
    "strAudioAttack": "AnimMeleeSound09",
    "fRange": 1.0,
    "fDmgBlunt": 56.0,
    "fDmgCut": 0.0,
    "fDmgEnv": 0.0,
    "fPenetration": 0.0
  },
  {
    "strName": "AModeWeaponPocketknife01",
    "strNameFriendly": "порез складным ножом",
    "strType": "melee",
    "bPlayAudioEarly": true,
    "strAudioAttack": "AnimMeleeSound11",
    "fRange": 1.0,
    "fDmgBlunt": 1.0,
    "fDmgCut": 8.0,
    "fDmgEnv": 0.0,
    "fPenetration": 0.75
  },
  {
    "strName": "AModeWeaponPocketknife01Stab",
    "strNameFriendly": "удар складным ножом",
    "strType": "melee",
    "bPlayAudioEarly": true,
    "strAudioAttack": "AnimMeleeSound11",
    "fRange": 1.0,
    "fDmgBlunt": 3.0,
    "fDmgCut": 6.0,
    "fDmgEnv": 0.0,
    "fPenetration": 1.0
  },
  {
    "strName": "AModeWeaponPocketknife01Helpless",
    "strNameFriendly": "добивающий удар",
    "strType": "melee",
    "bPlayAudioEarly": true,
    "strAudioAttack": "AnimMeleeSound11",
    "fRange": 1.0,
    "fDmgBlunt": 12.0,
    "fDmgCut": 24.0,
    "fDmgEnv": 0.0,
    "fPenetration": 1.0
  },
  {
    "strName": "AModeWeaponShiv01",
    "strNameFriendly": "порез заточкой",
    "strType": "melee",
    "bPlayAudioEarly": true,
    "strAudioAttack": "AnimMeleeSound11",
    "fRange": 1.0,
    "fDmgBlunt": 6.0,
    "fDmgCut": 10.0,
    "fDmgEnv": 6.0,
    "fPenetration": 0.5
  },
  {
    "strName": "AModeWeaponShiv01Stab",
    "strNameFriendly": "удар заточкой",
    "strType": "melee",
    "bPlayAudioEarly": true,
    "strAudioAttack": "AnimMeleeSound11",
    "fRange": 1.0,
    "fDmgBlunt": 3.0,
    "fDmgCut": 8.0,
    "fDmgEnv": 2.0,
    "fPenetration": 0.75
  },
  {
    "strName": "AModeWeaponShiv01Helpless",
    "strNameFriendly": "добивающий удар",
    "strType": "melee",
    "bPlayAudioEarly": true,
    "strAudioAttack": "AnimMeleeSound11",
    "fRange": 1.0,
    "fDmgBlunt": 12.0,
    "fDmgCut": 24.0,
    "fDmgEnv": 0.0,
    "fPenetration": 0.75
  },
  {
    "strName": "AModeWeaponSpear01",
    "strNameFriendly": "удар древком",
    "strType": "melee",
    "bPlayAudioEarly": true,
    "strAudioAttack": "AnimMeleeSound06",
    "fRange": 2.5,
    "fDmgBlunt": 13.0,
    "fDmgCut": 0.0,
    "fDmgEnv": 6.0,
    "fPenetration": 0.0
  },
  {
    "strName": "AModeWeaponSpear01Stab",
    "strNameFriendly": "удар копьём",
    "strType": "melee",
    "bPlayAudioEarly": true,
    "strAudioAttack": "AnimMeleeSound10",
    "fRange": 3,
    "fDmgBlunt": 6.0,
    "fDmgCut": 18.0,
    "fDmgEnv": 10.0,
    "fPenetration": 1.5
  },
  {
    "strName": "AModeWeaponSpear01Helpless",
    "strNameFriendly": "добивающий удар",
    "strType": "melee",
    "bPlayAudioEarly": true,
    "strAudioAttack": "AnimMeleeSound10",
    "fRange": 1.0,
    "fDmgBlunt": 24.0,
    "fDmgCut": 72.0,
    "fDmgEnv": 0.0,
    "fPenetration": 2.0
  }
]