[
  {
    "strName": "home",
    "strFriendlyName": "ГЛАВНАЯ",
    "strIcon": "pda_apps/IcoPDAHome",
    "bHidden": true
  },
  {
    "strName": "inventory",
    "strFriendlyName": "ПРЕДМЕТЫ",
    "strIcon": "pda_apps/IcoPDAInv",
    "bHidden": false
  },
  {
    "strName": "zones",
    "strFriendlyName": "ЗОНЫ",
    "strIcon": "pda_apps/IcoPDAZones",
    "bHidden": false
  },
  {
    "strName": "goals",
    "strFriendlyName": "ЦЕЛИ",
    "strIcon": "pda_apps/IcoPDAObjectives",
    "bHidden": false
  },
  {
    "strName": "roster",
    "strFriendlyName": "ЭКИПАЖ",
    "strIcon": "pda_apps/IcoPDADuties",
    "bHidden": false
  },
  {
    "strName": "socials",
    "strFriendlyName": "ОБЩЕНИЕ",
    "strIcon": "pda_apps/IcoPDASocial",
    "bHidden": false
  },
  {
    "strName": "gigs",
    "strFriendlyName": "ЗАКАЗЫ",
    "strIcon": "pda_apps/IcoPDAGigNexus",
    "bHidden": false
  },
  {
    "strName": "ferry",
    "strFriendlyName": "П.А.С.С",
    "strIcon": "pda_apps/IcoPDAPASS",
    "bHidden": false
  },
  {
    "strName": "files",
    "strFriendlyName": "ФАЙЛЫ",
    "strIcon": "pda_apps/IcoPDAStorage",
    "bHidden": false
  },
  {
    "strName": "navmap",
    "strFriendlyName": "НАВКАРТА",
    "strIcon": "pda_apps/IcoPDANAV",
    "bHidden": false
  },
  {
    "strName": "navlink",
    "strFriendlyName": "НАВСВЯЗЬ",
    "strIcon": "pda_apps/IcoPDANAVLink",
    "bHidden": false
  },
  {
    "strName": "viz",
    "strFriendlyName": "ВИЗОР",
    "strIcon": "pda_apps/IcoPDAViz",
    "bHidden": false
  },
  {
    "strName": "build",
    "strFriendlyName": "УСТАНОВКА",
    "strIcon": "pda_apps/IcoBuildMenu",
    "bHidden": false
  },
  {
    "strName": "orders",
    "strFriendlyName": "ПРИКАЗЫ",
    "strIcon": "pda_apps/IcoInteractionLarge",
    "bHidden": false
  },
  {
    "strName": "tasks",
    "strFriendlyName": "ЗАДАЧИ",
    "strIcon": "pda_apps/IcoPDARoster",
    "bHidden": false
  },
  {
    "strName": "notes",
    "strFriendlyName": "ЗАМЕТКИ",
    "strIcon": "pda_apps/IcoPDANotes",
    "bHidden": false
  },
  {
    "strName": "timer",
    "strFriendlyName": "ТАЙМЕР",
    "strIcon": "pda_apps/IcoPDATimer",
    "bHidden": false
  },
  {
    "strName": "exit",
    "strFriendlyName": "ЗАКРЫТЬ",
    "strIcon": "pda_apps/IcoCancel",
    "bHidden": true
  }
]