[
    {
        "strName": "ENCHeatAyoSecFinePublicDisorder",
        "strDesc": "Штраф АйоСек (нарушение общественного порядка)",
        "fAmount": 15000,
        "strCurrency": "StatUSD",
        "strFrequency": "OneTime",
        "bPaid": true,
        "bPayATC": true,
        "strPSpecOrCtPayee": null
    },
    {
        "strName": "ENCHeatAyoSecFinePublicDisorderDebt",
        "strDesc": "Штраф АйоСек (нарушение общественного порядка)",
        "fAmount": 15000,
        "strCurrency": "StatUSD",
        "strFrequency": "Mortgage",
        "bPaid": false,
        "bPayATC": true,
        "strPSpecOrCtPayee": null
    },
    {
        "strName": "ENCHeatVenusFinePublicDisorder",
        "strDesc": "Штраф Венеры (нарушение общественного порядка)",
        "fAmount": 15000,
        "strCurrency": "StatUSD",
        "strFrequency": "OneTime",
        "bPaid": true,
        "bPayATC": true,
        "strPSpecOrCtPayee": null
    },
    {
        "strName": "ENCHeatVenusFinePublicDisorderDebt",
        "strDesc": "Штраф Венеры (нарушение общественного порядка)",
        "fAmount": 15000,
        "strCurrency": "StatUSD",
        "strFrequency": "Mortgage",
        "bPaid": false,
        "bPayATC": true,
        "strPSpecOrCtPayee": null
    },
    {
        "strName": "ENCEmbassyServicesOKLGVisaInvestor",
        "strDesc": "Посольство OKLG: заявка на инвесторскую визу",
        "fAmount": 5000000,
        "strCurrency": "StatUSD",
        "strFrequency": "OneTime",
        "bPaid": true,
        "bPayATC": true,
        "strPSpecOrCtPayee": null
    },
    {
        "strName": "ENCEmbassyServicesOKLGVisaSkilledLabor",
        "strDesc": "Посольство OKLG: заявка на визу квалифицированного работника",
        "fAmount": 750000,
        "strCurrency": "StatUSD",
        "strFrequency": "OneTime",
        "bPaid": true,
        "bPayATC": true,
        "strPSpecOrCtPayee": null
    },
    {
        "strName": "ENCEmbassyServicesOKLGVisaSkilledLaborIllicit",
        "strDesc": "Посольство OKLG: заявка на визу \"квалифицированного работника\"",
        "fAmount": 1000000,
        "strCurrency": "StatUSD",
        "strFrequency": "OneTime",
        "bPaid": true,
        "bPayATC": true,
        "strPSpecOrCtPayee": null
    },
    {
        "strName": "ENCEmbassyServicesVENCVisaInvestor",
        "strDesc": "Посольство VENC: заявка на инвесторскую визу",
        "fAmount": 5000000,
        "strCurrency": "StatUSD",
        "strFrequency": "OneTime",
        "bPaid": true,
        "bPayATC": true,
        "strPSpecOrCtPayee": null
    },
    {
        "strName": "ENCEmbassyServicesVENCVisaSkilledLabor",
        "strDesc": "Посольство VENC: заявка на визу квалифицированного работника",
        "fAmount": 750000,
        "strCurrency": "StatUSD",
        "strFrequency": "OneTime",
        "bPaid": true,
        "bPayATC": true,
        "strPSpecOrCtPayee": null
    },
    {
        "strName": "ENCEmbassyServicesVENCVisaSkilledLaborIllicit",
        "strDesc": "Посольство VENC: заявка на визу \"квалифицированного работника\"",
        "fAmount": 1000000,
        "strCurrency": "StatUSD",
        "strFrequency": "OneTime",
        "bPaid": true,
        "bPayATC": true,
        "strPSpecOrCtPayee": null
    },
    {
        "strName": "ENCEmbassyServicesVENCVisaAuthoritySponsored",
        "strDesc": "Посольство VENC: заявка на визу со спонсорством властей",
        "fAmount": 1000000,
        "strCurrency": "StatUSD",
        "strFrequency": "OneTime",
        "bPaid": true,
        "bPayATC": true,
        "strPSpecOrCtPayee": null
    },
    {
        "strName": "ENCEmbassyServicesVENCVisaLocalSponsored",
        "strDesc": "Посольство VENC: заявка на визу с местным спонсором",
        "fAmount": 500000,
        "strCurrency": "StatUSD",
        "strFrequency": "OneTime",
        "bPaid": true,
        "bPayATC": true,
        "strPSpecOrCtPayee": null
    },
    {
        "strName": "ENCEmbassyServicesVNCAVisaInvestor",
        "strDesc": "Посольство VNCA: заявка на инвесторскую визу",
        "fAmount": 5000000,
        "strCurrency": "StatUSD",
        "strFrequency": "OneTime",
        "bPaid": true,
        "bPayATC": true,
        "strPSpecOrCtPayee": null
    },
    {
        "strName": "ENCEmbassyServicesVNCAVisaSkilledLabor",
        "strDesc": "Посольство VNCA: заявка на визу квалифицированного работника",
        "fAmount": 750000,
        "strCurrency": "StatUSD",
        "strFrequency": "OneTime",
        "bPaid": true,
        "bPayATC": true,
        "strPSpecOrCtPayee": null
    },
    {
        "strName": "ENCEmbassyServicesVNCAVisaSkilledLaborIllicit",
        "strDesc": "Посольство VNCA: заявка на визу \"квалифицированного работника\"",
        "fAmount": 1000000,
        "strCurrency": "StatUSD",
        "strFrequency": "OneTime",
        "bPaid": true,
        "bPayATC": false,
        "strPSpecOrCtPayee": "OKLGFixerFind"
    },
    {
        "strName": "ENCEmbassyServicesVNCAVisaAuthoritySponsored",
        "strDesc": "Посольство VNCA: заявка на визу со спонсорством властей",
        "fAmount": 1000000,
        "strCurrency": "StatUSD",
        "strFrequency": "OneTime",
        "bPaid": true,
        "bPayATC": true,
        "strPSpecOrCtPayee": null
    },
    {
        "strName": "ENCEmbassyServicesVNCAVisaLocalSponsored",
        "strDesc": "Посольство VNCA: заявка на визу с местным спонсором",
        "fAmount": 500000,
        "strCurrency": "StatUSD",
        "strFrequency": "OneTime",
        "bPaid": true,
        "bPayATC": true,
        "strPSpecOrCtPayee": null
    },
    {
        "strName": "ENCOKLGMedServiceNanoFirstAid",
        "strDesc": "Медицинская услуга: нанороботическая первая помощь",
        "fAmount": 2500,
        "strCurrency": "StatUSD",
        "strFrequency": "OneTime",
        "bPaid": true,
        "bPayATC": false,
        "strPSpecOrCtPayee": "TIsHealthKiosk"
    },
    {
        "strName": "ENCOKLGMedServiceAntiMeat",
        "strDesc": "Медицинская услуга: экспериментальное вирусное лечение",
        "fAmount": 500,
        "strCurrency": "StatUSD",
        "strFrequency": "OneTime",
        "bPaid": true,
        "bPayATC": false,
        "strPSpecOrCtPayee": "TIsHealthKiosk"
    },
    {
        "strName": "ENCOKLGMedServiceAnalyzeBlood",
        "strDesc": "Медицинская услуга: анализ крови в лаборатории",
        "fAmount": 750,
        "strCurrency": "StatUSD",
        "strFrequency": "OneTime",
        "bPaid": true,
        "bPayATC": false,
        "strPSpecOrCtPayee": null
    },
    {
        "strName": "ENCOKLGMedServiceAnalyzeDNA",
        "strDesc": "Медицинская услуга: анализ ДНК в лаборатории",
        "fAmount": 2000,
        "strCurrency": "StatUSD",
        "strFrequency": "OneTime",
        "bPaid": true,
        "bPayATC": false,
        "strPSpecOrCtPayee": null
    },
    {
        "strName": "ENCOKLGMedServiceRemoveChronic",
        "strDesc": "Медицинская услуга: Лечение шрамов или хронических заболеваний",
        "fAmount": 250000,
        "strCurrency": "StatUSD",
        "strFrequency": "OneTime",
        "bPaid": true,
        "bPayATC": false,
        "strPSpecOrCtPayee": "TIsHealthKiosk"
    },
    {
        "strName": "ENCPoliceShakedown",
        "strDesc": "Оплата за \"оказанные услуги\".",
        "fAmount": 103.5,
        "strCurrency": "StatUSD",
        "strFrequency": "OneTime",
        "bPaid": false,
        "bPayATC": true,
        "strPSpecOrCtPayee": null
    },
    {
        "strName": "ENCPoliceShakedownFineOgiso",
        "strDesc": "Полицейский штраф (постер Огисо)",
        "fAmount": 1500,
        "strCurrency": "StatUSD",
        "strFrequency": "OneTime",
        "bPaid": false,
        "bPayATC": true,
        "strPSpecOrCtPayee": null
    },
    {
        "strName": "ENCPoliceShakedownFineHull",
        "strDesc": "Полицейский штраф (повреждённый корпус)",
        "fAmount": 1000,
        "strCurrency": "StatUSD",
        "strFrequency": "OneTime",
        "bPaid": false,
        "bPayATC": true,
        "strPSpecOrCtPayee": null
    },
    {
        "strName": "ENCPoliceShakedownFineIllegalSalvage",
        "strDesc": "Полицейский штраф (незаконная утилизация)",
        "fAmount": 15000,
        "strCurrency": "StatUSD",
        "strFrequency": "OneTime",
        "bPaid": false,
        "bPayATC": true,
        "strPSpecOrCtPayee": null
    },
    {
        "strName": "ENCPoliceShakedownFineNoUndock",
        "strDesc": "Полицейский штраф (отказ впустить офицера на борт)",
        "fAmount": 5000,
        "strCurrency": "StatUSD",
        "strFrequency": "OneTime",
        "bPaid": false,
        "bPayATC": true,
        "strPSpecOrCtPayee": null
    },
    {
        "strName": "ENCPoliceShakedownFineIllegalBullshitBeacon",
        "strDesc": "Полицейский штраф",
        "fAmount": 28000,
        "strCurrency": "StatUSD",
        "strFrequency": "OneTime",
        "bPaid": false,
        "bPayATC": true,
        "strPSpecOrCtPayee": null
    },
    {
        "strName": "ENCRobbedMedium",
        "strDesc": "Анонимное снятие",
        "fAmount": 20000,
        "strCurrency": "StatUSD",
        "strFrequency": "OneTime",
        "bPaid": true,
        "bPayATC": false,
        "strPSpecOrCtPayee": null
    },
    {
        "strName": "CGSaveMoneyMid",
        "strDesc": "Средние годовые сбережения",
        "fAmount": -200,
        "strCurrency": "StatUSD",
        "strFrequency": "OneTime",
        "bPaid": true,
        "bPayATC": true,
        "strPSpecOrCtPayee": null
    },
    {
        "strName": "OKLGSalvagePermit",
        "strDesc": "Лицензия на утилизацию Айотимива",
        "fAmount": 5000,
        "strCurrency": "StatUSD",
        "strFrequency": "OneTime",
        "bPaid": true,
        "bPayATC": true,
        "strPSpecOrCtPayee": null
    },
    {
        "strName": "OKLGSalvagePermitb",
        "strDesc": "Лицензия на утилизацию Айотимива",
        "fAmount": 13500,
        "strCurrency": "StatUSD",
        "strFrequency": "OneTime",
        "bPaid": true,
        "bPayATC": true,
        "strPSpecOrCtPayee": null
    },
    {
        "strName": "OKLGSalvagePermitc",
        "strDesc": "Лицензия на утилизацию Айотимива",
        "fAmount": 30000,
        "strCurrency": "StatUSD",
        "strFrequency": "OneTime",
        "bPaid": true,
        "bPayATC": true,
        "strPSpecOrCtPayee": null
    },
    {
        "strName": "OKLGSalvagePermitd",
        "strDesc": "Лицензия на утилизацию Айотимива",
        "fAmount": 120000,
        "strCurrency": "StatUSD",
        "strFrequency": "OneTime",
        "bPaid": true,
        "bPayATC": true,
        "strPSpecOrCtPayee": null
    },
    {
        "strName": "OKLGSalvagePermite",
        "strDesc": "Лицензия на утилизацию Айотимива",
        "fAmount": 1000000,
        "strCurrency": "StatUSD",
        "strFrequency": "OneTime",
        "bPaid": true,
        "bPayATC": true,
        "strPSpecOrCtPayee": null
    },
    {
        "strName": "Donation250",
        "strDesc": "Пожертвование",
        "fAmount": 250,
        "strCurrency": "StatUSD",
        "strFrequency": "OneTime",
        "bPaid": true,
        "bPayATC": false,
        "strPSpecOrCtPayee": null
    },
    {
        "strName": "PLOTMessenger_PayLow",
        "strDesc": "Оплата за \"оказанные услуги\".",
        "fAmount": -300,
        "strCurrency": "StatUSD",
        "strFrequency": "OneTime",
        "bPaid": true,
        "bPayATC": false,
        "strPSpecOrCtPayee": null
    },
    {
        "strName": "PLOTMessenger_PayMed",
        "strDesc": "Оплата за \"оказанные услуги\".",
        "fAmount": -2000,
        "strCurrency": "StatUSD",
        "strFrequency": "OneTime",
        "bPaid": true,
        "bPayATC": false,
        "strPSpecOrCtPayee": null
    },
    {
        "strName": "PLOTMessenger_PayHigh",
        "strDesc": "Оплата за \"оказанные услуги\".",
        "fAmount": -10000,
        "strCurrency": "StatUSD",
        "strFrequency": "OneTime",
        "bPaid": true,
        "bPayATC": false,
        "strPSpecOrCtPayee": null
    },
    {
        "strName": "PLOTScavFetch_Pay20CarbonFiber",
        "strDesc": "Оплата за доставку коллекции углеволокна.",
        "fAmount": -800,
        "strCurrency": "StatUSD",
        "strFrequency": "OneTime",
        "bPaid": true,
        "bPayATC": false,
        "strPSpecOrCtPayee": null
    },
    {
        "strName": "PLOTScavFetch_PayKang",
        "strDesc": "Оплата за доставку регулятора воздухозаборника РСУ: коллекция Канг \"2202\".",
        "fAmount": -10000,
        "strCurrency": "StatUSD",
        "strFrequency": "OneTime",
        "bPaid": true,
        "bPayATC": false,
        "strPSpecOrCtPayee": null
    },
    {
        "strName": "PLOTScavFetch_PayMiura",
        "strDesc": "Оплата за доставку регулятора воздухозаборника РСУ: Миура «Гидра».",
        "fAmount": -40000,
        "strCurrency": "StatUSD",
        "strFrequency": "OneTime",
        "bPaid": true,
        "bPayATC": false,
        "strPSpecOrCtPayee": null
    },
    {
        "strName": "PLOTVLAFetch_PayCaylon",
        "strDesc": "Оплата за доставку коллекции лома Кэйлон.",
        "fAmount": -20000,
        "strCurrency": "StatUSD",
        "strFrequency": "OneTime",
        "bPaid": true,
        "bPayATC": false,
        "strPSpecOrCtPayee": null
    },
    {
        "strName": "PLOTVLAFetch_PayAeroSlantWall",
        "strDesc": "Оплата за доставку аэродинамической наклонной стены.",
        "fAmount": -10000,
        "strCurrency": "StatUSD",
        "strFrequency": "OneTime",
        "bPaid": true,
        "bPayATC": false,
        "strPSpecOrCtPayee": null
    },
    {
        "strName": "PLOTVLAFetch_PayStabilizer",
        "strDesc": "Оплата за доставку активного стабилизатора.",
        "fAmount": -100000,
        "strCurrency": "StatUSD",
        "strFrequency": "OneTime",
        "bPaid": true,
        "bPayATC": false,
        "strPSpecOrCtPayee": null
    },
    {
        "strName": "PLOTVLAFetch_PayRotor",
        "strDesc": "Оплата за доставку тяжёлого подъёмного ротора.",
        "fAmount": -75000,
        "strCurrency": "StatUSD",
        "strFrequency": "OneTime",
        "bPaid": true,
        "bPayATC": false,
        "strPSpecOrCtPayee": null
    },
    {
        "strName": "PLOTVLAFetch_PayRobotOS",
        "strDesc": "Оплата за доставку ОС для дрона.",
        "fAmount": -15000,
        "strCurrency": "StatUSD",
        "strFrequency": "OneTime",
        "bPaid": true,
        "bPayATC": false,
        "strPSpecOrCtPayee": null
    },
    {
        "strName": "Plot_Whodunnit_ReportToKinClose",
        "strDesc": "Благодарность за то, что помогли завершить наше горе.",
        "fAmount": -3000,
        "strCurrency": "StatUSD",
        "strFrequency": "OneTime",
        "bPaid": true,
        "bPayATC": false,
        "strPSpecOrCtPayee": null
    },
    {
        "strName": "Plot_Whodunnit_ReportToKinEnemy",
        "strDesc": "Принесение хороших новостей о враге.",
        "fAmount": -1500,
        "strCurrency": "StatUSD",
        "strFrequency": "OneTime",
        "bPaid": true,
        "bPayATC": false,
        "strPSpecOrCtPayee": null
    },
    {
        "strName": "Plot_Whodunnit_ReportMurderConfession",
        "strDesc": "Награда: признание в убийстве представлено АйоСек.",
        "fAmount": -15000,
        "strCurrency": "StatUSD",
        "strFrequency": "OneTime",
        "bPaid": true,
        "bPayATC": true,
        "strPSpecOrCtPayee": null
    },
    {
        "strName": "Plot_Whodunnit_ReportMurderedShipbreakerToLEO",
        "strDesc": "Награда: дело об убийстве корабельного разборщика представлено АйоСек.",
        "fAmount": -1000,
        "strCurrency": "StatUSD",
        "strFrequency": "OneTime",
        "bPaid": true,
        "bPayATC": true,
        "strPSpecOrCtPayee": null
    },
    {
        "strName": "Plot_Whodunnit_ReportMurderedLEOToLEO",
        "strDesc": "Награда: дело об убийстве офицера представлено АйоСек.",
        "fAmount": -5000,
        "strCurrency": "StatUSD",
        "strFrequency": "OneTime",
        "bPaid": true,
        "bPayATC": true,
        "strPSpecOrCtPayee": null
    },
    {
        "strName": "Plot_Whodunnit_ReportMurderedManagerToLEO",
        "strDesc": "Награда: дело об убийстве корпоративного менеджера представлено АйоСек.",
        "fAmount": -8599,
        "strCurrency": "StatUSD",
        "strFrequency": "OneTime",
        "bPaid": true,
        "bPayATC": true,
        "strPSpecOrCtPayee": null
    },
    {
        "strName": "Plot_Whodunnit_ReportMurderedCriminalToLEO",
        "strDesc": "Награда: дело об убийстве преступника представлено АйоСек.",
        "fAmount": -2000,
        "strCurrency": "StatUSD",
        "strFrequency": "OneTime",
        "bPaid": true,
        "bPayATC": true,
        "strPSpecOrCtPayee": null
    },
    {
        "strName": "Plot_Whodunnit_ReportMurderedPirateToLEO",
        "strDesc": "Награда: дело об убийстве пирата представлено АйоСек (включает непогашенную награду).",
        "fAmount": -4600,
        "strCurrency": "StatUSD",
        "strFrequency": "OneTime",
        "bPaid": true,
        "bPayATC": true,
        "strPSpecOrCtPayee": null
    },
    {
        "strName": "Plot_Whodunnit_ReportMurderedBartenderToLEO",
        "strDesc": "Награда: дело об убийстве бармена представлено АйоСек.",
        "fAmount": -2000,
        "strCurrency": "StatUSD",
        "strFrequency": "OneTime",
        "bPaid": true,
        "bPayATC": true,
        "strPSpecOrCtPayee": null
    },
    {
        "strName": "Plot_Whodunnit_ReportMurderedOtherToLEO",
        "strDesc": "Награда: дело об убийстве представлено АйоСек.",
        "fAmount": -1400,
        "strCurrency": "StatUSD",
        "strFrequency": "OneTime",
        "bPaid": true,
        "bPayATC": true,
        "strPSpecOrCtPayee": null
    },
    {
        "strName": "Plot_Whodunnit_ReportToFaction",
        "strDesc": "Гибель зарегистрирована.",
        "fAmount": -300,
        "strCurrency": "StatUSD",
        "strFrequency": "OneTime",
        "bPaid": true,
        "bPayATC": true,
        "strPSpecOrCtPayee": null
    },
    {
        "strName": "Plot_Whodunnit_ReportDeadShipbreakerToLEO",
        "strDesc": "Гибель мусорщика зарегистрирована АйоСек.",
        "fAmount": -600,
        "strCurrency": "StatUSD",
        "strFrequency": "OneTime",
        "bPaid": true,
        "bPayATC": true,
        "strPSpecOrCtPayee": null
    },
    {
        "strName": "Plot_Whodunnit_ReportDeadLEOToLEO",
        "strDesc": "Гибель офицера зарегистрирована АйоСек.",
        "fAmount": -2100,
        "strCurrency": "StatUSD",
        "strFrequency": "OneTime",
        "bPaid": true,
        "bPayATC": true,
        "strPSpecOrCtPayee": null
    },
    {
        "strName": "Plot_Whodunnit_ReportDeadManagerToLEO",
        "strDesc": "Гибель корпоративного сотрудника зарегистрирована АйоСек.",
        "fAmount": -2700,
        "strCurrency": "StatUSD",
        "strFrequency": "OneTime",
        "bPaid": true,
        "bPayATC": true,
        "strPSpecOrCtPayee": null
    },
    {
        "strName": "Plot_Whodunnit_ReportDeadCriminalToLEO",
        "strDesc": "Вознаграждение от АйоСек за информацию о гибели преступника.",
        "fAmount": -1000,
        "strCurrency": "StatUSD",
        "strFrequency": "OneTime",
        "bPaid": true,
        "bPayATC": true,
        "strPSpecOrCtPayee": null
    },
    {
        "strName": "Plot_Whodunnit_ReportDeadPirateToLEO",
        "strDesc": "Награда за пирата от АйоСек.",
        "fAmount": -2300,
        "strCurrency": "StatUSD",
        "strFrequency": "OneTime",
        "bPaid": true,
        "bPayATC": true,
        "strPSpecOrCtPayee": null
    },
    {
        "strName": "Plot_Whodunnit_ReportDeadBartenderToLEO",
        "strDesc": "Гибель бармена зарегистрирована АйоСек.",
        "fAmount": -1200,
        "strCurrency": "StatUSD",
        "strFrequency": "OneTime",
        "bPaid": true,
        "bPayATC": true,
        "strPSpecOrCtPayee": null
    },
    {
        "strName": "Plot_Whodunnit_ReportDeadShipbreakerToManager",
        "strDesc": "Гибель работника разборки сообщена корпорации Айотимива.",
        "fAmount": -199.99,
        "strCurrency": "StatUSD",
        "strFrequency": "OneTime",
        "bPaid": true,
        "bPayATC": true,
        "strPSpecOrCtPayee": null
    },
    {
        "strName": "Plot_Whodunnit_ReportDeadManagerToManager",
        "strDesc": "Гибель корпоративного сотрудника сообщена корпорации Айотимива.",
        "fAmount": -1999.99,
        "strCurrency": "StatUSD",
        "strFrequency": "OneTime",
        "bPaid": true,
        "bPayATC": true,
        "strPSpecOrCtPayee": null
    },
    {
        "strName": "Plot_Whodunnit_ReportDeadBartenderToManager",
        "strDesc": "Гибель артиста зарегистрирована корпорацией Айотимива.",
        "fAmount": -799.99,
        "strCurrency": "StatUSD",
        "strFrequency": "OneTime",
        "bPaid": true,
        "bPayATC": true,
        "strPSpecOrCtPayee": null
    },
    {
        "strName": "Plot_Whodunnit_ReportDeadBartenderToBartender",
        "strDesc": "Смерть бармена сообщена населению.",
        "fAmount": -500,
        "strCurrency": "StatUSD",
        "strFrequency": "OneTime",
        "bPaid": true,
        "bPayATC": true,
        "strPSpecOrCtPayee": null
    },
    {
        "strName": "Plot_Whodunnit_ReportToFactionUnofficial",
        "strDesc": "Смерть зарегистрирована.",
        "fAmount": -400,
        "strCurrency": "StatUSD",
        "strFrequency": "OneTime",
        "bPaid": true,
        "bPayATC": false,
        "strPSpecOrCtPayee": null
    },
    {
        "strName": "Plot_Whodunnit_ReportDeadLEOToCriminal",
        "strDesc": "За новости о медицинских расходах общего друга.",
        "fAmount": -750,
        "strCurrency": "StatUSD",
        "strFrequency": "OneTime",
        "bPaid": true,
        "bPayATC": false,
        "strPSpecOrCtPayee": null
    },
    {
        "strName": "Plot_Whodunnit_ReportDeadCriminalToCriminal",
        "strDesc": "За новости об уходе на покой соотечественника.",
        "fAmount": -900,
        "strCurrency": "StatUSD",
        "strFrequency": "OneTime",
        "bPaid": true,
        "bPayATC": false,
        "strPSpecOrCtPayee": null
    },
    {
        "strName": "RacingBronzeEntryFee",
        "strDesc": "Вступительный взнос Бронзовой лиги",
        "fAmount": 100,
        "strCurrency": "StatUSD",
        "strFrequency": "OneTime",
        "bPaid": true,
        "bPayATC": true,
        "strPSpecOrCtPayee": null
    },
    {
        "strName": "RacingSilverEntryFee",
        "strDesc": "Вступительный взнос Серебряной лиги",
        "fAmount": 1000,
        "strCurrency": "StatUSD",
        "strFrequency": "OneTime",
        "bPaid": true,
        "bPayATC": true,
        "strPSpecOrCtPayee": null
    },
    {
        "strName": "RacingGoldEntryFee",
        "strDesc": "Вступительный взнос Золотой лиги",
        "fAmount": 5000,
        "strCurrency": "StatUSD",
        "strFrequency": "OneTime",
        "bPaid": true,
        "bPayATC": true,
        "strPSpecOrCtPayee": null
    },
    {
        "strName": "RacingTutorialFirst",
        "strDesc": "Призовые деньги Лиги испытаний",
        "fAmount": 20000,
        "strCurrency": "StatUSD",
        "strFrequency": "OneTime",
        "bPaid": false,
        "bPayATC": false,
        "strPSpecOrCtPayee": null
    },
    {
        "strName": "RacingTutorialSecond",
        "strDesc": "Призовые деньги Лиги испытаний",
        "fAmount": 10000,
        "strCurrency": "StatUSD",
        "strFrequency": "OneTime",
        "bPaid": false,
        "bPayATC": false,
        "strPSpecOrCtPayee": null
    },
    {
        "strName": "RacingTutorialThird",
        "strDesc": "Призовые деньги Лиги испытаний",
        "fAmount": 5000,
        "strCurrency": "StatUSD",
        "strFrequency": "OneTime",
        "bPaid": false,
        "bPayATC": false,
        "strPSpecOrCtPayee": null
    },
    {
        "strName": "RacingBronzePrizeFirst",
        "strDesc": "Призовые деньги Бронзовой лиги",
        "fAmount": 100000,
        "strCurrency": "StatUSD",
        "strFrequency": "OneTime",
        "bPaid": false,
        "bPayATC": false,
        "strPSpecOrCtPayee": null
    },
    {
        "strName": "RacingBronzePrizeSecond",
        "strDesc": "Призовые деньги Бронзовой лиги",
        "fAmount": 50000,
        "strCurrency": "StatUSD",
        "strFrequency": "OneTime",
        "bPaid": false,
        "bPayATC": false,
        "strPSpecOrCtPayee": null
    },
    {
        "strName": "RacingBronzePrizeThird",
        "strDesc": "Призовые деньги Бронзовой лиги",
        "fAmount": 25000,
        "strCurrency": "StatUSD",
        "strFrequency": "OneTime",
        "bPaid": false,
        "bPayATC": false,
        "strPSpecOrCtPayee": null
    },
    {
        "strName": "RacingSilverPrizeFirst",
        "strDesc": "Призовые деньги Серебряной лиги",
        "fAmount": 500000,
        "strCurrency": "StatUSD",
        "strFrequency": "OneTime",
        "bPaid": false,
        "bPayATC": false,
        "strPSpecOrCtPayee": null
    },
    {
        "strName": "RacingSilverPrizeSecond",
        "strDesc": "Призовые деньги Серебряной лиги",
        "fAmount": 200000,
        "strCurrency": "StatUSD",
        "strFrequency": "OneTime",
        "bPaid": false,
        "bPayATC": false,
        "strPSpecOrCtPayee": null
    },
    {
        "strName": "RacingSilverPrizeThird",
        "strDesc": "Призовые деньги Серебряной лиги",
        "fAmount": 100000,
        "strCurrency": "StatUSD",
        "strFrequency": "OneTime",
        "bPaid": false,
        "bPayATC": false,
        "strPSpecOrCtPayee": null
    },
    {
        "strName": "RacingGoldPrizeFirst",
        "strDesc": "Призовые деньги Золотой лиги",
        "fAmount": 1000000,
        "strCurrency": "StatUSD",
        "strFrequency": "OneTime",
        "bPaid": false,
        "bPayATC": false,
        "strPSpecOrCtPayee": null
    },
    {
        "strName": "RacingGoldPrizeSecond",
        "strDesc": "Призовые деньги Золотой лиги",
        "fAmount": 500000,
        "strCurrency": "StatUSD",
        "strFrequency": "OneTime",
        "bPaid": false,
        "bPayATC": false,
        "strPSpecOrCtPayee": null
    },
    {
        "strName": "RacingGoldPrizeThird",
        "strDesc": "Призовые деньги Золотой лиги",
        "fAmount": 200000,
        "strCurrency": "StatUSD",
        "strFrequency": "OneTime",
        "bPaid": false,
        "bPayATC": false,
        "strPSpecOrCtPayee": null
    }
]