[
  {
    "strName": "Tick1HourExerciseStrengthTrainer",
    "strTitle": "Силовая тренировка",
    "strDesc": "Сосредоточиться на силовых тренировках в свободное время\n(утомляет и требует гигиены)",
    "strActionGroup": "Use",
    "strColor": "Dialogue",
    "aInverse": [],
    "fDuration": 0.0,
    "strThemType": "Self",
    "nLogging": 0,
    "bHumanOnly": false,
    "CTTestUs": "TIsValidTick1HourExerciseStrengthTrainer",
    "LootCondsUs": null,
    "LootCTsUs": "CTTick1HourExerciseStrengthTrainerUs",
    "aSocialNew": []
  },
  {
    "strName": "Tick1HourExerciseTreadmill",
    "strTitle": "Кардио-тренировка",
    "strDesc": "Сосредоточиться на кардио-тренировках в свободное время\n(утомляет и требует гигиены)",
    "strActionGroup": "Use",
    "strColor": "Dialogue",
    "aInverse": [],
    "fDuration": 0.0,
    "strThemType": "Self",
    "nLogging": 0,
    "bHumanOnly": false,
    "CTTestUs": "TIsValidTick1HourExerciseTreadmill",
    "LootCondsUs": null,
    "LootCTsUs": "CTTick1HourExerciseTreadmillUs",
    "aSocialNew": []
  },
  {
    "strName": "Tick1HourSleepComfortably",
    "strTitle": "Комфортная дремота (Не смена сна)",
    "strDesc": "Сосредоточиться на комфортном отдыхе в свободное время\n(менее эффективно вне смены сна)",
    "strActionGroup": "Use",
    "strColor": "Dialogue",
    "aInverse": [],
    "fDuration": 0.0,
    "strThemType": "Self",
    "nLogging": 0,
    "bHumanOnly": false,
    "CTTestUs": "TIsValidTick1HourSleepComfortablyOffSleepShift",
    "LootCondsUs": "CONDTick1HourSleepComfortably",
    "LootCTsUs": "CTTick1HourSleepComfortably",
    "aSocialNew": []
  },
  {
    "strName": "Tick1HourSleepComfortablyOnSleepShift",
    "strTitle": "Комфортный сон",
    "strDesc": "Сосредоточиться на комфортном сне в свободное время",
    "strActionGroup": "Use",
    "strColor": "Dialogue",
    "aInverse": [],
    "fDuration": 0.0,
    "strThemType": "Self",
    "nLogging": 0,
    "bHumanOnly": false,
    "CTTestUs": "TIsValidTick1HourSleepComfortablyOnSleepShift",
    "LootCondsUs": "CONDTick1HourSleepComfortably",
    "LootCTsUs": "CTTick1HourSleepComfortably",
    "aSocialNew": []
  },
  {
    "strName": "Tick1HourSleep",
    "strTitle": "Дремота (Не смена сна)",
    "strDesc": "Сосредоточиться на попытке уснуть в свободное время\n(менее эффективно вне смены сна)",
    "strActionGroup": "Use",
    "strColor": "Dialogue",
    "aInverse": [],
    "fDuration": 0.0,
    "strThemType": "Self",
    "nLogging": 0,
    "bHumanOnly": false,
    "CTTestUs": "TIsValidTick1HourSleepOffSleepShift",
    "LootCondsUs": "CONDTick1HourSleep",
    "aSocialNew": []
  },
  {
    "strName": "Tick1HourSleepOnSleepShift",
    "strTitle": "Сон",
    "strDesc": "Сосредоточиться на попытке уснуть в свободное время",
    "strActionGroup": "Use",
    "strColor": "Dialogue",
    "aInverse": [],
    "fDuration": 0.0,
    "strThemType": "Self",
    "nLogging": 0,
    "bHumanOnly": false,
    "CTTestUs": "TIsValidTick1HourSleepOnSleepShift",
    "LootCondsUs": "CONDTick1HourSleep",
    "aSocialNew": []
  },
  {
    "strName": "Tick1HourSleepMedical",
    "strTitle": "Медицинское восстановление (Не смена сна)",
    "strDesc": "Сосредоточиться на попытке исцеления в свободное время\n(менее эффективно вне смены сна)",
    "strActionGroup": "Use",
    "strColor": "Dialogue",
    "aInverse": [],
    "fDuration": 0.0,
    "strThemType": "Self",
    "nLogging": 0,
    "bHumanOnly": false,
    "CTTestUs": "TIsValidTick1HourSleepMedicalOffSleepShift",
    "LootCondsUs": "CONDTick1HourSleepMedical",
    "LootCTsUs": null,
    "aSocialNew": []
  },
  {
    "strName": "Tick1HourSleepMedicalOnSleepShift",
    "strTitle": "Медицинское восстановление",
    "strDesc": "Сосредоточиться на попытке исцеления в свободное время",
    "strActionGroup": "Use",
    "strColor": "Dialogue",
    "aInverse": [],
    "fDuration": 0.0,
    "strThemType": "Self",
    "nLogging": 0,
    "bHumanOnly": false,
    "CTTestUs": "TIsValidTick1HourSleepMedicalOnSleepShift",
    "LootCondsUs": "CONDTick1HourSleepMedical",
    "LootCTsUs": null,
    "aSocialNew": []
  },
  {
    "strName": "Tick1HourIncapacitated",
    "strTitle": "Недееспособен",
    "strDesc": "Не может выполнять действия",
    "strActionGroup": "Use",
    "strColor": "Dialogue",
    "aInverse": [],
    "fDuration": 0.0,
    "strThemType": "Self",
    "nLogging": 0,
    "bHumanOnly": false,
    "CTTestUs": "TIsValidTick1HourIncapacitated",
    "LootCondsUs": "CONDTick1HourIncapacitated",
    "LootCTsUs": null,
    "aSocialNew": []
  },
  {
    "strName": "Tick1HourDead",
    "strTitle": "Мёртв",
    "strDesc": "Мёртв",
    "strActionGroup": "Use",
    "strColor": "Dialogue",
    "aInverse": [],
    "fDuration": 0.0,
    "strThemType": "Self",
    "nLogging": 0,
    "bHumanOnly": false,
    "CTTestUs": "TIsValidTick1HourDead",
    "LootCondsUs": null,
    "LootCTsUs": null,
    "aSocialNew": []
  },
  {
    "strName": "Tick1HourShiftSleep",
    "strTitle": "Отдых",
    "strDesc": "Сосредоточиться на попытке отдохнуть во время смены сна",
    "strActionGroup": "Use",
    "strColor": "Dialogue",
    "aInverse": [],
    "fDuration": 0.0,
    "strThemType": "Self",
    "nLogging": 0,
    "bHumanOnly": false,
    "CTTestUs": "TIsShiftSleep",
    "LootCondsUs": "CONDTick1HourShiftSleep",
    "LootCTsUs": null,
    "aSocialNew": []
  },
  {
    "strName": "Tick1HourShiftFree",
    "strTitle": "Свободное время",
    "strDesc": "Сосредоточиться на отдыхе и наслаждении свободной сменой.",
    "strActionGroup": "Use",
    "strColor": "Dialogue",
    "aInverse": [],
    "fDuration": 0.0,
    "strThemType": "Self",
    "nLogging": 0,
    "bHumanOnly": false,
    "CTTestUs": "TIsShiftFree",
    "LootCondsUs": "CONDTick1HourFree",
    "LootCTsUs": null,
    "aSocialNew": []
  },
  {
    "strName": "Tick1HourShiftWork",
    "strTitle": "Работа",
    "strDesc": "Сосредоточиться на корабельных обязанностях и техобслуживании во время рабочей смены.",
    "strActionGroup": "Use",
    "strColor": "Dialogue",
    "aInverse": [],
    "fDuration": 0.0,
    "strThemType": "Self",
    "nLogging": 0,
    "bHumanOnly": false,
    "CTTestUs": "TIsShiftWork",
    "LootCondsUs": "CONDTick1HourWork",
    "LootCTsUs": null,
    "aSocialNew": []
  },
  {
    "strName": "Tick1HourStudyAdmin",
    "strTitle": "Обучение бизнес-администрированию",
    "strDesc": "Сосредоточиться на обучении бизнес-администрированию в свободное время",
    "strActionGroup": "Use",
    "strColor": "Dialogue",
    "aInverse": [],
    "fDuration": 0.0,
    "strThemType": "Self",
    "nLogging": 2,
    "bHumanOnly": false,
    "CTTestUs": "TIsValidTick1HourStudyAdmin",
    "LootCondsUs": null,
    "LootCTsUs": "CTTick1HourStudyAdminUs",
    "aSocialNew": []
  },
  {
    "strName": "Tick1HourStudyEngConstruction",
    "strTitle": "Обучение строительной инженерии",
    "strDesc": "Сосредоточиться на обучении строительной инженерии в свободное время",
    "strActionGroup": "Use",
    "strColor": "Dialogue",
    "aInverse": [],
    "fDuration": 0.0,
    "strThemType": "Self",
    "nLogging": 2,
    "bHumanOnly": false,
    "CTTestUs": "TIsValidTick1HourStudyEngConstruction",
    "LootCondsUs": null,
    "LootCTsUs": "CTTick1HourStudyEngConstructionUs",
    "aSocialNew": []
  },
  {
    "strName": "Tick1HourStudyEngCivil",
    "strTitle": "Обучение гражданской инженерии",
    "strDesc": "Сосредоточиться на обучении гражданской инженерии в свободное время",
    "strActionGroup": "Use",
    "strColor": "Dialogue",
    "aInverse": [],
    "fDuration": 0.0,
    "strThemType": "Self",
    "nLogging": 2,
    "bHumanOnly": false,
    "CTTestUs": "TIsValidTick1HourStudyEngCivil",
    "LootCondsUs": null,
    "LootCTsUs": "CTTick1HourStudyEngCivilUs",
    "aSocialNew": []
  },
  {
    "strName": "Tick1HourStudyEngCombat",
    "strTitle": "Обучение боевой инженерии",
    "strDesc": "Сосредоточиться на обучении боевой инженерии в свободное время",
    "strActionGroup": "Use",
    "strColor": "Dialogue",
    "aInverse": [],
    "fDuration": 0.0,
    "strThemType": "Self",
    "nLogging": 2,
    "bHumanOnly": false,
    "CTTestUs": "TIsValidTick1HourStudyEngCombat",
    "LootCondsUs": null,
    "LootCTsUs": "CTTick1HourStudyEngCombatUs",
    "aSocialNew": []
  },
  {
    "strName": "Tick1HourStudyEngElectronic",
    "strTitle": "Обучение электротехнике",
    "strDesc": "Сосредоточиться на обучении электротехнике в свободное время",
    "strActionGroup": "Use",
    "strColor": "Dialogue",
    "aInverse": [],
    "fDuration": 0.0,
    "strThemType": "Self",
    "nLogging": 2,
    "bHumanOnly": false,
    "CTTestUs": "TIsValidTick1HourStudyEngElectronic",
    "LootCondsUs": null,
    "LootCTsUs": "CTTick1HourStudyEngElectronicUs",
    "aSocialNew": []
  },
  {
    "strName": "Tick1HourStudyEngMechanical",
    "strTitle": "Обучение механике",
    "strDesc": "Сосредоточиться на обучении механике в свободное время",
    "strActionGroup": "Use",
    "strColor": "Dialogue",
    "aInverse": [],
    "fDuration": 0.0,
    "strThemType": "Self",
    "nLogging": 2,
    "bHumanOnly": false,
    "CTTestUs": "TIsValidTick1HourStudyEngMechanical",
    "LootCondsUs": null,
    "LootCTsUs": "CTTick1HourStudyEngMechanicalUs",
    "aSocialNew": []
  },
  {
    "strName": "Tick1HourStudyEngRobotics",
    "strTitle": "Обучение робототехнике",
    "strDesc": "Сосредоточиться на обучении робототехнике в свободное время",
    "strActionGroup": "Use",
    "strColor": "Dialogue",
    "aInverse": [],
    "fDuration": 0.0,
    "strThemType": "Self",
    "nLogging": 2,
    "bHumanOnly": false,
    "CTTestUs": "TIsValidTick1HourStudyEngRobotics",
    "LootCondsUs": null,
    "LootCTsUs": "CTTick1HourStudyEngRoboticsUs",
    "aSocialNew": []
  },
  {
    "strName": "Tick1HourStudyEngSoftware",
    "strTitle": "Обучение программированию",
    "strDesc": "Сосредоточиться на обучении программированию в свободное время",
    "strActionGroup": "Use",
    "strColor": "Dialogue",
    "aInverse": [],
    "fDuration": 0.0,
    "strThemType": "Self",
    "nLogging": 2,
    "bHumanOnly": false,
    "CTTestUs": "TIsValidTick1HourStudyEngSoftware",
    "LootCondsUs": null,
    "LootCTsUs": "CTTick1HourStudyEngSoftwareUs",
    "aSocialNew": []
  },
  {
    "strName": "Tick1HourStudyEngSpaceship",
    "strTitle": "Обучение космической инженерии",
    "strDesc": "Сосредоточиться на обучении космической инженерии в свободное время",
    "strActionGroup": "Use",
    "strColor": "Dialogue",
    "aInverse": [],
    "fDuration": 0.0,
    "strThemType": "Self",
    "nLogging": 2,
    "bHumanOnly": false,
    "CTTestUs": "TIsValidTick1HourStudyEngSpaceship",
    "LootCondsUs": null,
    "LootCTsUs": "CTTick1HourStudyEngSpaceshipUs",
    "aSocialNew": []
  },
  {
    "strName": "Tick1HourStudyHacking",
    "strTitle": "Обучение взлому",
    "strDesc": "Сосредоточиться на обучении взлому в свободное время",
    "strActionGroup": "Use",
    "strColor": "Dialogue",
    "aInverse": [],
    "fDuration": 0.0,
    "strThemType": "Self",
    "nLogging": 2,
    "bHumanOnly": false,
    "CTTestUs": "TIsValidTick1HourStudyHacking",
    "LootCondsUs": null,
    "LootCTsUs": "CTTick1HourStudyHackingUs",
    "aSocialNew": []
  },
  {
    "strName": "FFWDEventAmbitious",
    "strTitle": "Делиться мечтами (Амбициозный)",
    "strDesc": "[us] бредит о своих мечтах и грядущих успехах [them].",
    "strActionGroup": "Use",
    "strColor": "Dialogue",
    "aInverse": [],
    "fDuration": 0.0,
    "strThemType": "Other",
    "nLogging": 1,
    "bHumanOnly": false,
    "bSocial": true,
    "CTTestUs": "TIsAmbitiousAwake",
    "CTTestThem": "TIsValidSocialTarget",
    "LootCondsUs": "CONDFFWDEventAmbitiousUs",
    "LootCondsThem": "CONDFFWDEventAmbitiousThem",
    "ShipTestUs": "PlayerCurrentShip",
    "ShipTestThem": "PlayerCurrentShip"
  },
  {
    "strName": "FFWDEventArrogant",
    "strTitle": "Хвастается (Высокомерный)",
    "strDesc": "[us] хвастается о своих достижениях, присваивая заслуги [them-pos].",
    "strActionGroup": "Use",
    "strColor": "Dialogue",
    "aInverse": [],
    "fDuration": 0.0,
    "strThemType": "Other",
    "nLogging": 1,
    "bHumanOnly": false,
    "bSocial": true,
    "CTTestUs": "TIsArrogantAwake",
    "CTTestThem": "TIsValidSocialTarget",
    "LootCondsUs": "CONDFFWDEventArrogantUs",
    "LootCondsThem": "CONDFFWDEventArrogantThem",
    "ShipTestUs": "PlayerCurrentShip",
    "ShipTestThem": "PlayerCurrentShip"
  },
  {
    "strName": "FFWDEventBrave",
    "strTitle": "Вдохновляет (Храбрый)",
    "strDesc": "[us] вдохновил [them], смело встречая страхи и трудности.",
    "strActionGroup": "Use",
    "strColor": "Dialogue",
    "aInverse": [],
    "fDuration": 0.0,
    "strThemType": "Other",
    "nLogging": 1,
    "bHumanOnly": false,
    "bSocial": true,
    "CTTestUs": "TIsBraveAwake",
    "CTTestThem": "TIsValidSocialTarget",
    "LootCondsUs": "CONDFFWDEventBraveUs",
    "LootCondsThem": "CONDFFWDEventBraveThem",
    "ShipTestUs": "PlayerCurrentShip",
    "ShipTestThem": "PlayerCurrentShip",
    "LootCTsUs": null,
    "aSocialNew": []
  },
  {
    "strName": "FFWDEventCharismatic",
    "strTitle": "Вдохновляет (Харизматичный)",
    "strDesc": "[us] вдохновляет [them] обновлённым чувством цели.",
    "strActionGroup": "Use",
    "strColor": "Dialogue",
    "aInverse": [],
    "fDuration": 0.0,
    "strThemType": "Other",
    "nLogging": 1,
    "bHumanOnly": false,
    "bSocial": true,
    "CTTestUs": "TIsCharismaticAwake",
    "CTTestThem": "TIsValidSocialTarget",
    "LootCondsUs": "CONDFFWDEventCharismaticUs",
    "LootCondsThem": "CONDFFWDEventCharismaticThem",
    "ShipTestUs": "PlayerCurrentShip",
    "ShipTestThem": "PlayerCurrentShip"
  },
  {
    "strName": "FFWDEventComedian",
    "strTitle": "Развлекает (Комик)",
    "strDesc": "[us] развлёк [them] юмором.",
    "strActionGroup": "Use",
    "strColor": "Dialogue",
    "aInverse": [],
    "fDuration": 0.0,
    "strThemType": "Other",
    "nLogging": 1,
    "bHumanOnly": false,
    "bSocial": true,
    "CTTestUs": "TIsComedianAwake",
    "CTTestThem": "TIsValidSocialTarget",
    "LootCondsUs": "CONDFFWDEventComedianUs",
    "LootCondsThem": "CONDFFWDEventComedianThem",
    "ShipTestUs": "PlayerCurrentShip",
    "ShipTestThem": "PlayerCurrentShip"
  },
  {
    "strName": "FFWDEventCraven",
    "strTitle": "Делится страхами (Трусливый)",
    "strDesc": "[us] беспокоится [them] о своих страхах.",
    "strActionGroup": "Use",
    "strColor": "Dialogue",
    "aInverse": [],
    "fDuration": 0.0,
    "strThemType": "Other",
    "nLogging": 1,
    "bHumanOnly": false,
    "bSocial": true,
    "CTTestUs": "TIsCravenAwake",
    "CTTestThem": "TIsValidSocialTarget",
    "LootCondsUs": "CONDFFWDEventCravenUs",
    "LootCondsThem": "CONDFFWDEventCravenThem",
    "ShipTestUs": "PlayerCurrentShip",
    "ShipTestThem": "PlayerCurrentShip"
  },
  {
    "strName": "FFWDEventDiligent",
    "strTitle": "Получает комплимент (Усердный)",
    "strDesc": "[us] зарабатывает комплимент от [them] за своё усердие.",
    "strActionGroup": "Use",
    "strColor": "Dialogue",
    "aInverse": [],
    "fDuration": 0.0,
    "strThemType": "Other",
    "nLogging": 1,
    "bHumanOnly": false,
    "bSocial": true,
    "CTTestUs": "TIsDiligentAwake",
    "CTTestThem": "TIsValidSocialTarget",
    "LootCondsUs": "CONDFFWDEventDiligentUs",
    "LootCondsThem": "CONDFFWDEventDiligentThem",
    "ShipTestUs": "PlayerCurrentShip",
    "ShipTestThem": "PlayerCurrentShip"
  },
  {
    "strName": "FFWDEventFinicky",
    "strTitle": "Жалуется (Придирчивый)",
    "strDesc": "[us] возмущается [them] о куче мелких деталей.",
    "strActionGroup": "Use",
    "strColor": "Dialogue",
    "aInverse": [],
    "fDuration": 0.0,
    "strThemType": "Other",
    "nLogging": 1,
    "bHumanOnly": false,
    "bSocial": true,
    "CTTestUs": "TIsFinickyAwake",
    "CTTestThem": "TIsValidSocialTarget",
    "LootCondsUs": "CONDFFWDEventFinickyUs",
    "LootCondsThem": "CONDFFWDEventFinickyThem",
    "ShipTestUs": "PlayerCurrentShip",
    "ShipTestThem": "PlayerCurrentShip"
  },
  {
    "strName": "FFWDEventFollower",
    "strTitle": "Ищет помощь (Ведомый)",
    "strDesc": "[us] ищет совета у [them] по простым жизненным решениям.",
    "strActionGroup": "Use",
    "strColor": "Dialogue",
    "aInverse": [],
    "fDuration": 0.0,
    "strThemType": "Other",
    "nLogging": 1,
    "bHumanOnly": false,
    "bSocial": true,
    "CTTestUs": "TIsFollowerAwake",
    "CTTestThem": "TIsValidSocialTarget",
    "LootCondsUs": "CONDFFWDEventFollowerUs",
    "LootCondsThem": "CONDFFWDEventFollowerThem",
    "ShipTestUs": "PlayerCurrentShip",
    "ShipTestThem": "PlayerCurrentShip"
  },
  {
    "strName": "FFWDEventForgiving",
    "strTitle": "Прощает (Прощающий)",
    "strDesc": "[us] прощает [them] за прошлую обиду.",
    "strActionGroup": "Use",
    "strColor": "Dialogue",
    "aInverse": [],
    "fDuration": 0.0,
    "strThemType": "Other",
    "nLogging": 1,
    "bHumanOnly": false,
    "bSocial": true,
    "CTTestUs": "TIsForgivingAwake",
    "CTTestThem": "TIsValidSocialTarget",
    "LootCondsUs": "CONDFFWDEventForgivingUs",
    "LootCondsThem": "CONDFFWDEventForgivingThem",
    "ShipTestUs": "PlayerCurrentShip",
    "ShipTestThem": "PlayerCurrentShip"
  },
  {
    "strName": "FFWDEventGenius",
    "strTitle": "Излагает теории (Гений)",
    "strDesc": "[us] поясняет блестящие теории [them].",
    "strActionGroup": "Use",
    "strColor": "Dialogue",
    "aInverse": [],
    "fDuration": 0.0,
    "strThemType": "Other",
    "nLogging": 1,
    "bHumanOnly": false,
    "bSocial": true,
    "CTTestUs": "TIsGeniusAwake",
    "CTTestThem": "TIsValidSocialTarget",
    "LootCondsUs": "CONDFFWDEventGeniusUs",
    "LootCondsThem": "CONDFFWDEventGeniusThem",
    "ShipTestUs": "PlayerCurrentShip",
    "ShipTestThem": "PlayerCurrentShip"
  },
  {
    "strName": "FFWDEventGlutton",
    "strTitle": "Делится тягой к еде (Обжора)",
    "strDesc": "Не может перестать рассказывать [them] о тяге к вкусной недоступной еде.",
    "strActionGroup": "Use",
    "strColor": "Dialogue",
    "aInverse": [],
    "fDuration": 0.0,
    "strThemType": "Other",
    "nLogging": 1,
    "bHumanOnly": false,
    "bSocial": true,
    "CTTestUs": "TIsGluttonAwake",
    "CTTestThem": "TIsValidSocialTarget",
    "LootCondsUs": "CONDFFWDEventGluttonUs",
    "LootCondsThem": "CONDFFWDEventGluttonThem",
    "ShipTestUs": "PlayerCurrentShip",
    "ShipTestThem": "PlayerCurrentShip"
  },
  {
    "strName": "FFWDEventGregarious",
    "strTitle": "Наслаждается компанией (Общительный)",
    "strDesc": "[us] тепло наслаждается компанию [them].",
    "strActionGroup": "Use",
    "strColor": "Dialogue",
    "aInverse": [],
    "fDuration": 0.0,
    "strThemType": "Other",
    "nLogging": 1,
    "bHumanOnly": false,
    "bSocial": true,
    "CTTestUs": "TIsGregariousAwake",
    "CTTestThem": "TIsValidSocialTarget",
    "LootCondsUs": "CONDFFWDEventGregariousUs",
    "LootCondsThem": "CONDFFWDEventGregariousThem",
    "ShipTestUs": "PlayerCurrentShip",
    "ShipTestThem": "PlayerCurrentShip"
  },
  {
    "strName": "FFWDEventHonest",
    "strTitle": "Говорит горькую правду (Честный)",
    "strDesc": "[us] рассказывает [them] горькую, неприятную правду.",
    "strActionGroup": "Use",
    "strColor": "Dialogue",
    "aInverse": [],
    "fDuration": 0.0,
    "strThemType": "Other",
    "nLogging": 1,
    "bHumanOnly": false,
    "bSocial": true,
    "CTTestUs": "TIsHonestAwake",
    "CTTestThem": "TIsValidSocialTarget",
    "LootCondsUs": "CONDFFWDEventHonestUs",
    "LootCondsThem": "CONDFFWDEventHonestThem",
    "ShipTestUs": "PlayerCurrentShip",
    "ShipTestThem": "PlayerCurrentShip"
  },
  {
    "strName": "FFWDEventHumble",
    "strTitle": "Делится заслугами (Скромный)",
    "strDesc": "[us] позволяет [them] насладиться заслугами за совместную работу.",
    "strActionGroup": "Use",
    "strColor": "Dialogue",
    "aInverse": [],
    "fDuration": 0.0,
    "strThemType": "Other",
    "nLogging": 1,
    "bHumanOnly": false,
    "bSocial": true,
    "CTTestUs": "TIsHumbleAwake",
    "CTTestThem": "TIsValidSocialTarget",
    "LootCondsUs": "CONDFFWDEventHumbleUs",
    "LootCondsThem": "CONDFFWDEventHumbleThem",
    "ShipTestUs": "PlayerCurrentShip",
    "ShipTestThem": "PlayerCurrentShip"
  },
  {
    "strName": "FFWDEventHumorless",
    "strTitle": "Убивает веселье (Безюморный)",
    "strDesc": "[us] подавляет лёгкость и игривость, которую [them] пытается привнести в ситуацию.",
    "strActionGroup": "Use",
    "strColor": "Dialogue",
    "aInverse": [],
    "fDuration": 0.0,
    "strThemType": "Other",
    "nLogging": 1,
    "bHumanOnly": false,
    "bSocial": true,
    "CTTestUs": "TIsHumorlessAwake",
    "CTTestThem": "TIsValidSocialTarget",
    "LootCondsUs": "CONDFFWDEventHumorlessUs",
    "LootCondsThem": "CONDFFWDEventHumorlessThem",
    "ShipTestUs": "PlayerCurrentShip",
    "ShipTestThem": "PlayerCurrentShip"
  },
  {
    "strName": "FFWDEventImpatient",
    "strTitle": "Беспокойный (Нетерпеливый)",
    "strDesc": "[us] жалуется [them] о потраченном времени и необходимости ждать.",
    "strActionGroup": "Use",
    "strColor": "Dialogue",
    "aInverse": [],
    "fDuration": 0.0,
    "strThemType": "Other",
    "nLogging": 1,
    "bHumanOnly": false,
    "bSocial": true,
    "CTTestUs": "TIsImpatientAwake",
    "CTTestThem": "TIsValidSocialTarget",
    "LootCondsUs": "CONDFFWDEventImpatientUs",
    "LootCondsThem": "CONDFFWDEventImpatientThem",
    "ShipTestUs": "PlayerCurrentShip",
    "ShipTestThem": "PlayerCurrentShip"
  },
  {
    "strName": "FFWDEventKind",
    "strTitle": "Подбадривает (Добрый)",
    "strDesc": "[us] тепло подтверждает положительные стороны [them].",
    "strActionGroup": "Use",
    "strColor": "Dialogue",
    "aInverse": [],
    "fDuration": 0.0,
    "strThemType": "Other",
    "nLogging": 1,
    "bHumanOnly": false,
    "bSocial": true,
    "CTTestUs": "TIsKindAwake",
    "CTTestThem": "TIsValidSocialTarget",
    "LootCondsUs": "CONDFFWDEventKindUs",
    "LootCondsThem": "CONDFFWDEventKindThem",
    "ShipTestUs": "PlayerCurrentShip",
    "ShipTestThem": "PlayerCurrentShip"
  },
  {
    "strName": "FFWDEventLeader",
    "strTitle": "Координирует (Лидер)",
    "strDesc": "[us] мотивирует эффективную совместную работу с [them].",
    "strActionGroup": "Use",
    "strColor": "Dialogue",
    "aInverse": [],
    "fDuration": 0.0,
    "strThemType": "Other",
    "nLogging": 1,
    "bHumanOnly": false,
    "bSocial": true,
    "CTTestUs": "TIsLeaderAwake",
    "CTTestThem": "TIsPlayerCrew",
    "LootCondsUs": "CONDFFWDEventLeaderUs",
    "LootCondsThem": "CONDFFWDEventLeaderThem",
    "ShipTestUs": "PlayerCurrentShip",
    "ShipTestThem": "PlayerCurrentShip"
  },
  {
    "strName": "FFWDEventLeader02",
    "strTitle": "Сплачивает (Лидер)",
    "strDesc": "[us] возвышает [them] и [3rd] воодушевляющей речью.",
    "strActionGroup": "Use",
    "strColor": "Dialogue",
    "aInverse": [],
    "fDuration": 0.0,
    "strThemType": "Other",
    "nLogging": 1,
    "bHumanOnly": false,
    "bSocial": true,
    "CTTestUs": "TIsLeaderAwake",
    "CTTestThem": "TIsPlayerCrew",
    "CTTest3rd": "TIsPlayerCrew",
    "LootCondsUs": "CONDFFWDEventLeaderUs",
    "LootCondsThem": "CONDFFWDEventLeaderThem",
    "LootConds3rd": "CONDFFWDEventLeaderThem",
    "ShipTestUs": "PlayerCurrentShip",
    "ShipTestThem": "PlayerCurrentShip",
    "ShipTest3rd": "PlayerCurrentShip"
  },
  {
    "strName": "FFWDEventLiar",
    "strTitle": "Обманывает (Лжец)",
    "strDesc": "[us] добивается своих целей через манипулирование [them] обманом.",
    "strActionGroup": "Use",
    "strColor": "Dialogue",
    "aInverse": [],
    "fDuration": 0.0,
    "strThemType": "Other",
    "nLogging": 1,
    "bHumanOnly": false,
    "bSocial": true,
    "CTTestUs": "TIsLiarAwake",
    "CTTestThem": "TIsValidSocialTarget",
    "LootCondsUs": "CONDFFWDEventLiarUs",
    "LootCondsThem": "CONDFFWDEventLiarThem",
    "ShipTestUs": "PlayerCurrentShip",
    "ShipTestThem": "PlayerCurrentShip"
  },
  {
    "strName": "FFWDEventLoyal",
    "strTitle": "Рядом (Верный)",
    "strDesc": "Есть спину [them-pos] в трудные времена.",
    "strActionGroup": "Use",
    "strColor": "Dialogue",
    "aInverse": [],
    "fDuration": 0.0,
    "strThemType": "Other",
    "nLogging": 1,
    "bSocial": true,
    "bHumanOnly": false,
    "CTTestUs": "TIsLoyalAwake",
    "CTTestThem": "TIsValidSocialTarget",
    "LootCondsUs": "CONDFFWDEventLoyalUs",
    "LootCondsThem": "CONDFFWDEventLoyalThem",
    "ShipTestUs": "PlayerCurrentShip",
    "ShipTestThem": "PlayerCurrentShip"
  },
  {
    "strName": "FFWDEventLustful",
    "strTitle": "Пошлые шутки (Похотливый)",
    "strDesc": "[us] подшучивает пошло с [them].",
    "strActionGroup": "Use",
    "strColor": "Dialogue",
    "aInverse": [],
    "fDuration": 0.0,
    "strThemType": "Other",
    "nLogging": 1,
    "bHumanOnly": false,
    "bSocial": true,
    "CTTestUs": "TIsLustfulAwake",
    "CTTestThem": "TIsValidSocialTarget",
    "LootCondsUs": "CONDFFWDEventLustfulUs",
    "LootCondsThem": "CONDFFWDEventLustfulThem",
    "ShipTestUs": "PlayerCurrentShip",
    "ShipTestThem": "PlayerCurrentShip"
  },
  {
    "strName": "FFWDEventMoodHygienePoor",
    "strTitle": "Критикует гигиену",
    "strDesc": "[us] раскритиковал [them] за отталкивающие привычки гигиены.",
    "strActionGroup": "Use",
    "strColor": "Dialogue",
    "aInverse": [],
    "fDuration": 0.0,
    "strThemType": "Other",
    "nLogging": 1,
    "bHumanOnly": false,
    "bSocial": true,
    "CTTestUs": "TCanCriticizePoorHygieneAwake",
    "CTTestThem": "THasPoorHygiene",
    "LootCondsUs": "CONDFFWDEventMoodHygienePoorUs",
    "LootCondsThem": "CONDFFWDEventMoodHygienePoorThem",
    "ShipTestUs": "PlayerCurrentShip",
    "ShipTestThem": "PlayerCurrentShip"
  },
  {
    "strName": "FFWDEventMoodAchievement",
    "strTitle": "Жалуется на бесполезность",
    "strDesc": "[us] жалуется [them] о чувстве бесполезности.",
    "strActionGroup": "Use",
    "strColor": "Dialogue",
    "aInverse": [],
    "fDuration": 0.0,
    "strThemType": "Other",
    "nLogging": 1,
    "bHumanOnly": false,
    "bSocial": true,
    "CTTestUs": "THasAchievement05Awake",
    "CTTestThem": "TIsValidSocialTarget",
    "LootCondsUs": "CONDFFWDEventMoodAchievement",
    "LootCondsThem": "CONDFFWDEventMoodAchievement",
    "ShipTestUs": "PlayerCurrentShip",
    "ShipTestThem": "PlayerCurrentShip",
    "LootCTsUs": null
  },
  {
    "strName": "FFWDEventMoodAltruismThem",
    "strTitle": "Жалуется на эгоизм",
    "strDesc": "[us] пожаловался на то, что [them] слишком эгоистичен.",
    "strActionGroup": "Use",
    "strColor": "Dialogue",
    "aInverse": [],
    "fDuration": 0.0,
    "strThemType": "Other",
    "nLogging": 1,
    "bHumanOnly": false,
    "bSocial": true,
    "CTTestUs": "TIsValidSocialTarget",
    "CTTestThem": "THasAltruism05",
    "LootCondsUs": "CONDFFWDEventMoodAltruism",
    "LootCondsThem": "CONDFFWDEventMoodAltruism",
    "ShipTestUs": "PlayerCurrentShip",
    "ShipTestThem": "PlayerCurrentShip",
    "LootCTsUs": null
  },
  {
    "strName": "FFWDEventMoodAltruism",
    "strTitle": "Жалуется на то, что заслуживает",
    "strDesc": "[us] жалуется [them] о том, что [us-subj] никогда не получает заслуженного.",
    "strActionGroup": "Use",
    "strColor": "Dialogue",
    "aInverse": [],
    "fDuration": 0.0,
    "strThemType": "Other",
    "nLogging": 1,
    "bHumanOnly": false,
    "bSocial": true,
    "CTTestUs": "THasAltruism05Awake",
    "CTTestThem": "TIsValidSocialTarget",
    "LootCondsUs": "CONDFFWDEventMoodAltruism",
    "LootCondsThem": "CONDFFWDEventMoodAltruism",
    "ShipTestUs": "PlayerCurrentShip",
    "ShipTestThem": "PlayerCurrentShip",
    "LootCTsUs": null
  },
  {
    "strName": "FFWDEventMoodAutonomy",
    "strTitle": "Жалуется на микроменеджмент",
    "strDesc": "[us] жалуется [them] о чувстве микроменеджмента и желании передышки.",
    "strActionGroup": "Use",
    "strColor": "Dialogue",
    "aInverse": [],
    "fDuration": 0.0,
    "strThemType": "Other",
    "nLogging": 1,
    "bHumanOnly": false,
    "bSocial": true,
    "CTTestUs": "THasAutonomy05Awake",
    "CTTestThem": "TIsValidSocialTarget",
    "LootCondsUs": "CONDFFWDEventMoodAutonomy",
    "LootCondsThem": "CONDFFWDEventMoodAutonomy",
    "ShipTestUs": "PlayerCurrentShip",
    "ShipTestThem": "PlayerCurrentShip",
    "LootCTsUs": null
  },
  {
    "strName": "FFWDEventMoodContact",
    "strTitle": "Жалуется на одиночество",
    "strDesc": "[us] жалуется [them] о чувстве, что никто не слушает [us-obj].",
    "strActionGroup": "Use",
    "strColor": "Dialogue",
    "aInverse": [],
    "fDuration": 0.0,
    "strThemType": "Other",
    "nLogging": 1,
    "bHumanOnly": false,
    "bSocial": true,
    "CTTestUs": "THasContact05Awake",
    "CTTestThem": "TIsValidSocialTarget",
    "LootCondsUs": "CONDFFWDEventMoodContact",
    "LootCondsThem": "CONDFFWDEventMoodContact",
    "ShipTestUs": "PlayerCurrentShip",
    "ShipTestThem": "PlayerCurrentShip",
    "LootCTsUs": null
  },
  {
    "strName": "FFWDEventMoodEsteem",
    "strTitle": "Жалуется на уважение",
    "strDesc": "[us] жалуется [them] о чувстве, что никто не уважает [us-obj].",
    "strActionGroup": "Use",
    "strColor": "Dialogue",
    "aInverse": [],
    "fDuration": 0.0,
    "strThemType": "Other",
    "nLogging": 1,
    "bHumanOnly": false,
    "bSocial": true,
    "CTTestUs": "THasEsteem05Awake",
    "CTTestThem": "TIsValidSocialTarget",
    "LootCondsUs": "CONDFFWDEventMoodEsteem",
    "LootCondsThem": "CONDFFWDEventMoodEsteem",
    "ShipTestUs": "PlayerCurrentShip",
    "ShipTestThem": "PlayerCurrentShip",
    "LootCTsUs": null
  },
  {
    "strName": "FFWDEventMoodMeaning",
    "strTitle": "Жалуется на бессмысленность",
    "strDesc": "[us] пожаловался [them] на отсутствие смысла и красоты в жизни.",
    "strActionGroup": "Use",
    "strColor": "Dialogue",
    "aInverse": [],
    "fDuration": 0.0,
    "strThemType": "Other",
    "nLogging": 1,
    "bHumanOnly": false,
    "bSocial": true,
    "CTTestUs": "THasMeaning05Awake",
    "CTTestThem": "TIsValidSocialTarget",
    "LootCondsUs": "CONDFFWDEventMoodMeaningUs",
    "LootCondsThem": "CONDFFWDEventMoodMeaningThem",
    "ShipTestUs": "PlayerCurrentShip",
    "ShipTestThem": "PlayerCurrentShip",
    "LootCTsUs": null
  },
  {
    "strName": "FFWDEventMoodSelfRespect",
    "strTitle": "Жалуется на самоуважение",
    "strDesc": "[us] выражает неуверенность и ненависть к себе [them].",
    "strActionGroup": "Use",
    "strColor": "Dialogue",
    "aInverse": [],
    "fDuration": 0.0,
    "strThemType": "Other",
    "nLogging": 1,
    "bHumanOnly": false,
    "bSocial": true,
    "CTTestUs": "TIsDcSelfRespect05Awake",
    "CTTestThem": "TIsValidSocialTarget",
    "LootCondsUs": "CONDFFWDEventMoodSelfRespect",
    "LootCondsThem": "CONDFFWDEventMoodSelfRespect",
    "ShipTestUs": "PlayerCurrentShip",
    "ShipTestThem": "PlayerCurrentShip",
    "LootCTsUs": null
  },
  {
    "strName": "FFWDEventMoodSecurity",
    "strTitle": "Жалуется на тревогу",
    "strDesc": "[us] разгружает [them] о своих тревогах и чувстве ужаса.",
    "strActionGroup": "Use",
    "strColor": "Dialogue",
    "aInverse": [],
    "fDuration": 0.0,
    "strThemType": "Other",
    "nLogging": 1,
    "bHumanOnly": false,
    "bSocial": true,
    "CTTestUs": "TIsDcSecurity05NotSleeping",
    "CTTestThem": "TIsValidSocialTarget",
    "LootCondsUs": "CONDFFWDEventMoodSecurity",
    "LootCondsThem": "CONDFFWDEventMoodSecurity",
    "ShipTestUs": "PlayerCurrentShip",
    "ShipTestThem": "PlayerCurrentShip",
    "LootCTsUs": null
  },
  {
    "strName": "FFWDEventMoodPrivacy",
    "strTitle": "Жалуется на приватность",
    "strDesc": "[us] хнычет [them] о потребности в пространстве и отсутствии приватности.",
    "strActionGroup": "Use",
    "strColor": "Dialogue",
    "aInverse": [],
    "fDuration": 0.0,
    "strThemType": "Other",
    "nLogging": 1,
    "bHumanOnly": false,
    "bSocial": true,
    "CTTestUs": "TDiscomfortsPrivacyAwake",
    "CTTestThem": "TIsValidSocialTarget",
    "LootCondsUs": "CONDFFWDEventMoodPrivacy",
    "LootCondsThem": "CONDFFWDEventMoodPrivacy",
    "ShipTestUs": "PlayerCurrentShip",
    "ShipTestThem": "PlayerCurrentShip",
    "LootCTsUs": null
  },
  {
    "strName": "FFWDEventMoodWeird",
    "strTitle": "Суеверно бормочет",
    "strDesc": "[them] находит [us] хаотично бормочущим, жестикулирующим и рисующим суеверные символы и тексты на любых поверхностях.",
    "strActionGroup": "Use",
    "strColor": "Dialogue",
    "aInverse": [],
    "fDuration": 0.0,
    "strThemType": "Other",
    "nLogging": 1,
    "bHumanOnly": false,
    "bSocial": true,
    "CTTestUs": "THasWeird0304Awake",
    "CTTestThem": "TIsValidSocialTarget",
    "LootCondsUs": "CONDFFWDEventMoodWeird",
    "LootCondsThem": "CONDFFWDEventMoodWeird",
    "ShipTestUs": "PlayerCurrentShip",
    "ShipTestThem": "PlayerCurrentShip",
    "LootCTsUs": null
  },
  {
    "strName": "FFWDEventMoodMerga",
    "strTitle": "Смотрит в Пустоту",
    "strDesc": "[us] доверяется [them] о чувстве, что нечто зловещее и могущественное охотится за [us-obj] там, снаружи.",
    "strActionGroup": "Use",
    "strColor": "Dialogue",
    "aInverse": [],
    "fDuration": 0.0,
    "strThemType": "Other",
    "nLogging": 1,
    "bHumanOnly": false,
    "bSocial": true,
    "CTTestUs": "THasMerga040506Awake",
    "CTTestThem": "TIsValidSocialTarget",
    "LootCondsUs": "CONDFFWDEventMoodWeird",
    "LootCondsThem": "CONDFFWDEventMoodWeird",
    "ShipTestUs": "PlayerCurrentShip",
    "ShipTestThem": "PlayerCurrentShip",
    "LootCTsUs": null
  },
  {
    "strName": "FFWDEventSkillSong",
    "strTitle": "Развлекает (Песня)",
    "strDesc": "[us] развлёк [them], напевая заразительные космические шанти и популярные гимны.",
    "strActionGroup": "Use",
    "strColor": "Dialogue",
    "aInverse": [],
    "fDuration": 0.0,
    "strThemType": "Other",
    "nLogging": 1,
    "bHumanOnly": false,
    "bSocial": true,
    "CTTestUs": "TIsSkilledSongAwake",
    "CTTestThem": "TIsValidSocialTarget",
    "LootCondsUs": "CONDFFWDEventSkillSongUs",
    "LootCondsThem": "CONDFFWDEventSkillSongThem",
    "ShipTestUs": "PlayerCurrentShip",
    "ShipTestThem": "PlayerCurrentShip",
    "LootCTsUs": null,
    "aSocialNew": []
  },
  {
    "strName": "FFWDEventSoloRememberFamily",
    "strTitle": "Вспомнить семью",
    "strDesc": "[us] вспомнил семью, думая о прошлых разговорах и моментах с [them].",
    "strActionGroup": "Use",
    "strColor": "Dialogue",
    "aInverse": [],
    "fDuration": 0.0,
    "strThemType": "Other",
    "nLogging": 1,
    "bHumanOnly": false,
    "CTTestUs": null,
    "PSpecTestThem": "RELFamilyFind",
    "LootCondsUs": "CONDFFWDEventSoloMusingFamilyUs",
    "LootCondsThem": null,
    "ShipTestUs": "PlayerCurrentShip",
    "LootCTsUs": null
  },
  {
    "strName": "FFWDEventConverseFamily",
    "strTitle": "Общение с семьёй",
    "strDesc": "Есть тяжёлый, но важный разговор с [them]. Кровь гуще воды, иногда.",
    "strActionGroup": "Use",
    "strColor": "Dialogue",
    "aInverse": [],
    "fDuration": 0.0,
    "strThemType": "Other",
    "nLogging": 1,
    "bHumanOnly": false,
    "bSocial": true,
    "CTTestUs": "TIsValidSocialTarget",
    "PSpecTestThem": "RELFamilyFindAwake",
    "ShipTestUs": "PlayerCurrentShip",
    "ShipTestThem": "PlayerCurrentShip",
    "LootCondsUs": "CONDFFWDEventSoloMusingFamilyUs",
    "LootCondsThem": "CONDFFWDEventSoloMusingFamilyUs",
    "LootCTsUs": null
  },
  {
    "strName": "FFWDEventSoloRememberFriend",
    "strTitle": "Вспомнить друга",
    "strDesc": "[us] с теплотой вспомнил прошлые разговоры и моменты со своим другом [them].",
    "strActionGroup": "Use",
    "strColor": "Dialogue",
    "aInverse": [],
    "fDuration": 0.0,
    "strThemType": "Other",
    "nLogging": 1,
    "bHumanOnly": false,
    "CTTestUs": null,
    "PSpecTestThem": "RELFriendFind",
    "LootCondsUs": "CONDFFWDEventSoloMusingFamilyUs",
    "LootCondsThem": null,
    "ShipTestUs": "PlayerCurrentShip",
    "LootCTsUs": null
  },
  {
    "strName": "FFWDEventConverseFriend",
    "strTitle": "Общение с другом",
    "strDesc": "Есть тяжёлый, но важный разговор с [them]. Дружба требует усилий!",
    "strActionGroup": "Use",
    "strColor": "Dialogue",
    "aInverse": [],
    "fDuration": 0.0,
    "strThemType": "Other",
    "nLogging": 1,
    "bHumanOnly": false,
    "bSocial": true,
    "CTTestUs": "TIsValidSocialTarget",
    "PSpecTestThem": "RELFriendFindAwake",
    "ShipTestUs": "PlayerCurrentShip",
    "ShipTestThem": "PlayerCurrentShip",
    "LootCondsUs": "CONDFFWDEventSoloMusingFamilyUs",
    "LootCondsThem": "CONDFFWDEventSoloMusingFamilyUs",
    "LootCTsUs": null
  },
  {
    "strName": "FFWDEventSoloRememberLover",
    "strTitle": "Вспомнить возлюбленного",
    "strDesc": "[us] фантазировал о близости с [them].",
    "strActionGroup": "Use",
    "strColor": "Dialogue",
    "aInverse": [],
    "fDuration": 0.0,
    "strThemType": "Other",
    "nLogging": 1,
    "bHumanOnly": false,
    "CTTestUs": "TIsNotChaste",
    "PSpecTestThem": "RELLoverOrPartnerFind",
    "LootCondsUs": "CONDFFWDEventSoloMusingIntimateUs",
    "LootCondsThem": null,
    "ShipTestUs": "PlayerCurrentShip",
    "LootCTsUs": null
  },
  {
    "strName": "FFWDEventConverseLover",
    "strTitle": "Сблизиться с возлюбленным",
    "strDesc": "[us] находит момент для близости с [them].",
    "strActionGroup": "Use",
    "strColor": "Dialogue",
    "aInverse": [],
    "fDuration": 0.0,
    "strThemType": "Other",
    "nLogging": 1,
    "bHumanOnly": false,
    "bSocial": true,
    "CTTestUs": "TIsNotChasteAwake",
    "CTTestThem": "TIsNotChasteAwake",
    "PSpecTestThem": "RELLoverFindAwake",
    "ShipTestUs": "PlayerCurrentShip",
    "ShipTestThem": "PlayerCurrentShip",
    "LootCondsUs": "CONDFFWDEventIntimateSharedUs",
    "LootCondsThem": "CONDFFWDEventIntimateSharedUs",
    "LootCTsUs": null
  },
  {
    "strName": "FFWDEventConversePartner",
    "strTitle": "Сблизиться с партнёром",
    "strDesc": "[us] находит момент для близости с [them]. Поддерживая пламя.",
    "strActionGroup": "Use",
    "strColor": "Dialogue",
    "aInverse": [],
    "fDuration": 0.0,
    "strThemType": "Other",
    "nLogging": 1,
    "bHumanOnly": false,
    "bSocial": true,
    "CTTestUs": "TIsValidSocialTarget",
    "PSpecTestThem": "IsPartnerValidSocialTarget",
    "ShipTestUs": "PlayerCurrentShip",
    "ShipTestThem": "PlayerCurrentShip",
    "LootCondsUs": "CONDFFWDEventIntimateSharedPartnerUs",
    "LootCondsThem": "CONDFFWDEventIntimateSharedPartnerUs",
    "LootCTsUs": null
  },
  {
    "strName": "FFWDEventSoloRememberEx",
    "strTitle": "Мечтать о потерянной любви",
    "strDesc": "[us] фантазировал о потерянной химии с [them], до того как всё остыло.",
    "strActionGroup": "Use",
    "strColor": "Dialogue",
    "aInverse": [],
    "fDuration": 0.0,
    "strThemType": "Other",
    "nLogging": 1,
    "bHumanOnly": false,
    "CTTestUs": "TIsNotChaste",
    "PSpecTestThem": "RELExFind",
    "LootCondsUs": "CONDFFWDEventSoloMusingIntimateNegUs",
    "LootCondsThem": null,
    "ShipTestUs": "PlayerCurrentShip",
    "LootCTsUs": null
  },
  {
    "strName": "FFWDEventSoloRememberIntimacy",
    "strTitle": "Мечтать о близости",
    "strDesc": "[us] ныл об одиночестве и желании любви.",
    "strActionGroup": "Use",
    "strColor": "Dialogue",
    "aInverse": [],
    "fDuration": 0.0,
    "strThemType": "Other",
    "nLogging": 1,
    "bHumanOnly": false,
    "CTTestUs": "TIsValidSocialTargetLowIntimacy",
    "LootCondsUs": "CONDFFWDEventSoloMusingIntimateNegUs",
    "LootCondsThem": null,
    "LootCTsUs": null,
    "ShipTestUs": "PlayerCurrentShip"
  },
  {
    "strName": "FFWDEventConverseEx",
    "strTitle": "Общение с бывшим",
    "strDesc": "[us] имел некрасивую ссору бывших с [them].",
    "strActionGroup": "Use",
    "strColor": "Dialogue",
    "aInverse": [],
    "fDuration": 0.0,
    "strThemType": "Other",
    "nLogging": 1,
    "bHumanOnly": false,
    "bSocial": true,
    "CTTestUs": "TIsValidSocialTarget",
    "PSpecTestThem": "RELExFindAwake",
    "ShipTestUs": "PlayerCurrentShip",
    "ShipTestThem": "PlayerCurrentShip",
    "LootCondsUs": "CONDFFWDEventSoloMusingIntimateNegUs",
    "LootCondsThem": "CONDFFWDEventSoloMusingIntimateNegUs",
    "LootCTsUs": null
  },
  {
    "strName": "FFWDEventSoloForgivingEnemy",
    "strTitle": "Мечтать о примирении",
    "strDesc": "[us] размышлял о способах простить и разрешить конфликты и враждебность с врагом [them].",
    "strActionGroup": "Use",
    "strColor": "Dialogue",
    "aInverse": [],
    "fDuration": 0.0,
    "strThemType": "Other",
    "nLogging": 1,
    "bHumanOnly": false,
    "bSocial": true,
    "CTTestUs": "TIsForgivingAwake",
    "PSpecTestThem": "RELEnemyOrNemesis",
    "LootCondsUs": "CONDFFWDEventSoloMusingSelflessUs",
    "LootCondsThem": null,
    "LootCTsUs": null
  },
  {
    "strName": "FFWDEventSoloVengeance",
    "strTitle": "Мечтать о мести",
    "strDesc": "[us] мечтал воздать врагу [them] по заслугам.",
    "strActionGroup": "Use",
    "strColor": "Dialogue",
    "aInverse": [],
    "fDuration": 0.0,
    "strThemType": "Other",
    "nLogging": 1,
    "bHumanOnly": false,
    "CTTestUs": "TIsVengefulAwake",
    "PSpecTestThem": "RELEnemyOrNemesis",
    "LootCondsUs": "CONDFFWDEventSoloMusingPhilosophicalUs",
    "LootCondsThem": null,
    "LootCTsUs": null
  },
  {
    "strName": "FFWDEventSoloCruelEnemy",
    "strTitle": "Мечтать о мести",
    "strDesc": "[us] с наслаждением мечтал о том, как свой враг [them] страдает от ужасных судеб.",
    "strActionGroup": "Use",
    "strColor": "Dialogue",
    "aInverse": [],
    "fDuration": 0.0,
    "strThemType": "Other",
    "nLogging": 1,
    "bHumanOnly": false,
    "CTTestUs": "TIsCruelAwake",
    "PSpecTestThem": "RELEnemyOrNemesis",
    "LootCondsUs": "CONDFFWDEventSoloMusingPhilosophicalUs",
    "LootCondsThem": null,
    "LootCTsUs": null
  },
  {
    "strName": "FFWDEventSoloCruel",
    "strTitle": "Мечтать о мести",
    "strDesc": "[us] представлял, как вымещает свою агрессию на невинных космолётчиках или питомцах.",
    "strActionGroup": "Use",
    "strColor": "Dialogue",
    "aInverse": [],
    "fDuration": 0.0,
    "strThemType": "Self",
    "nLogging": 1,
    "bHumanOnly": false,
    "CTTestUs": "TIsCruelAwake",
    "LootCondsUs": "CONDFFWDEventSoloMusingPhilosophicalNegUs",
    "LootCondsThem": null,
    "LootCTsUs": null
  },
  {
    "strName": "FFWDEventSoloComplacent",
    "strTitle": "Найти довольство",
    "strDesc": "[us] находит довольство в мелочах. Секрет счастья — желать то, что имеешь.",
    "strActionGroup": "Use",
    "strColor": "Dialogue",
    "aInverse": [],
    "fDuration": 0.0,
    "strThemType": "Self",
    "nLogging": 1,
    "bHumanOnly": false,
    "CTTestUs": "TIsComplacentAwake",
    "LootCondsUs": "CONDFFWDEventSoloMusingPhilosophicalUs",
    "LootCondsThem": null,
    "LootCTsUs": null
  },
  {
    "strName": "FFWDEventSoloPatient",
    "strTitle": "Терпеливое ожидание",
    "strDesc": "[us] терпеливо коротал время в спокойных размышлениях. Всё приходит к тому, кто умеет ждать.",
    "strActionGroup": "Use",
    "strColor": "Dialogue",
    "aInverse": [],
    "fDuration": 0.0,
    "strThemType": "Self",
    "nLogging": 1,
    "bHumanOnly": false,
    "CTTestUs": "TIsPatientAwake",
    "LootCondsUs": "CONDFFWDEventSoloMusingPhilosophicalUs",
    "LootCondsThem": null,
    "LootCTsUs": null
  },
  {
    "strName": "FFWDEventSoloImpatient",
    "strTitle": "Нетерпеливо мучиться о времени",
    "strDesc": "[us] мучился от потраченного времени. Время и прилив не ждут никого.",
    "strActionGroup": "Use",
    "strColor": "Dialogue",
    "aInverse": [],
    "fDuration": 0.0,
    "strThemType": "Self",
    "nLogging": 1,
    "bHumanOnly": false,
    "CTTestUs": "TIsImpatientAwake",
    "LootCondsUs": "CONDFFWDEventSoloMusingPhilosophicalUs",
    "LootCondsThem": null,
    "LootCTsUs": null
  },
  {
    "strName": "FFWDEventApathetic",
    "strTitle": "Плыть по течению",
    "strDesc": "[us] наслаждался моментом, не беспокоясь ни о чём. Что будет, то будет.",
    "strActionGroup": "Use",
    "strColor": "Dialogue",
    "aInverse": [],
    "fDuration": 0.0,
    "strThemType": "Self",
    "nLogging": 1,
    "bHumanOnly": false,
    "CTTestUs": "TIsApatheticAwake",
    "LootCondsUs": "CONDFFWDEventSoloMusingPhilosophicalUs",
    "LootCondsThem": null,
    "LootCTsUs": null
  },
  {
    "strName": "FFWDEventSkillSpaceship",
    "strTitle": "Проектирование космического корабля",
    "strDesc": "[us] мечтал о перепроектировании конструкции корабля.",
    "strActionGroup": "Use",
    "strColor": "Dialogue",
    "aInverse": [],
    "fDuration": 0.0,
    "strThemType": "Self",
    "nLogging": 1,
    "bHumanOnly": false,
    "CTTestUs": "TIsSkilledEngSpaceship",
    "LootCondsUs": "CONDFFWDEventSoloMusingUs",
    "LootCondsThem": null,
    "LootCTsUs": null
  },
  {
    "strName": "FFWDEventSkillSoftware",
    "strTitle": "Обновление программного обеспечения",
    "strDesc": "Очистил элементы управления и провалидировал ПО [them].",
    "strActionGroup": "Use",
    "strColor": "Dialogue",
    "aInverse": [],
    "fDuration": 0.0,
    "strThemType": "Other",
    "nLogging": 1,
    "bHumanOnly": false,
    "CTTestUs": "TIsSkilledSoftwareAwake",
    "CTTestThem": "TIsNavStationInstalled",
    "ShipTestThem": "PlayerCurrentShip",
    "LootCondsUs": "CONDFFWDEventSoloMusingUs",
    "LootCondsThem": "CONDFFWDEventSkillEngSoftwareNavThem",
    "LootCTsUs": null
  },
  {
    "strName": "FFWDEventSkillElectronicBatteries",
    "strTitle": "Обновление электроники батарей",
    "strDesc": "[us] очистил контакты и коррозию на [them].",
    "strActionGroup": "Use",
    "strColor": "Dialogue",
    "aInverse": [],
    "fDuration": 0.0,
    "strThemType": "Other",
    "nLogging": 1,
    "bHumanOnly": false,
    "CTTestUs": "TIsSkilledPOWRAwake",
    "CTTestThem": "TIsShipBatteryInstalled",
    "ShipTestThem": "PlayerCurrentShip",
    "LootCondsUs": "CONDFFWDEventSoloMusingUs",
    "LootCondsThem": "CONDFFWDEventMinorRepairThem",
    "LootCTsUs": null
  },
  {
    "strName": "FFWDEventSkillElectronic",
    "strTitle": "Обновление электроники",
    "strDesc": "[us] потратил время на перепроводку [them].",
    "strActionGroup": "Use",
    "strColor": "Dialogue",
    "aInverse": [],
    "fDuration": 0.0,
    "strThemType": "Other",
    "nLogging": 1,
    "bHumanOnly": false,
    "CTTestUs": "TIsSkilledPOWRAwake",
    "CTTestThem": "TIsElectronicInstalled",
    "ShipTestThem": "PlayerCurrentShip",
    "LootCondsUs": "CONDFFWDEventSoloMusingUs",
    "LootCondsThem": "CONDFFWDEventMinorRepairThem",
    "LootCTsUs": null
  },
  {
    "strName": "FFWDEventAdmiringShipParts",
    "strTitle": "Уборка корабля",
    "strDesc": "[us] залюбовался [them]. Разве это не чудесно?",
    "strActionGroup": "Use",
    "strColor": "Dialogue",
    "aInverse": [],
    "fDuration": 0.0,
    "strThemType": "Other",
    "nLogging": 1,
    "bHumanOnly": false,
    "CTTestUs": "TIsValidSocialTarget",
    "CTTestThem": "TIsDecorInstalled",
    "ShipTestThem": "PlayerCurrentShip",
    "LootCondsUs": "CONDFFWDEventSoloMusingUs",
    "LootCTsUs": null
  },
  {
    "strName": "FFWDEventFinickyCleaningShipParts",
    "strTitle": "Уборка корабля",
    "strDesc": "[us] снова почистил [them], на всякий случай.",
    "strActionGroup": "Use",
    "strColor": "Dialogue",
    "aInverse": [],
    "fDuration": 0.0,
    "strThemType": "Other",
    "nLogging": 1,
    "bHumanOnly": false,
    "CTTestUs": "TIsFinickyOrTidyAwake",
    "CTTestThem": "TIsShipPartCleaningTarget",
    "ShipTestThem": "PlayerCurrentShip",
    "LootCondsUs": "CONDFFWDEventSoloMusingUs",
    "LootCondsThem": "CONDFFWDEventMinorRepairThem",
    "LootCTsUs": null
  },
  {
    "strName": "FFWDEventTendingShipParts",
    "strTitle": "",
    "strDesc": "[us] поковырялся с [them].",
    "strActionGroup": "Use",
    "strColor": "Dialogue",
    "aInverse": [],
    "fDuration": 0.0,
    "strThemType": "Other",
    "nLogging": 1,
    "bHumanOnly": false,
    "CTTestUs": "TIsSkilledEngineerAwake",
    "CTTestThem": "TIsShipPartTendingTarget",
    "ShipTestThem": "PlayerCurrentShip",
    "LootCondsUs": "CONDFFWDEventSoloMusingUs",
    "LootCondsThem": "CONDFFWDEventMinorRepairThem",
    "LootCTsUs": null
  },
  {
    "strName": "FFWDEventMakeMessShipParts",
    "strTitle": "Уборка корабля",
    "strDesc": "[us] снова оставил [them] в беспорядке.",
    "strActionGroup": "Use",
    "strColor": "Dialogue",
    "aInverse": [],
    "fDuration": 0.0,
    "strThemType": "Other",
    "nLogging": 1,
    "bHumanOnly": false,
    "CTTestUs": "TIsSlovenlyAwake",
    "CTTestThem": "TIsShipPartCleaningTarget",
    "ShipTestThem": "PlayerCurrentShip",
    "LootCondsUs": "CONDFFWDEventSoloMusingUs",
    "LootCondsThem": null,
    "LootCTsUs": null
  },
  {
    "strName": "FFWDEventTendingAppearance",
    "strTitle": "",
    "strDesc": "[us] вовлекается в рутину ухода за собой.",
    "strActionGroup": "Use",
    "strColor": "Dialogue",
    "aInverse": [],
    "fDuration": 0.0,
    "strThemType": "Self",
    "nLogging": 1,
    "bHumanOnly": false,
    "CTTestUs": "TIsBeautifulAwake",
    "LootCondsUs": "CONDFFWDEventSoloMusingGroomingUs",
    "LootCTsUs": null
  },
  {
    "strName": "FFWDEventTendingAppearanceSink",
    "strTitle": "",
    "strDesc": "[us] тратит значительное время у [them], прихорашиваясь и улучшая свою внешность.",
    "strActionGroup": "Use",
    "strColor": "Dialogue",
    "aInverse": [],
    "fDuration": 0.0,
    "strThemType": "Other",
    "nLogging": 1,
    "bHumanOnly": false,
    "CTTestUs": "TIsBeautifulAwake",
    "CTTestThem": "TIsSinkInstalled",
    "ShipTestThem": "PlayerCurrentShip",
    "LootCondsUs": "CONDFFWDEventSoloMusingGroomingUs",
    "LootCTsUs": null
  },
  {
    "strName": "FFWDEventTendingAppearanceUgly",
    "strTitle": "",
    "strDesc": "[us] погружается в ненависть к себе у [them], критикуя свою внешность.",
    "strActionGroup": "Use",
    "strColor": "Dialogue",
    "aInverse": [],
    "fDuration": 0.0,
    "strThemType": "Other",
    "nLogging": 1,
    "bHumanOnly": false,
    "CTTestUs": "TIsUglyAwake",
    "CTTestThem": "TIsSinkInstalled",
    "ShipTestThem": "PlayerCurrentShip",
    "LootCondsUs": "CONDFFWDEventSoloMusingGroomingNegUs",
    "LootCTsUs": null
  },
  {
    "strName": "FFWDEventTemperate",
    "strTitle": "",
    "strDesc": "[us] сопротивляется соблазну насладиться маленькой слабостью.",
    "strActionGroup": "Use",
    "strColor": "Dialogue",
    "aInverse": [],
    "fDuration": 0.0,
    "strThemType": "Other",
    "nLogging": 1,
    "bHumanOnly": false,
    "CTTestUs": "TIsTemperateAwake",
    "LootCondsUs": "CONDFFWDEventSoloMusingUs",
    "LootCTsUs": null
  },
  {
    "strName": "FFWDEventGluttonIndulgenceCarried",
    "strTitle": "",
    "strDesc": "[us] терпит неудачу устоять перед соблазном маленькой слабости и смакует [them] целиком.",
    "strActionGroup": "Use",
    "strColor": "Dialogue",
    "aInverse": [],
    "fDuration": 0.0,
    "strThemType": "Other",
    "nLogging": 1,
    "bHumanOnly": false,
    "CTTestUs": "TIsGluttonAwake",
    "LootCondsUs": "CONDFFWDEventSoloGluttonIndulgenceUs",
    "CTTestThem": "TIsGluttonTarget",
    "ShipTestThem": "PlayerCurrentShip",
    "LootCTsUs": null,
    "aLootItms": [
      "RemoveUs,CTGluttonIndulgence,false,true,false"
    ]
  }
]