[
  {
    "strName": "SOCTradeFixerRecognizeFriend",
    "strTitle": "Узнать друга/знакомого",
    "strDesc": "[us] узнаёт [them] и приветственно кивает. [us] говорит, что [them] может пользоваться чёрным рынком, когда понадобится.",
    "strTargetPoint": "use",
    "fTargetPointRange": 2,
    "strAnim": "Use",
    "strBubble": "BblTalk",
    "strColor": "Dialogue",
    "bSocial": true,
    "bIgnoreFeelings": true,
    "aInverse": ["GUITradeAllowOKLGFixer,[us],[them]"],
    "fDuration": 0.0005,
    "strThemType": "Other",
    "nLogging": 1,
    "bHumanOnly": false,
    "LootCTsUs": "CTBlackMarketPlayerAccess",
    "LootCTsThem": "CTOKLGFixerAccess",
    "CTTestUs": "TIsOKLGFixer",
    "CTTestThem": null,
    "PSpecTestThem": "RELCloseOrContact",
    "strActionGroup": "Talk"
  },
  {
    "strName": "SOCTradeFixerConvoStart",
    "strTitle": "Пустой взгляд",
    "strDesc": "[us] оглядывает [them] с ног до головы и говорит, что торговля запчастями с Кладбища нарушает важные правила и нормы Айотимива. И даже если бы не нарушала, [us] не ведёт дел с незнакомцами, пока кто-нибудь не поручится за [them-obj].",
    "strTargetPoint": "use",
    "fTargetPointRange": 2,
    "strAnim": "Use",
    "strBubble": "BblTalk",
    "strColor": "Dialogue",
    "bSocial": true,
    "bRandomInverse": true,
    "aInverse": ["SOCBlank"],
    "fDuration": 0.0005,
    "strThemType": "Other",
    "nLogging": 1,
    "bHumanOnly": false,
    "LootCTsUs": "CTIsInSocialCombat",
    "LootCTsThem": "CTIsInSocialCombat",
    "CTTestUs": "TIsOKLGFixer",
    "CTTestThem": "TIsOKLGFixerAccessDenied",
    "strContextLootThem": "ACTFixerEntryUs",
    "strContextLootUs": "ACTFixerEntryThem",
    "strActionGroup": "Talk"
  },
  {
    "strName": "SOCTradeFixerConvoStartAngry",
    "strTitle": "Признать их со злостью",
    "strDesc": "[us] рассказывает [them], что не любит незнакомцев. И вообще, в плохом настроении, так что [them] лучше бы поискать кого-нибудь другого для разговоров.",
    "strTargetPoint": null,
    "fTargetPointRange": 2,
    "strAnim": "Use",
    "strBubble": "BblTalk",
    "strColor": "Dialogue",
    "bSocial": true,
    "bRandomInverse": true,
    "aInverse": ["SOCBlank"],
    "fDuration": 0.0005,
    "strThemType": "Other",
    "nLogging": 1,
    "bHumanOnly": false,
    "LootCTsUs": "CTIsInSocialCombat",
    "LootCTsThem": "CTIsInSocialCombat",
    "CTTestUs": "TDiscomfortsAltruismandFixer",
    "CTTestThem": "TIsOKLGFixerAccessDenied",
    "strContextLootThem": "ACTFixerEntryUs",
    "strContextLootUs": "ACTFixerEntryThem",
    "strActionGroup": "Talk"
  },
  {
    "strName": "SOCTradeFixerConvoStartBusy",
    "strTitle": "Признать их (занят)",
    "strDesc": "[us] говорит [them], что [us-subj] сейчас слишком занят, чтобы иметь дело с кем-то кроме своих постоянных клиентов.",
    "strTargetPoint": null,
    "fTargetPointRange": 2,
    "strAnim": "Use",
    "strBubble": "BblTalk",
    "strColor": "Dialogue",
    "bSocial": true,
    "bRandomInverse": true,
    "aInverse": ["SOCBlank"],
    "fDuration": 0.0005,
    "strThemType": "Other",
    "nLogging": 1,
    "bHumanOnly": false,
    "LootCTsUs": "CTIsInSocialCombat",
    "LootCTsThem": "CTIsInSocialCombat",
    "CTTestUs": "TDiscomfortsPrivacyandFixer",
    "CTTestThem": "TIsOKLGFixerAccessDenied",
    "strContextLootThem": "ACTFixerEntryUs",
    "strContextLootUs": "ACTFixerEntryThem",
    "strActionGroup": "Talk"
  },
  {
    "strName": "SOCTradeFixerConvoStartCooldown",
    "strTitle": "Отшить их",
    "strDesc": "[us] недовольно хмурится и рассказывает [them] прийти в другой раз.",
    "strTargetPoint": null,
    "fTargetPointRange": 2,
    "strAnim": "Use",
    "strBubble": "BblTalk",
    "strColor": "Dialogue",
    "bSocial": true,
    "bIgnoreFeelings": true,
    "aInverse": ["SocialCombatExit,[us],[them]"],
    "LootCondsThem": null,
    "fForcedChance": 1.0,
    "fDuration": 0.0005,
    "strThemType": "Other",
    "nLogging": 1,
    "bHumanOnly": false,
    "LootCTsUs": null,
    "LootCTsThem": null,
    "CTTestUs": "TIsOKLGFixer",
    "CTTestThem": null,
    "PSpecTestThem": "RELFailFixer",
    "strActionGroup": "Talk"
  },
  {
    "strName": "SOCTradeFixerConvoCrackKnuckles",
    "strTitle": "Хрустнуть костяшками и посмотреть",
    "strDesc": "[us] хлопает костяшками пальцев и пристально смотрит на [them]",
    "strActionGroup": "Talk",
    "strTargetPoint": "use",
    "fTargetPointRange": 2,
    "strAnim": "Use",
    "strBubble": "BblTalk",
    "strColor": "Dialogue",
    "bSocial": true,
    "bRandomInverse": true,
    "aInverse": ["SOCBlank"],
    "fDuration": 0.0005,
    "strThemType": "Other",
    "nLogging": 1,
    "bHumanOnly": true,
    "LootCTsUs": null,
    "LootCTsThem": "CTSOCTradeFixerConvoCrackKnuckles",
    "CTTestUs": "TIsOKLGFixerAccessDenied",
    "CTTestThem": null
  },
  {
    "strName": "SOCTradeFixerConvoIntimidate",
    "strTitle": "Угрожать барыге насилием",
    "strDesc": "[us] говорит, что за [us-obj] поручится свой правый хук, и трещит костяшками пальцев.",
    "strActionGroup": "Talk",
    "strTargetPoint": "use",
    "fTargetPointRange": 2,
    "strAnim": "Use",
    "strBubble": "BblTalk",
    "strColor": "Dialogue",
    "bSocial": true,
    "bRandomInverse": true,
    "nMoveType": 1,
    "aInverse": [
      "SOCTradeFixerConvoIntimidateResist",
      "SOCTradeFixerConvoIntimidateSuccumb"
    ],
    "bGambit": true,
    "fDuration": 0.0005,
    "strThemType": "Other",
    "nLogging": 1,
    "bHumanOnly": true,
    "LootCTsUs": "CTLeaveSocialCombat",
    "LootCTsThem": "CTLeaveSocialCombat",
    "CTTestUs": "TIsOKLGFixerAccessDenied",
    "CTTestThem": null
  },
  {
    "strName": "SOCTradeFixerConvoIntimidateResist",
    "strTitle": "Сопротивляться запугиванию",
    "strDesc": "[us] смеётся и рассказывает [them], что [us-subj] не боится барных потасовок, особенно с каким-то никем вроде [them-obj].",
    "strActionGroup": "Talk",
    "strTargetPoint": "use",
    "fTargetPointRange": 2,
    "strAnim": "Use",
    "strBubble": "BblTalk",
    "strColor": "Dialogue",
    "bSocial": true,
    "bRandomInverse": true,
    "bIgnoreFeelings": true,
    "aInverse": ["SocialCombatExit,[us],[them]"],
    "LootCondsThem": "CONDFailedFixer",
    "fDuration": 0.0005,
    "strThemType": "Other",
    "nLogging": 1,
    "bHumanOnly": false,
    "LootCTsUs": "CTLeaveSocialCombat",
    "LootCTsThem": "CTLeaveSocialCombat",
    "CTTestUs": "TIsCTSOCTradeFixerConvoIntimidateResist",
    "CTTestThem": null
  },
  {
    "strName": "SOCTradeFixerConvoIntimidateSuccumb",
    "strTitle": "Уступить запугиванию",
    "strDesc": "[us] отступает в угол и рассказывает [them] успокоиться. Чёрный рынок открыт для всех, кому есть что продать. Нет нужды прибегать к насилию.",
    "strActionGroup": "Talk",
    "strTargetPoint": "use",
    "fTargetPointRange": 2,
    "strAnim": "Use",
    "strBubble": "BblTalk",
    "strColor": "Dialogue",
    "bSocial": true,
    "bRandomInverse": true,
    "bIgnoreFeelings": true,
    "nMoveType": 3,
    "aInverse": ["GUITradeAllowOKLGFixer,[us],[them]"],
    "fDuration": 0.0005,
    "strThemType": "Other",
    "nLogging": 1,
    "bHumanOnly": false,
    "LootCTsUs": "CTBlackMarketPlayerAccess",
    "LootCTsThem": "CTOKLGFixerAccess",
    "CTTestUs": "TIsCTSOCTradeFixerConvoIntimidateSuccumb",
    "CTTestThem": null,
    "strContextLootThem": "Default",
    "strContextLootUs": "Default"
  },
  {
    "strName": "SOCTradeFixerConvoCompliment",
    "strTitle": "Сделать комплимент внешности",
    "strDesc": "[us] замечает об уникальной и прекрасной черте внешности [them-pos].",
    "strActionGroup": "Talk",
    "strTargetPoint": "use",
    "fTargetPointRange": 2,
    "strAnim": "Use",
    "strBubble": "BblTalk",
    "strColor": "Dialogue",
    "bSocial": true,
    "bRandomInverse": true,
    "aInverse": ["SOCBlank"],
    "fDuration": 0.0005,
    "strThemType": "Other",
    "nLogging": 1,
    "bHumanOnly": true,
    "LootCTsUs": null,
    "LootCTsThem": "CTSOCTradeFixerConvoCompliment",
    "CTTestUs": "TIsOKLGFixerAccessDenied",
    "CTTestThem": null
  },
  {
    "strName": "SOCTradeFixerConvoCharm",
    "strTitle": "Попытаться очаровать барыгу",
    "strDesc": "[us] прикасается [them] за руку и говорит, что [them-subj] не похож на того, кто следует правилам и нормам",
    "strActionGroup": "Talk",
    "strTargetPoint": "use",
    "fTargetPointRange": 2,
    "strAnim": "Use",
    "strBubble": "BblTalk",
    "strColor": "Dialogue",
    "bSocial": true,
    "bRandomInverse": false,
    "nMoveType": 1,
    "aInverse": [
      "SOCTradeFixerConvoCharmResist",
      "SOCTradeFixerConvoCharmSuccumbMan",
      "SOCTradeFixerConvoCharmSuccumbWoman",
      "SOCTradeFixerConvoCharmSuccumbNB",
      "SOCTradeFixerConvoCharmResistPrefs"
    ],
    "bGambit": true,
    "fDuration": 0.0005,
    "strThemType": "Other",
    "nLogging": 1,
    "bHumanOnly": true,
    "LootCTsUs": "CTLeaveSocialCombat",
    "LootCTsThem": "CTLeaveSocialCombat",
    "CTTestUs": "TIsOKLGFixerAccessDenied",
    "CTTestThem": null
  },
  {
    "strName": "SOCTradeFixerConvoCharmResist",
    "strTitle": "Сопротивляться обаянию",
    "strDesc": "[us] отдёргивает руку и говорит, что [us-subj] не настолько отчаявшийся, чтобы вестись на такое, даже на такой захолустной станции как OKLG.",
    "strActionGroup": "Talk",
    "strTargetPoint": "use",
    "fTargetPointRange": 2,
    "strAnim": "Use",
    "strBubble": "BblTalk",
    "strColor": "Dialogue",
    "bSocial": true,
    "bRandomInverse": true,
    "bIgnoreFeelings": true,
    "aInverse": ["SocialCombatExit,[us],[them]"],
    "LootCondsThem": "CONDFailedFixer",
    "fDuration": 0.0005,
    "strThemType": "Other",
    "nLogging": 1,
    "bHumanOnly": false,
    "LootCTsUs": "CTLeaveSocialCombat",
    "LootCTsThem": "CTLeaveSocialCombat",
    "CTTestUs": "TIsCTSOCTradeFixerConvoCharmResist",
    "CTTestThem": null
  },
  {
    "strName": "SOCTradeFixerConvoCharmResistPrefs",
    "strTitle": "Сопротивляться обаянию",
    "strDesc": "[us] улыбается, но отдёргивает руку и говорит, что [us-subj] не по этой части.",
    "strActionGroup": "Talk",
    "strTargetPoint": "use",
    "fTargetPointRange": 2,
    "strAnim": "Use",
    "strBubble": "BblTalk",
    "strColor": "Dialogue",
    "bSocial": true,
    "bRandomInverse": false,
    "bIgnoreFeelings": true,
    "nMoveType": 3,
    "aInverse": ["SOCBlank,[us],[them]"],
    "fDuration": 0.0005,
    "strThemType": "Other",
    "nLogging": 1,
    "bHumanOnly": false,
    "LootCTsUs": null,
    "LootCTsThem": null,
    "CTTestUs": "TIsValidSocialTarget",
    "CTTestThem": null
  },
  {
    "strName": "SOCTradeFixerConvoCharmSuccumbMan",
    "strTitle": "Поддаться обаянию",
    "strDesc": "[us] напускает суровую мину, но явно краснеет. [us-subj] держит свою руку на месте и говорит [them], что чёрный рынок открыт для [them-obj], когда [them-subj] понадобится.",
    "strActionGroup": "Talk",
    "strTargetPoint": "use",
    "fTargetPointRange": 2,
    "strAnim": "Use",
    "strBubble": "BblTalk",
    "strColor": "Dialogue",
    "bSocial": true,
    "bRandomInverse": true,
    "bIgnoreFeelings": true,
    "nMoveType": 3,
    "aInverse": ["GUITradeAllowOKLGFixer,[us],[them]"],
    "fDuration": 0.0005,
    "strThemType": "Other",
    "nLogging": 1,
    "bHumanOnly": false,
    "LootCTsUs": "CTBlackMarketPlayerAccess",
    "LootCTsThem": "CTOKLGFixerAccess",
    "CTTestUs": "TIsCTSOCTradeFixerConvoCharmSuccumbMan",
    "CTTestThem": null,
    "PSpecTestThem": "IsMale",
    "strContextLootThem": "Default",
    "strContextLootUs": "Default"
  },
  {
    "strName": "SOCTradeFixerConvoCharmSuccumbWoman",
    "strTitle": "Поддаться обаянию",
    "strDesc": "[us] напускает суровую мину, но явно краснеет. [us-subj] держит свою руку на месте и говорит [them], что чёрный рынок открыт для [them-obj], когда [them-subj] понадобится.",
    "strActionGroup": "Talk",
    "strTargetPoint": "use",
    "fTargetPointRange": 2,
    "strAnim": "Use",
    "strBubble": "BblTalk",
    "strColor": "Dialogue",
    "bSocial": true,
    "bRandomInverse": true,
    "bIgnoreFeelings": true,
    "nMoveType": 3,
    "aInverse": ["GUITradeAllowOKLGFixer,[us],[them]"],
    "fDuration": 0.0005,
    "strThemType": "Other",
    "nLogging": 1,
    "bHumanOnly": false,
    "LootCTsUs": "CTBlackMarketPlayerAccess",
    "LootCTsThem": "CTOKLGFixerAccess",
    "CTTestUs": "TIsCTSOCTradeFixerConvoCharmSuccumbWoman",
    "CTTestThem": null,
    "PSpecTestThem": "IsFemale",
    "strContextLootThem": "Default",
    "strContextLootUs": "Default"
  },
  {
    "strName": "SOCTradeFixerConvoCharmSuccumbNB",
    "strTitle": "Поддаться обаянию",
    "strDesc": "[us] напускает суровую мину, но явно краснеет. [us-subj] держит свою руку на месте и говорит [them], что чёрный рынок открыт для [them-obj], когда [them-subj] понадобится.",
    "strActionGroup": "Talk",
    "strTargetPoint": "use",
    "fTargetPointRange": 2,
    "strAnim": "Use",
    "strBubble": "BblTalk",
    "strColor": "Dialogue",
    "bSocial": true,
    "bRandomInverse": true,
    "bIgnoreFeelings": true,
    "nMoveType": 3,
    "aInverse": ["GUITradeAllowOKLGFixer,[us],[them]"],
    "fDuration": 0.0005,
    "strThemType": "Other",
    "nLogging": 1,
    "bHumanOnly": false,
    "LootCTsUs": "CTBlackMarketPlayerAccess",
    "LootCTsThem": "CTOKLGFixerAccess",
    "CTTestUs": "TIsCTSOCTradeFixerConvoCharmSuccumbNB",
    "CTTestThem": null,
    "PSpecTestThem": "IsNB",
    "strContextLootThem": "Default",
    "strContextLootUs": "Default"
  },
  {
    "strName": "SOCTradeFixerConvoPrivacyFail",
    "strTitle": "Сказать им проваливать",
    "strDesc": "[us] говорит, что [them] слишком любопытен, и рассказывает [them-obj] проваливать.",
    "strActionGroup": "Talk",
    "strTargetPoint": "use",
    "fTargetPointRange": 2,
    "strAnim": "Use",
    "strBubble": "BblTalk",
    "strColor": "Dialogue",
    "bSocial": true,
    "bRandomInverse": true,
    "bIgnoreFeelings": true,
    "nMoveType": 2,
    "aInverse": ["SocialCombatExit,[us],[them]"],
    "LootCondsThem": "CONDFailedFixer",
    "fDuration": 0.0005,
    "strThemType": "Other",
    "nLogging": 1,
    "bHumanOnly": false,
    "LootCTsUs": "CTSOCTradeFixerConvoPrivacyFailLoot",
    "LootCTsThem": "CTLeaveSocialCombat",
    "CTTestUs": "TIsCTSOCTradeFixerConvoPrivacyFail",
    "CTTestThem": null,
    "strContextLootThem": "Default",
    "strContextLootUs": "Default"
  },
  {
    "strName": "SOCTradeFixerConvoAltruismFail",
    "strTitle": "Послать их к чёрту",
    "strDesc": "[us] говорит, что [them] бесполезен для [us-subj], просто ещё один космический мусор, загнанный в забытый угол этой жалкой пародии на станцию, которую все вынуждены называть «домом».",
    "strActionGroup": "Talk",
    "strTargetPoint": "use",
    "fTargetPointRange": 2,
    "strAnim": "Use",
    "strBubble": "BblTalk",
    "strColor": "Dialogue",
    "bSocial": true,
    "bRandomInverse": true,
    "bIgnoreFeelings": true,
    "nMoveType": 2,
    "aInverse": ["SocialCombatExit,[us],[them]"],
    "LootCondsThem": "CONDFailedFixer",
    "fDuration": 0.0005,
    "strThemType": "Other",
    "nLogging": 1,
    "bHumanOnly": false,
    "LootCTsUs": "CTSOCTradeFixerConvoAltruismFailLoot",
    "LootCTsThem": "CTLeaveSocialCombat",
    "CTTestUs": "TIsCTSOCTradeFixerConvoAltruismFail",
    "CTTestThem": null,
    "strContextLootThem": "Default",
    "strContextLootUs": "Default"
  },
  {
    "strName": "SOCTradeFixerConvoNameDropCrim",
    "strTitle": "Упомянуть криминального знакомого",
    "strDesc": "[us] говорит, что свой друг [3rd] сказал [us-obj], что [them] — тот, кто нужен. [3rd-subj] сказал, что [them] — честный человек. [3rd-subj] сказал, что [them] знает хорошую возможность, когда [them-subj] её видит.",
    "strActionGroup": "Talk",
    "strTargetPoint": "use",
    "fTargetPointRange": 2,
    "strAnim": "Use",
    "strBubble": "BblTalk",
    "strColor": "Dialogue",
    "bSocial": true,
    "bRandomInverse": true,
    "bIgnoreFeelings": true,
    "aInverse": ["SOCTradeFixerConvoNameDropCrimAllow,[them],[us],[3rd]"],
    "fDuration": 0.0005,
    "strThemType": "Other",
    "nLogging": 1,
    "bHumanOnly": false,
    "LootCTsUs": null,
    "LootCTsThem": null,
    "CTTestUs": null,
    "CTTestThem": null,
    "PSpecTest3rd": "OKLGCriminalCloseMinor"
  },
  {
    "strName": "SOCTradeFixerConvoNameDropCrimAllow",
    "strTitle": "Реакция на упоминание криминала",
    "strDesc": "[us] долго пристально смотрит на [them], а потом расплывается в широкой улыбке. [us] говорит, что тот, кто достаточно безумен, чтобы водиться с [3rd], должен быть хорошим человеком. [us] говорит, что [them-subj] может заглядывать к своим товарам в любое время, если [them-subj] умеет держать [them-pos] язык за зубами.",
    "strActionGroup": "Talk",
    "strTargetPoint": "use",
    "fTargetPointRange": 2,
    "strAnim": "Use",
    "strBubble": "BblTalk",
    "strColor": "Dialogue",
    "bSocial": true,
    "bRandomInverse": true,
    "bIgnoreFeelings": true,
    "aInverse": ["GUITradeAllowOKLGFixer"],
    "fDuration": 0.0005,
    "strThemType": "Other",
    "nLogging": 1,
    "bHumanOnly": false,
    "LootCTsUs": "CTBlackMarketPlayerAccess",
    "LootCTsThem": "CTOKLGFixerAccess",
    "CTTestUs": null,
    "CTTestThem": null
  },
  {
    "strName": "SOCTradeFixerConvoNameDropManager",
    "strTitle": "Упомянуть менеджера OKLG",
    "strDesc": "[us] спрашивает [them], знает ли [3rd] о чёрном рынке, который работает в задней части единственного бара на К-Леге.",
    "strActionGroup": "Talk",
    "strTargetPoint": "use",
    "fTargetPointRange": 2,
    "strAnim": "Use",
    "strBubble": "BblTalk",
    "strColor": "Dialogue",
    "bSocial": true,
    "bRandomInverse": true,
    "bIgnoreFeelings": true,
    "aInverse": ["SOCTradeFixerConvoNameDropManagerAllow,[them],[us],[3rd]"],
    "fDuration": 0.0005,
    "strThemType": "Other",
    "nLogging": 1,
    "bHumanOnly": false,
    "LootCTsUs": null,
    "LootCTsThem": null,
    "CTTestUs": null,
    "CTTestThem": "TIsNotPlayerCrew",
    "PSpecTest3rd": "OKLGManagerClose"
  },
  {
    "strName": "SOCTradeFixerConvoNameDropManagerAllow",
    "strTitle": "Реакция на упоминание менеджера OKLG",
    "strDesc": "[us] вздыхает и говорит, что [us-subj] надеется, что [them] знает, что делает. Никто не любит двойных агентов. Но если [them] хочет торговать, то рынок открыт для них. Пока что.",
    "strActionGroup": "Talk",
    "strTargetPoint": "use",
    "fTargetPointRange": 2,
    "strAnim": "Use",
    "strBubble": "BblTalk",
    "strColor": "Dialogue",
    "bSocial": true,
    "bRandomInverse": true,
    "bIgnoreFeelings": true,
    "aInverse": ["GUITradeAllowOKLGFixer"],
    "fDuration": 0.0005,
    "strThemType": "Other",
    "nLogging": 1,
    "bHumanOnly": false,
    "LootCTsUs": "CTBlackMarketPlayerAccess",
    "LootCTsThem": "CTOKLGFixerAccess",
    "CTTestUs": null,
    "CTTestThem": null
  },
  {
    "strName": "SOCTradeFixerConvoNameDropLEO",
    "strTitle": "Упомянуть знакомого копа",
    "strDesc": "[us] говорит, что офицер [3rd] прослышал о чёрном рынке в «Мескаформе». Но поскольку офицер [3rd] — друг, [us] мог бы сбить [3rd-obj] со следа. Если [them] готов вести себя хорошо.",
    "strActionGroup": "Talk",
    "strTargetPoint": "use",
    "fTargetPointRange": 2,
    "strAnim": "Use",
    "strBubble": "BblTalk",
    "strColor": "Dialogue",
    "bSocial": true,
    "bRandomInverse": true,
    "bIgnoreFeelings": true,
    "aInverse": ["SOCTradeFixerConvoNameDropLEOAllow,[them],[us],[3rd]"],
    "fDuration": 0.0005,
    "strThemType": "Other",
    "nLogging": 1,
    "bHumanOnly": false,
    "LootCTsUs": null,
    "LootCTsThem": null,
    "CTTestUs": null,
    "CTTestThem": null,
    "PSpecTest3rd": "OKLGLEOCloseOrContact"
  },
  {
    "strName": "SOCTradeFixerConvoNameDropLEOAllow",
    "strTitle": "Реакция на упоминание копа",
    "strDesc": "[us] говорит, что офицер [3rd] не смог бы унюхать криминал, даже если бы от него за километр воняло. Но даже тупой коп плох для бизнеса, так что [us] принимает предложение [them-pos] и открывает рынок, пока [them-subj] может держать [3rd] подальше.",
    "strActionGroup": "Talk",
    "strTargetPoint": "use",
    "fTargetPointRange": 2,
    "strAnim": "Use",
    "strBubble": "BblTalk",
    "strColor": "Dialogue",
    "bSocial": true,
    "bRandomInverse": true,
    "bIgnoreFeelings": true,
    "aInverse": ["GUITradeAllowOKLGFixer"],
    "fDuration": 0.0005,
    "strThemType": "Other",
    "nLogging": 1,
    "bHumanOnly": false,
    "LootCTsUs": "CTBlackMarketPlayerAccess",
    "LootCTsThem": "CTOKLGFixerAccess",
    "CTTestUs": null,
    "CTTestThem": null
  }
]
