[
 {
 "strName": "SOCHoneypotCombatStart",
 "strTitle": "Начать романтическую ловушку",
 "strDesc": "[us] расплывается в обаятельной улыбке и начинает процесс эмоционального манипулирования.",
 "strActionGroup": "Talk",
 "strTooltip": "Вступить в контакт с целью медовой ловушки с целью завоевать доверие для получения ценной информации.",
 "strTargetPoint": "talk",
 "fTargetPointRange": 2,
 "strAnim": "Use",
 "strBubble": "BblTalk",
 "strColor": "Dialogue",
 "bSocial": true,
 "bRandomInverse": true,
 "nMoveType": 5,
 "aInverse": [
 "SOCBlank"
 ],
 "fDuration": 0.0,
 "strThemType": "Other",
 "nLogging": 1,
 "bHumanOnly": false,
 "LootCTsUs": "CTIsInSocialCombat",
 "LootCTsThem": "CTIsInSocialCombat",
 "CTTestUs": "TIsJOBMVPHoneypotAgentReady",
 "CTTestThem": "TIsJOBMVPHoneypotTarget",
 "strContextLootThem": "ACTHoneypotCombatEntryThem",
 "strContextLootUs": "ACTHoneypotCombatEntryUs"
 },
 {
 "strName": "SOCHoneypotPrivacyFail",
 "strTitle": "Сказать им, что нужно пространство",
 "strDesc": "[us] говорит, что [them] начинает теснить [us-obj], и что сейчас [us-subj] нужно немного личного пространства.",
 "strActionGroup": "Talk",
 "strTargetPoint": "use",
 "fTargetPointRange": 2,
 "strAnim": "Use",
 "strBubble": "BblTalk",
 "strColor": "Dialogue",
 "bSocial": true,
 "bRandomInverse": true,
 "nMoveType": 2,
 "bIgnoreFeelings": true,
 "aInverse": [
 "SocialCombatExit,[us],[them]"
 ],
 "fDuration": 0.0005,
 "strThemType": "Other",
 "nLogging": 1,
 "bHumanOnly": false,
 "LootCTsUs": "CTSOCHoneypotPrivacyFailLoot",
 "LootCTsThem": "CTSOCHoneypotPrivacyFailLootPlayer",
 "CTTestUs": "TIsCTSOCHoneypotPrivacyFail",
 "CTTestThem": "TIsJOBMVPHoneypotAgent",
 "strContextLootThem": "Default",
 "strContextLootUs": "Default"
 },
 {
 "strName": "SOCHoneypotSecurityFail",
 "strTitle": "Высказать подозрения",
 "strDesc": "[us] говорит, что всё это внимание начинает казаться подозрительным, и спрашивает [them]: «Хоть что-то из этого было настоящим?»",
 "strActionGroup": "Talk",
 "strTargetPoint": "use",
 "fTargetPointRange": 2,
 "strAnim": "Use",
 "strBubble": "BblTalk",
 "strColor": "Dialogue",
 "bSocial": true,
 "bRandomInverse": true,
 "bIgnoreFeelings": true,
 "nMoveType": 2,
 "aInverse": [
 "SocialCombatExit,[us],[them]"
 ],
 "fDuration": 0.0005,
 "strThemType": "Other",
 "nLogging": 1,
 "bHumanOnly": false,
 "LootCTsUs": "CTSOCHoneypotSecurityFailLoot",
 "LootCTsThem": "CTSOCHoneypotSecurityFailLootPlayer",
 "CTTestUs": "TIsCTSOCHoneypotSecurityFail",
 "CTTestThem": "TIsJOBMVPHoneypotAgent",
 "strContextLootThem": "Default",
 "strContextLootUs": "Default"
 },
 {
 "strName": "SOCHoneypotDance",
 "strTitle": "Танцевать",
 "strDesc": "[us] пытается вовлечь [them] в спонтанный танец.",
 "strActionGroup": "Talk",
 "strTooltip": "Попытка флиртовать с целью через танец.",
 "strTargetPoint": "use",
 "fTargetPointRange": 2,
 "strAnim": "Use",
 "strBubble": "BblTalk",
 "strColor": "Dialogue",
 "bSocial": true,
 "bRandomInverse": true,
 "aInverse": [
 "SOCBlank"
 ],
 "fDuration": 0.0005,
 "strThemType": "Other",
 "nLogging": 1,
 "bHumanOnly": true,
 "LootCTsUs": null,
 "LootCTsThem": "CTSOCHoneypotDance",
 "CTTestUs": "TIsJOBMVPHoneypotDance",
 "CTTestThem": "TIsJOBMVPHoneypotTarget"
 },
 {
 "strName": "SOCHoneypotDemonstrateVulnerability",
 "strTitle": "Показать уязвимость",
 "strDesc": "[us] ненадолго раскрывает сторону своей личности, которую большинство людей оберегают.",
 "strActionGroup": "Talk",
 "strTooltip": "Делится слабостью с целью для построения более сильной эмоциональной связи.",
 "strTargetPoint": "use",
 "fTargetPointRange": 2,
 "strAnim": "Use",
 "strBubble": "BblTalk",
 "strColor": "Dialogue",
 "bSocial": true,
 "bRandomInverse": true,
 "aInverse": [
 "SOCBlank"
 ],
 "fDuration": 0.0005,
 "strThemType": "Other",
 "nLogging": 1,
 "bHumanOnly": true,
 "LootCTsUs": null,
 "LootCTsThem": "CTSOCHoneypotVulnerability",
 "CTTestUs": "TIsJOBMVPHoneypotAgent",
 "CTTestThem": "TIsJOBMVPHoneypotTarget"
 },
 {
 "strName": "SOCHoneypotMirrorBehavior",
 "strTitle": "Отражать их манеры",
 "strDesc": "[us] делает непринуждённую беседу, тонко отражая [them-pos] манеры, речевые паттерны и жесты.",
 "strActionGroup": "Talk",
 "strTooltip": "Тонко копировать язык тела цели для построения доверия.",
 "strTargetPoint": "use",
 "fTargetPointRange": 2,
 "strAnim": "Use",
 "strBubble": "BblTalk",
 "strColor": "Dialogue",
 "bSocial": true,
 "bRandomInverse": true,
 "aInverse": [
 "SOCBlank"
 ],
 "fDuration": 0.0005,
 "strThemType": "Other",
 "nLogging": 1,
 "bHumanOnly": true,
 "LootCTsUs": null,
 "LootCTsThem": "CTSOCHoneypotMirrorBehavior",
 "CTTestUs": "TIsJOBMVPHoneypotAgent",
 "CTTestThem": "TIsJOBMVPHoneypotTarget"
 },
 {
 "strName": "SOCHoneypotSong",
 "strTitle": "Спеть для них",
 "strDesc": "[us] напевает мелодию для [them] с импровизированным текстом, искусно соединяющим текущий момент с аллюзиями на знакомые мотивы.",
 "strActionGroup": "Talk",
 "strTooltip": "Попытка произвести впечатление на цель умной песней.",
 "strTargetPoint": "use",
 "fTargetPointRange": 2,
 "strAnim": "Use",
 "strBubble": "BblTalk",
 "strColor": "Dialogue",
 "bSocial": true,
 "bRandomInverse": true,
 "aInverse": [
 "SOCBlank"
 ],
 "fDuration": 0.0005,
 "strThemType": "Other",
 "nLogging": 1,
 "bHumanOnly": true,
 "LootCTsUs": null,
 "LootCTsThem": "CTSOCHoneypotSong",
 "CTTestUs": "TIsJOBMVPHoneypotSong",
 "CTTestThem": "TIsJOBMVPHoneypotTarget"
 }
]