[
    {
        "strName": "SOCPortAuthorityManagerStart",
        "strTitle": "Обратиться к портовому клерку",
        "strDesc": "[us] говорит приветствие клерку за стойкой.",
        "strActionGroup": "Talk",
        "strTargetPoint": "talk",
        "fTargetPointRange": 2,
        "strAnim": "Use",
        "strBubble": "BblTalk",
        "strColor": "Dialogue",
        "bSocial": true,
        "bRandomInverse": true,
        "nMoveType": 5,
        "aInverse": [
            "SOCPortAuthorityManagerAcknowledgeFriend",
            "SOCPortAuthorityManagerAcknowledgeWanted",
            "SOCPortAuthorityManagerAcknowledgeSecondFail",
            "SOCPortAuthorityManagerAcknowledge",
            "SOCPortAuthorityManagerAcknowledgeAngry",
            "SOCPortAuthorityManagerAcknowledgeHappy",
            "SOCPortAuthorityManagerAcknowledgeBusy",
            "SOCPortAuthorityManagerAcknowledgeSelfImportant"
        ],
        "fDuration": 0.0005,
        "strThemType": "Other",
        "nLogging": 1,
        "bHumanOnly": false,
        "LootCTsUs": "CTIsInSocialCombat",
        "LootCTsThem": "CTSOCPortAuthorityManagerStartThem",
        "CTTestUs": null,
        "CTTestThem": "TIsPortAuthority"
    },
    {
        "strName": "SOCPortAuthorityManagerAcknowledgeWanted",
        "strTitle": "Узнать разыскиваемого преступника",
        "strDesc": "[us] узнаёт в [them] разыскиваемого преступника и требует немедленно покинуть помещение.",
        "strActionGroup": "Talk",
        "strTargetPoint": null,
        "fTargetPointRange": 2,
        "strAnim": "Use",
        "strBubble": "BblTalk",
        "strColor": "Dialogue",
        "bSocial": true,
        "fForcedChance": 1.0,
        "bRandomInverse": true,
        "bIgnoreFeelings": true,
        "aInverse": [
            "SocialCombatExit,[us],[them]"
        ],
        "fDuration": 0.0005,
        "strThemType": "Other",
        "nLogging": 1,
        "bHumanOnly": false,
        "LootCTsUs": "CTLeaveSocialCombat",
        "LootCTsThem": "CTLeaveSocialCombat",
        "CTTestUs": null,
        "CTTestThem": "TIsWantedOKLG"
    },
    {
        "strName": "SOCPortAuthorityManagerAcknowledge",
        "strTitle": "Признать посетителя",
        "strDesc": "[us] бросает взгляд на [them] и говорит «Чем могу помочь?»",
        "strActionGroup": "Talk",
        "strTargetPoint": null,
        "fTargetPointRange": 2,
        "strAnim": "Use",
        "strBubble": "BblTalk",
        "strColor": "Dialogue",
        "bSocial": true,
        "bRandomInverse": true,
        "aInverse": [
            "SOCPortAuthorityManagerJoke",
            "SOCPortAuthorityConnect",
            "SOCPortAuthorityBluffAuthority",
            "SOCPortAuthorityFinisherAskForBreak",
            "SOCPortAuthorityFinisherPromise",
            "SOCPortAuthorityFinisherReportToManager",
            "SOCIntimidate",
            "SOCWhatsUp",
            "SOCShowTrick",
            "SOCBreakoutBanter",
            "SOCFlirtStartMan",
            "SOCFlirtStartWoman",
            "SOCFlirtStartNB",
            "SOCFlirtStartManPlayer",
            "SOCFlirtStartWomanPlayer",
            "SOCFlirtStartNBPlayer",
            "SOCCommiserate",
            "SOCDarkJoke",
            "SOCWarnSuperstition",
            "SOCFishCompliment",
            "SOCInsult",
            "SOCInsult2",
            "SOCAdmitWorries",
            "SOCCraftDarkJoke",
            "SOCReiterateUrgency"
        ],
        "fDuration": 0.0005,
        "strThemType": "Other",
        "nLogging": 1,
        "bHumanOnly": false,
        "LootCTsUs": null,
        "LootCTsThem": "CTPortAuthorityAttemptThem",
        "CTTestUs": "TNoDiscomfortsPrivacy",
        "CTTestThem": null,
        "strContextLootThem": "ACTPortAuthorityEntryUs",
        "strContextLootUs": "ACTPortAuthorityEntryThem"
    },
    {
        "strName": "SOCPortAuthorityManagerAcknowledgeAngry",
        "strTitle": "Признать посетителя со злостью",
        "strDesc": "[us] пристально смотрит на [them] убийственным взглядом и ничего не говорит.",
        "strActionGroup": "Talk",
        "strTargetPoint": null,
        "fTargetPointRange": 2,
        "strAnim": "Use",
        "strBubble": "BblTalk",
        "strColor": "Dialogue",
        "bSocial": true,
        "bRandomInverse": true,
        "aInverse": [
            "SOCPortAuthorityManagerJoke",
            "SOCPortAuthorityConnect",
            "SOCPortAuthorityBluffAuthority",
            "SOCPortAuthorityFinisherAskForBreak",
            "SOCPortAuthorityFinisherPromise",
            "SOCPortAuthorityFinisherReportToManager",
            "SOCIntimidate",
            "SOCWhatsUp",
            "SOCShowTrick",
            "SOCBreakoutBanter",
            "SOCFlirtStartMan",
            "SOCFlirtStartWoman",
            "SOCFlirtStartNB",
            "SOCFlirtStartManPlayer",
            "SOCFlirtStartWomanPlayer",
            "SOCFlirtStartNBPlayer",
            "SOCCommiserate",
            "SOCDarkJoke",
            "SOCWarnSuperstition",
            "SOCFishCompliment",
            "SOCInsult",
            "SOCInsult2",
            "SOCAdmitWorries",
            "SOCCraftDarkJoke",
            "SOCReiterateUrgency"
        ],
        "fDuration": 0.0005,
        "strThemType": "Other",
        "nLogging": 1,
        "bHumanOnly": false,
        "LootCTsUs": "CTSOCPortAuthorityAngryGreetingUs",
        "LootCTsThem": "CTSOCPortAuthorityAngryGreetingThem",
        "CTTestUs": "TDiscomfortsSocial",
        "CTTestThem": null,
        "strContextLootThem": "ACTPortAuthorityEntryUs",
        "strContextLootUs": "ACTPortAuthorityEntryThem"
    },
    {
        "strName": "SOCPortAuthorityManagerAcknowledgeHappy",
        "strTitle": "Признать посетителя радушно",
        "strDesc": "[us] поднимает взгляд на [them] и предлагает тёплую улыбку, прежде чем спросить, чем [us-subj] может помочь.",
        "strActionGroup": "Talk",
        "strTargetPoint": null,
        "fTargetPointRange": 2,
        "strAnim": "Use",
        "strBubble": "BblTalk",
        "strColor": "Dialogue",
        "bSocial": true,
        "bRandomInverse": true,
        "aInverse": [
            "SOCPortAuthorityManagerJoke",
            "SOCPortAuthorityConnect",
            "SOCPortAuthorityBluffAuthority",
            "SOCPortAuthorityFinisherAskForBreak",
            "SOCPortAuthorityFinisherPromise",
            "SOCPortAuthorityFinisherReportToManager",
            "SOCIntimidate",
            "SOCWhatsUp",
            "SOCShowTrick",
            "SOCBreakoutBanter",
            "SOCFlirtStartMan",
            "SOCFlirtStartWoman",
            "SOCFlirtStartNB",
            "SOCFlirtStartManPlayer",
            "SOCFlirtStartWomanPlayer",
            "SOCFlirtStartNBPlayer",
            "SOCCommiserate",
            "SOCDarkJoke",
            "SOCWarnSuperstition",
            "SOCFishCompliment",
            "SOCInsult",
            "SOCInsult2",
            "SOCAdmitWorries",
            "SOCCraftDarkJoke",
            "SOCReiterateUrgency"
        ],
        "fDuration": 0.0005,
        "strThemType": "Other",
        "nLogging": 1,
        "bHumanOnly": false,
        "LootCTsUs": "CTSOCPortAuthorityHappyGreetingUs",
        "LootCTsThem": "CTSOCPortAuthorityHappyGreetingThem",
        "CTTestUs": "TLowDiscomforts",
        "CTTestThem": null,
        "strContextLootThem": "ACTPortAuthorityEntryUs",
        "strContextLootUs": "ACTPortAuthorityEntryThem"
    },
    {
        "strName": "SOCPortAuthorityManagerAcknowledgeBusy",
        "strTitle": "Отшить посетителя (занят)",
        "strDesc": "[us] вздыхает и рассказывает [them], что [us-subj] уже видел слишком много посетителей сегодня, и что [them] придётся прийти позже.",
        "strActionGroup": "Talk",
        "strTargetPoint": null,
        "fTargetPointRange": 2,
        "strAnim": "Use",
        "strBubble": "BblTalk",
        "strColor": "Dialogue",
        "bSocial": true,
        "bRandomInverse": true,
        "bIgnoreFeelings": true,
        "aInverse": [
            "SocialCombatExit,[us],[them]"
        ],
        "fDuration": 0.0005,
        "strThemType": "Other",
        "nLogging": 1,
        "bHumanOnly": false,
        "LootCTsUs": "CTSOCPortAuthorityPrivacyFailLoot",
        "LootCTsThem": "CTLeaveSocialCombat",
        "CTTestUs": "TDiscomfortsPrivacy",
        "CTTestThem": "",
        "LootCondsThem": "CONDFailedPortAuth"
    },
    {
        "strName": "SOCPortAuthorityManagerAcknowledgeSecondFail",
        "strTitle": "Отшить знакомого посетителя",
        "strDesc": "[us] вздыхает и рассказывает [them], что у [us-subj] нет терпения продолжать разбираться с [them-obj] прямо сейчас.",
        "strActionGroup": "Talk",
        "strTargetPoint": null,
        "fTargetPointRange": 2,
        "strAnim": "Use",
        "strBubble": "BblTalk",
        "strColor": "Dialogue",
        "bSocial": true,
        "fForcedChance": 1.0,
        "bRandomInverse": true,
        "bIgnoreFeelings": true,
        "aInverse": [
            "SocialCombatExit,[us],[them]"
        ],
        "fDuration": 0.0005,
        "strThemType": "Other",
        "nLogging": 1,
        "bHumanOnly": false,
        "LootCTsUs": "CTSOCPortAuthorityPrivacyFailLoot",
        "LootCTsThem": "CTLeaveSocialCombat",
        "CTTestUs": "TIsPortAuthority",
        "CTTestThem": null,
        "PSpecTestThem": "RELFailPortAuth",
        "LootCondsThem": null
    },
    {
        "strName": "SOCPortAuthorityManagerAcknowledgeSelfImportant",
        "strTitle": "Отшить посетителя (важность)",
        "strDesc": "[us] вздыхает и рассказывает [them], что [us-subj] слишком занят, чтобы разговаривать сейчас, и что [them-obj] придётся прийти в другой раз.",
        "strActionGroup": "Talk",
        "strTargetPoint": null,
        "fTargetPointRange": 2,
        "strAnim": "Use",
        "strBubble": "BblTalk",
        "strColor": "Dialogue",
        "bSocial": true,
        "bRandomInverse": true,
        "bIgnoreFeelings": true,
        "aInverse": [
            "SocialCombatExit,[us],[them]"
        ],
        "fDuration": 0.0005,
        "strThemType": "Other",
        "nLogging": 1,
        "bHumanOnly": false,
        "LootCTsUs": "CTSOCPortAuthorityAutonomyFailLoot",
        "LootCTsThem": "CTLeaveSocialCombat",
        "CTTestUs": "TDiscomfortsAutonomy",
        "CTTestThem": null,
        "LootCondsThem": "CONDFailedPortAuth"
    },
    {
        "strName": "SOCPortAuthorityManagerAcknowledgeFriend",
        "strTitle": "Признать посетителя-друга",
        "strDesc": "[us] поднимает взгляд от терминала и мгновенно узнаёт [them].",
        "strActionGroup": "Talk",
        "strTargetPoint": null,
        "fTargetPointRange": 2,
        "strAnim": "Use",
        "strBubble": "BblTalk",
        "strColor": "Dialogue",
        "bSocial": true,
        "bRandomInverse": true,
        "fForcedChance": 1.0,
        "aInverse": [
            "SOCPortAuthorityManagerJoke",
            "SOCPortAuthorityFinisherFriendFavor",
            "SOCWhatsUp",
            "SOCShowTrick",
            "SOCBreakoutBanter",
            "SOCFlirtStartMan",
            "SOCFlirtStartWoman",
            "SOCFlirtStartNB",
            "SOCFlirtStartManPlayer",
            "SOCFlirtStartWomanPlayer",
            "SOCFlirtStartNBPlayer",
            "SOCCommiserate",
            "SOCDarkJoke",
            "SOCWarnSuperstition",
            "SOCFishCompliment",
            "SOCInsult",
            "SOCInsult2",
            "SOCAdmitWorries",
            "SOCCraftDarkJoke",
            "SOCReiterateUrgency",
            "SOCSmileDemurely",
            "SOCYawnInFace",
            "SOCLookBusy",
            "SOCComplainAboutLAs",
            "SOCTalkWeather",
            "SOCMildFunny",
            "SOCLookAtUs",
            "SOCLightTouch",
            "SOCMetaphysicalQuandary",
            "SOCSooo",
            "SOCScanRoom",
            "SOCMentionHeadline"
        ],
        "fDuration": 0.0005,
        "strThemType": "Other",
        "nLogging": 1,
        "bHumanOnly": false,
        "LootCTsUs": null,
        "LootCTsThem": null,
        "CTTestUs": null,
        "CTTestThem": null,
        "PSpecTestThem": "RELClose",
        "strContextLootThem": "ACTPortAuthorityEntryUs",
        "strContextLootUs": "ACTPortAuthorityEntryThem"
    },
    {
        "strName": "SOCPortAuthorityFinisherFriendFavor",
        "strTitle": "Попросить друга об услуге",
        "strDesc": "[us] спрашивает, может ли [them] войти в положение и списать стыковочный сбор в этот раз.",
        "strActionGroup": "Talk",
        "strTargetPoint": "talk",
        "fTargetPointRange": 2,
        "strAnim": "Use",
        "strBubble": "BblTalk",
        "strColor": "Dialogue",
        "bSocial": true,
        "bRandomInverse": true,
        "aInverse": [
            "SOCPortAuthorityFinisherFriendFavorSuccomb",
            "SOCPortAuthorityFinisherFriendFavorResist"
        ],
        "nMoveType": 1,
        "bGambit": true,
        "fDuration": 0.0005,
        "strThemType": "Other",
        "nLogging": 1,
        "bHumanOnly": false,
        "LootCTsUs": null,
        "LootCTsThem": null,
        "CTTestUs": null,
        "CTTestThem": null
    },
    {
        "strName": "SOCPortAuthorityFinisherFriendFavorSuccomb",
        "strTitle": "Уступить: просьба об услуге",
        "strDesc": "[us] улыбается и говорит, что [us-subj] рад позволить другу отстыковаться без уплаты сбора. Только пусть не болтает об этом начальству.",
        "strActionGroup": "Talk",
        "strTargetPoint": null,
        "fTargetPointRange": 2,
        "strAnim": "Use",
        "strBubble": "BblTalk",
        "strColor": "Dialogue",
        "bSocial": true,
        "bRandomInverse": true,
        "bIgnoreFeelings": true,
        "aInverse": [
            "SocialCombatExit,[us],[them]"
        ],
        "nMoveType": 3,
        "fDuration": 0.0005,
        "strThemType": "Other",
        "nLogging": 1,
        "bHumanOnly": false,
        "LootCTsUs": "CTLeaveSocialCombat",
        "LootCTsThem": "CTWinSocialCombatDocking",
        "CTTestUs": "TIsCTSOCPortAuthorityFriendFavorSuccomb",
        "CTTestThem": null
    },
    {
        "strName": "SOCPortAuthorityFinisherFriendFavorResist",
        "strTitle": "Отказать: просьба об услуге",
        "strDesc": "[us] делает страдальческое выражение и говорит, что как бы [us-subj] ни хотел помочь, начальство в последнее время не спускает глаз со своей спины, и [us-subj] никак не может сделать это на этот раз.",
        "strActionGroup": "Talk",
        "strTargetPoint": null,
        "fTargetPointRange": 2,
        "strAnim": "Use",
        "strBubble": "BblTalk",
        "strColor": "Dialogue",
        "bSocial": true,
        "bRandomInverse": true,
        "bIgnoreFeelings": true,
        "aInverse": [
            "SocialCombatExit,[us],[them]"
        ],
        "fDuration": 0.0005,
        "strThemType": "Other",
        "nLogging": 1,
        "bHumanOnly": false,
        "LootCTsUs": "CTLeaveSocialCombat",
        "LootCTsThem": "CTLeaveSocialCombat",
        "CTTestUs": "TIsCTSOCPortAuthorityFriendFavorResist",
        "CTTestThem": null,
        "LootCondsThem": "CONDFailedPortAuth"
    },
    {
        "strName": "SOCPortAuthorityManagerJoke",
        "strTitle": "Попытаться рассмешить",
        "strDesc": "[us] делает забавное замечание об окружающей обстановке.",
        "strActionGroup": "Talk",
        "strTargetPoint": "talk",
        "fTargetPointRange": 2,
        "strAnim": "Use",
        "strBubble": "BblTalk",
        "strColor": "Dialogue",
        "bSocial": true,
        "bRandomInverse": true,
        "aInverse": [
            "SOCPortAuthorityManagerJokeLaugh",
            "SOCPortAuthorityManagerJokeNotLaugh",
            "SOCPortAuthorityPrivacyFail",
            "SOCPortAuthorityAutonomyFail",
            "SOCReminisce",
            "SOCShareAnotherStory",
            "SOCFishCompliment",
            "SOCBurstLaughing",
            "SOCGasp",
            "SOCWarnSuperstition",
            "SOCZoneOut",
            "SOCNodAndBreathe",
            "SOCLostInThought",
            "SOCPoliteChuckle",
            "SOCQuiver",
            "SOCSmileDemurely",
            "SOCYawnInFace",
            "SOCLookBusy",
            "SOCComplainAboutLAs",
            "SOCTalkWeather",
            "SOCMildFunny",
            "SOCLookAtUs",
            "SOCLightTouch",
            "SOCMetaphysicalQuandary",
            "SOCSooo",
            "SOCScanRoom",
            "SOCMentionHeadline"
        ],
        "fDuration": 0.0005,
        "strThemType": "Other",
        "nLogging": 1,
        "bHumanOnly": false,
        "LootCTsUs": "CTSOCPortAuthorityJokeUs",
        "LootCTsThem": "CTSOCPortAuthorityJokeThem",
        "CTTestUs": null,
        "CTTestThem": null
    },
    {
        "strName": "SOCPortAuthorityManagerJokeLaugh",
        "strTitle": "Посмеяться над шуткой",
        "strDesc": "[us] улыбается и отвечает шуткой в ответ.",
        "strActionGroup": "Talk",
        "strTargetPoint": null,
        "fTargetPointRange": 2,
        "strAnim": "Use",
        "strBubble": "BblTalk",
        "strColor": "Dialogue",
        "bSocial": true,
        "bRandomInverse": true,
        "aInverse": [
            "SOCBlank"
        ],
        "fDuration": 0.0005,
        "strThemType": "Other",
        "nLogging": 1,
        "bHumanOnly": false,
        "LootCTsUs": "CTSOCPortAuthorityJokeSuccessLootUs",
        "LootCTsThem": "CTSOCPortAuthorityJokeSuccessLootThem",
        "CTTestUs": null,
        "CTTestThem": null
    },
    {
        "strName": "SOCPortAuthorityManagerJokeNotLaugh",
        "strTitle": "Проигнорировать шутку",
        "strDesc": "[us] прекращает работать и пристально смотрит на [them], кажется, целую вечность.",
        "strActionGroup": "Talk",
        "strTargetPoint": null,
        "fTargetPointRange": 2,
        "strAnim": "Use",
        "strBubble": "BblTalk",
        "strColor": "Dialogue",
        "bSocial": true,
        "bRandomInverse": true,
        "aInverse": [
            "SOCBlank"
        ],
        "fDuration": 0.0005,
        "strThemType": "Other",
        "nLogging": 1,
        "bHumanOnly": false,
        "LootCTsUs": "CTSOCPortAuthorityJokeFailLoot",
        "LootCTsThem": "CTSOCPortAuthorityJokeFailLootThem",
        "CTTestUs": null,
        "CTTestThem": null
    },
    {
        "strName": "SOCPortAuthorityConnect",
        "strTitle": "Выдумать срочное задание",
        "strDesc": "[us] описывает душераздирающую и срочную ситуацию, которая требует использования корабля.",
        "strActionGroup": "Talk",
        "strTargetPoint": "talk",
        "fTargetPointRange": 2,
        "strAnim": "Use",
        "strBubble": "BblTalk",
        "strColor": "Dialogue",
        "bSocial": true,
        "bRandomInverse": true,
        "aInverse": [
            "SOCPortAuthorityConnectSucceed",
            "SOCPortAuthorityConnectFail",
            "SOCPortAuthorityPrivacyFail",
            "SOCPortAuthorityAutonomyFail",
            "SOCWarnOff",
            "SOCIntimidate",
            "SOCYay",
            "SOCSlowClap",
            "SOCTechJargon",
            "SOCListenIntently",
            "SOCZoneOut",
            "SOCWhoCares",
            "SOCReminisce",
            "SOCShareAnotherStory",
            "SOCRollEyes",
            "SOCFlirtStartMan",
            "SOCFlirtStartWoman",
            "SOCFlirtStartNB",
            "SOCFlirtStartManPlayer",
            "SOCFlirtStartWomanPlayer",
            "SOCFlirtStartNBPlayer",
            "SOCCommiserate",
            "SOCInspirePurpose",
            "SOCAgreeDismissively",
            "SOCDarkJoke",
            "SOCBurstLaughing",
            "SOCGasp",
            "SOCWarnSuperstition",
            "SOCReassure",
            "SOCNodAndBreathe",
            "SOCInsult",
            "SOCInsult2",
            "SOCAdmitWorries",
            "SOCDontWorry",
            "SOCStopBurdening",
            "SOCBackAwaySlow",
            "SOCBackOff",
            "SOCCalmDown",
            "SOCCraftDarkJoke",
            "SOCEncourage",
            "SOCLaughCallous",
            "SOCLostInThought",
            "SOCDaydreamExLoverNPC",
            "SOCPlayfulThreat",
            "SOCPoliteChuckle",
            "SOCQuiver",
            "SOCReassureLogical",
            "SOCReiterateUrgency",
            "SOCRepeatSexuallyMen",
            "SOCRepeatSexuallyWomen",
            "SOCRepeatSexuallyNB",
            "SOCSmileDemurely",
            "SOCYawnInFace",
            "SOCYesSir",
            "SOCLookBusy",
            "SOCMildFunny",
            "SOCLightTouch",
            "SOCMetaphysicalQuandary",
            "SOCScanRoom"
        ],
        "fDuration": 0.0005,
        "strThemType": "Other",
        "nLogging": 1,
        "bHumanOnly": false,
        "LootCTsUs": "CTSOCPortAuthorityUrgentMissionUs",
        "LootCTsThem": "CTSOCPortAuthorityUrgentMissionThem",
        "CTTestUs": null,
        "CTTestThem": null
    },
    {
        "strName": "SOCPortAuthorityConnectFail",
        "strTitle": "Проигнорировать историю",
        "strDesc": "[us] остаётся равнодушен к срочности [them-pos].",
        "strActionGroup": "Talk",
        "strTargetPoint": null,
        "fTargetPointRange": 2,
        "strAnim": "Use",
        "strBubble": "BblTalk",
        "strColor": "Dialogue",
        "bSocial": true,
        "bRandomInverse": true,
        "aInverse": [
            "SOCBlank"
        ],
        "fDuration": 0.0005,
        "strThemType": "Other",
        "nLogging": 1,
        "bHumanOnly": false,
        "LootCTsUs": "CTSOCPortAuthorityTaleFailLoot",
        "LootCTsThem": "CTSOCPortAuthorityTaleFailLootThem",
        "CTTestUs": null,
        "CTTestThem": null
    },
    {
        "strName": "SOCPortAuthorityConnectSucceed",
        "strTitle": "Установить контакт",
        "strDesc": "[us] кажется захваченным историей [them-pos]. [us-subj] желает, что мог бы чем-то помочь.",
        "strActionGroup": "Talk",
        "strTargetPoint": null,
        "fTargetPointRange": 2,
        "strAnim": "Use",
        "strBubble": "BblTalk",
        "strColor": "Dialogue",
        "bSocial": true,
        "bRandomInverse": true,
        "aInverse": [
            "SOCBlank"
        ],
        "fDuration": 0.0005,
        "strThemType": "Other",
        "nLogging": 1,
        "bHumanOnly": false,
        "LootCTsUs": "CTSOCPortAuthorityTaleSuccessLoot",
        "LootCTsThem": "CTSOCPortAuthorityTaleSuccessLootThem",
        "CTTestUs": null,
        "CTTestThem": null
    },
    {
        "strName": "SOCPortAuthorityBluffAuthority",
        "strTitle": "Притвориться важной шишкой",
        "strDesc": "[us] спрашивает, знает ли [them], с кем [them-subj] разговаривает.",
        "strActionGroup": "Talk",
        "strTargetPoint": "talk",
        "fTargetPointRange": 2,
        "strAnim": "Use",
        "strBubble": "BblTalk",
        "strColor": "Dialogue",
        "bSocial": true,
        "bRandomInverse": true,
        "aInverse": [
            "SOCPortAuthorityBluffAuthoritySucceed",
            "SOCPortAuthorityBluffAuthorityFail",
            "SOCPortAuthorityPrivacyFail",
            "SOCPortAuthorityAutonomyFail",
            "SOCWarnOff",
            "SOCDefy",
            "SOCIntimidate",
            "SOCShowTrick",
            "SOCYay",
            "SOCSlowClap",
            "SOCTechJargon",
            "SOCListenIntently",
            "SOCZoneOut",
            "SOCWhoCares",
            "SOCTechJargonOneUp",
            "SOCRollEyes",
            "SOCFlirtStartMan",
            "SOCFlirtStartWoman",
            "SOCFlirtStartNB",
            "SOCFlirtStartManPlayer",
            "SOCFlirtStartWomanPlayer",
            "SOCFlirtStartNBPlayer",
            "SOCCommiserate",
            "SOCAgreeDismissively",
            "SOCDarkJoke",
            "SOCBurstLaughing",
            "SOCGasp",
            "SOCAskHug",
            "SOCOpenArms",
            "SOCSmackAround",
            "SOCWarnSuperstition",
            "SOCReassure",
            "SOCFishCompliment",
            "SOCInsult",
            "SOCInsult2",
            "SOCAdmitWorries",
            "SOCStopBurdening",
            "SOCAskCareer",
            "SOCBackAwaySlow",
            "SOCBackOff",
            "SOCCalmDown",
            "SOCCraftDarkJoke",
            "SOCLaughCallous",
            "SOCLostInThought",
            "SOCDaydreamExLover",
            "SOCDaydreamExLoverNPC",
            "SOCPlayfulThreat",
            "SOCPleeease",
            "SOCPoliteChuckle",
            "SOCQuiver",
            "SOCReassureLogical",
            "SOCReiterateUrgency",
            "SOCRepeatSexuallyMen",
            "SOCRepeatSexuallyWomen",
            "SOCRepeatSexuallyNB",
            "SOCSmileDemurely",
            "SOCYawnInFace",
            "SOCYesSir",
            "SOCLookBusy",
            "SOCMildFunny",
            "SOCScanRoom"
        ],
        "fDuration": 0.0005,
        "strThemType": "Other",
        "nLogging": 1,
        "bHumanOnly": false,
        "LootCTsUs": null,
        "LootCTsThem": "CTSOCPortAuthorityBluffManagerThem",
        "CTTestUs": null,
        "CTTestThem": null
    },
    {
        "strName": "SOCPortAuthorityBluffAuthorityFail",
        "strTitle": "Заявить о своих полномочиях",
        "strDesc": "[us] говорит, что нет, [us-subj] понятия не имеет, кто [them-subj] такой.",
        "strActionGroup": "Talk",
        "strTargetPoint": null,
        "fTargetPointRange": 2,
        "strAnim": "Use",
        "strBubble": "BblTalk",
        "strColor": "Dialogue",
        "bSocial": true,
        "bRandomInverse": true,
        "aInverse": [
            "SOCBlank"
        ],
        "fDuration": 0.0005,
        "strThemType": "Other",
        "nLogging": 1,
        "bHumanOnly": false,
        "LootCTsUs": "CTSOCPortAuthorityTaleFailLoot",
        "LootCTsThem": "CTSOCPortAuthorityTaleFailLootThem",
        "CTTestUs": null,
        "CTTestThem": null
    },
    {
        "strName": "SOCPortAuthorityBluffAuthoritySucceed",
        "strTitle": "Уступить угрозе",
        "strDesc": "[us] извиняется и заверяет [them], что это дело можно быстро уладить.",
        "strActionGroup": "Talk",
        "strTargetPoint": null,
        "fTargetPointRange": 2,
        "strAnim": "Use",
        "strBubble": "BblTalk",
        "strColor": "Dialogue",
        "bSocial": true,
        "bRandomInverse": true,
        "aInverse": [
            "SOCBlank"
        ],
        "fDuration": 0.0005,
        "strThemType": "Other",
        "nLogging": 1,
        "bHumanOnly": false,
        "LootCTsUs": "CTSOCPortAuthorityBluffSuccessLoot",
        "LootCTsThem": "CTSOCPortAuthorityTaleSuccessLootThem",
        "CTTestUs": null,
        "CTTestThem": null
    },
    {
        "strName": "SOCPortAuthorityFinisherAskForBreak",
        "strTitle": "Попросить поблажку",
        "strDesc": "[us] спрашивает, может ли [us-subj] сделать исключение только в этот раз.",
        "strActionGroup": "Talk",
        "strTargetPoint": "talk",
        "fTargetPointRange": 2,
        "strAnim": "Use",
        "strBubble": "BblTalk",
        "strColor": "Dialogue",
        "bSocial": true,
        "bRandomInverse": true,
        "aInverse": [
            "SOCPortAuthorityFinisherAskForBreakSuccumb",
            "SOCPortAuthorityFinisherAskForBreakResist"
        ],
        "nMoveType": 1,
        "bGambit": true,
        "fDuration": 0.0005,
        "strThemType": "Other",
        "nLogging": 1,
        "bHumanOnly": false,
        "LootCTsUs": null,
        "LootCTsThem": null,
        "CTTestUs": null,
        "CTTestThem": null
    },
    {
        "strName": "SOCPortAuthorityFinisherAskForBreakSuccumb",
        "strTitle": "Уступить: просьба о поблажке",
        "strDesc": "[us] улыбается и говорит «какого чёрта, всё равно это тупиковая работа», и списывает стыковочный сбор.",
        "strActionGroup": "Talk",
        "strTargetPoint": null,
        "fTargetPointRange": 2,
        "strAnim": "Use",
        "strBubble": "BblTalk",
        "strColor": "Dialogue",
        "bSocial": true,
        "bRandomInverse": true,
        "bIgnoreFeelings": true,
        "aInverse": [
            "SocialCombatExit,[us],[them]"
        ],
        "nMoveType": 3,
        "fDuration": 0.0005,
        "strThemType": "Other",
        "nLogging": 1,
        "bHumanOnly": false,
        "LootCTsUs": "CTLeaveSocialCombat",
        "LootCTsThem": "CTWinSocialCombatDocking",
        "CTTestUs": "TIsCTSOCPortAuthorityBreakSuccomb",
        "CTTestThem": null
    },
    {
        "strName": "SOCPortAuthorityFinisherAskForBreakResist",
        "strTitle": "Отказать: просьба о поблажке",
        "strDesc": "[us] говорит, что если давать поблажку каждому комику здесь, то [us-subj] потеряет свою работу. [us] просит [them] оплатить сбор, если он хочет покинуть станцию.",
        "strActionGroup": "Talk",
        "strTargetPoint": null,
        "fTargetPointRange": 2,
        "strAnim": "Use",
        "strBubble": "BblTalk",
        "strColor": "Dialogue",
        "bSocial": true,
        "bRandomInverse": true,
        "bIgnoreFeelings": true,
        "aInverse": [
            "SocialCombatExit,[us],[them]"
        ],
        "fDuration": 0.0005,
        "strThemType": "Other",
        "nLogging": 1,
        "bHumanOnly": false,
        "LootCTsUs": "CTLeaveSocialCombat",
        "LootCTsThem": "CTLeaveSocialCombat",
        "CTTestUs": null,
        "CTTestThem": null,
        "LootCondsThem": "CONDFailedPortAuth"
    },
    {
        "strName": "SOCPortAuthorityFinisherPromise",
        "strTitle": "Пообещать заплатить позже",
        "strDesc": "[us] просит [them] списать стыковочный сбор, чтобы [us-subj] мог заняться своим срочным делом. [us] обещает, что [us-subj] оплатит сбор при следующей стыковке.",
        "strActionGroup": "Talk",
        "strTargetPoint": "talk",
        "fTargetPointRange": 2,
        "strAnim": "Use",
        "strBubble": "BblTalk",
        "strColor": "Dialogue",
        "bSocial": true,
        "bRandomInverse": true,
        "aInverse": [
            "SOCPortAuthorityFinisherPromiseSuccumb",
            "SOCPortAuthorityFinisherPromiseResist"
        ],
        "nMoveType": 1,
        "bGambit": true,
        "fDuration": 0.0005,
        "strThemType": "Other",
        "nLogging": 1,
        "bHumanOnly": false,
        "LootCTsUs": null,
        "LootCTsThem": null,
        "CTTestUs": null,
        "CTTestThem": null
    },
    {
        "strName": "SOCPortAuthorityFinisherPromiseSuccumb",
        "strTitle": "Уступить: обещание оплаты",
        "strDesc": "[us] сужает глаза, бросает взгляд через плечо и говорит, что [us-subj] спишет стыковочный сбор в этом единственном случае.",
        "strActionGroup": "Talk",
        "strTargetPoint": null,
        "fTargetPointRange": 2,
        "strAnim": "Use",
        "strBubble": "BblTalk",
        "strColor": "Dialogue",
        "bSocial": true,
        "bIgnoreFeelings": true,
        "aInverse": [
            "SocialCombatExit,[us],[them]"
        ],
        "nMoveType": 3,
        "fDuration": 0.0005,
        "strThemType": "Other",
        "nLogging": 1,
        "bHumanOnly": false,
        "LootCTsUs": "CTLeaveSocialCombat",
        "LootCTsThem": "CTWinSocialCombatDocking",
        "CTTestUs": "TIsCTSOCPortAuthorityPromiseSuccomb",
        "CTTestThem": null
    },
    {
        "strName": "SOCPortAuthorityFinisherPromiseResist",
        "strTitle": "Отказать: обещание оплаты",
        "strDesc": "[us] отклоняет и говорит, что если бы [us-subj] нарушал правила каждый раз, когда кто-то в беде, никто бы не платил стыковочный сбор.",
        "strActionGroup": "Talk",
        "strTargetPoint": null,
        "fTargetPointRange": 2,
        "strAnim": "Use",
        "strBubble": "BblTalk",
        "strColor": "Dialogue",
        "bSocial": true,
        "bIgnoreFeelings": true,
        "aInverse": [
            "SocialCombatExit,[us],[them]"
        ],
        "fDuration": 0.0005,
        "strThemType": "Other",
        "nLogging": 1,
        "bHumanOnly": false,
        "LootCTsUs": "CTLeaveSocialCombat",
        "LootCTsThem": "CTLeaveSocialCombat",
        "CTTestUs": null,
        "CTTestThem": null,
        "LootCondsThem": "CONDFailedPortAuth"
    },
    {
        "strName": "SOCPortAuthorityFinisherReportToManager",
        "strTitle": "Угрожать вызвать менеджера",
        "strDesc": "[us] говорит, что если [them] не может разобраться с этим ошибочным списанием, то [us-subj] придётся вызвать менеджера, который сможет.",
        "strActionGroup": "Talk",
        "strTargetPoint": "talk",
        "fTargetPointRange": 2,
        "strAnim": "Use",
        "strBubble": "BblTalk",
        "strColor": "Dialogue",
        "bSocial": true,
        "bRandomInverse": true,
        "aInverse": [
            "SOCPortAuthorityFinisherReportToManagerSuccumb",
            "SOCPortAuthorityFinisherReportToManagerResist"
        ],
        "nMoveType": 1,
        "bGambit": true,
        "fDuration": 0.0005,
        "strThemType": "Other",
        "nLogging": 1,
        "bHumanOnly": false,
        "LootCTsUs": null,
        "LootCTsThem": null,
        "CTTestUs": null,
        "CTTestThem": null
    },
    {
        "strName": "SOCPortAuthorityFinisherReportToManagerSuccumb",
        "strTitle": "Уступить: угроза вызвать менеджера",
        "strDesc": "[us] вздыхает и говорит, что нет нужды вызывать менеджера. [us] говорит, что можно отстыковаться один раз, но сбор останется в записях, пока не будет оплачен.",
        "strActionGroup": "Talk",
        "strTargetPoint": null,
        "fTargetPointRange": 2,
        "strAnim": "Use",
        "strBubble": "BblTalk",
        "strColor": "Dialogue",
        "bSocial": true,
        "bIgnoreFeelings": true,
        "aInverse": [
            "SocialCombatExit,[us],[them]"
        ],
        "nMoveType": 3,
        "fDuration": 0.0005,
        "strThemType": "Other",
        "nLogging": 1,
        "bHumanOnly": false,
        "LootCTsUs": "CTLeaveSocialCombat",
        "LootCTsThem": "CTWinSocialCombatDocking",
        "CTTestUs": "TIsCTSOCPortAuthorityManagerSuccomb",
        "CTTestThem": null
    },
    {
        "strName": "SOCPortAuthorityFinisherReportToManagerResist",
        "strTitle": "Отказать: угроза вызвать менеджера",
        "strDesc": "[us] говорит, что [them] может найти менеджера и вернуться, когда [them-subj] его найдёт.",
        "strActionGroup": "Talk",
        "strTargetPoint": null,
        "fTargetPointRange": 2,
        "strAnim": "Use",
        "strBubble": "BblTalk",
        "strColor": "Dialogue",
        "bSocial": true,
        "bIgnoreFeelings": true,
        "aInverse": [
            "SocialCombatExit,[us],[them]"
        ],
        "fDuration": 0.0005,
        "strThemType": "Other",
        "nLogging": 1,
        "bHumanOnly": false,
        "LootCTsUs": "CTLeaveSocialCombat",
        "LootCTsThem": "CTLeaveSocialCombat",
        "CTTestUs": null,
        "CTTestThem": null,
        "LootCondsThem": "CONDFailedPortAuth"
    },
    {
        "strName": "SOCPortAuthorityPrivacyFail",
        "strTitle": "Сказать им проваливать",
        "strDesc": "[us] говорит, что если [them] пришёл не платить сбор, то пора двигаться дальше, чтобы [us-subj] мог вернуться к работе.",
        "strActionGroup": "Talk",
        "strTargetPoint": "talk",
        "fTargetPointRange": 2,
        "strAnim": "Use",
        "strBubble": "BblTalk",
        "strColor": "Dialogue",
        "bSocial": true,
        "bIgnoreFeelings": true,
        "nMoveType": 2,
        "aInverse": [
            "SocialCombatExit,[us],[them]"
        ],
        "fDuration": 0.0005,
        "strThemType": "Other",
        "nLogging": 1,
        "bHumanOnly": false,
        "LootCTsUs": "CTSOCPortAuthorityPrivacyFailLoot",
        "LootCTsThem": "CTLeaveSocialCombat",
        "CTTestUs": "TIsCTSOCPortAuthorityPrivacyFail",
        "CTTestThem": null,
        "fForcedChance": 0.9,
        "LootCondsThem": "CONDFailedPortAuth"
    },
    {
        "strName": "SOCPortAuthorityAutonomyFail",
        "strTitle": "Заявить о полномочиях",
        "strDesc": "[us] говорит, что стыковочные сборы начисляются по своему собственному усмотрению, и что в случае [them-pos] решение окончательное.",
        "strActionGroup": "Talk",
        "strTargetPoint": "talk",
        "fTargetPointRange": 2,
        "strAnim": "Use",
        "strBubble": "BblTalk",
        "strColor": "Dialogue",
        "bSocial": true,
        "bIgnoreFeelings": true,
        "nMoveType": 2,
        "aInverse": [
            "SocialCombatExit,[us],[them]"
        ],
        "fDuration": 0.0005,
        "strThemType": "Other",
        "nLogging": 1,
        "bHumanOnly": false,
        "LootCTsUs": "CTSOCPortAuthorityAutonomyFailLoot",
        "LootCTsThem": "CTLeaveSocialCombat",
        "CTTestUs": "TDiscomfortsAutonomy",
        "CTTestThem": null,
        "fForcedChance": 0.9,
        "LootCondsThem": "CONDFailedPortAuth"
    }
]