[
  {
    "strName": "ACTCombatBlock",
    "strTitle": "Блокировать атаки",
    "strDesc": "[us] готовится блокировать входящие атаки.",
    "strActionGroup": "Fight",
    "strTooltip": "Снижает урон от следующей входящей атаки на короткое время. Менее утомительно, чем уклонение.",
    "strTargetPoint": null,
    "fTargetPointRange": 0,
    "strAnim": "Block",
    "strIdleAnim": null,
    "strBubble": "BblTime",
    "strColor": "Neutral",
    "aInverse": ["ACTCombatBlockCont,[us],[them]"],
    "fDuration": 0.0,
    "strThemType": "Other",
    "nLogging": 1,
    "bOpener": false,
    "bHumanOnly": false,
    "bIgnoreFeelings": true,
    "bNoWait": true,
    "LootCTsUs": "CTACTCombatBlock",
    "LootCTsThem": null,
    "CTTestUs": "TCanBlock",
    "CTTestThem": "TIsValidMeleeTarget",
    "aLootItms": []
  },
  {
    "strName": "ACTCombatBlockCont",
    "strTitle": "Блокирует",
    "strDesc": "Попытка блокировать входящие атаки.",
    "strActionGroup": "Fight",
    "strTargetPoint": null,
    "fTargetPointRange": 0,
    "strAnim": "Block",
    "strIdleAnim": null,
    "strBubble": "BblTime",
    "strColor": "Neutral",
    "aInverse": ["ACTCombatBlockEnd,[us],[them]"],
    "fDuration": 0.00278,
    "strThemType": "Other",
    "strCancelInteraction": "ACTCombatBlockEnd",
    "nLogging": 0,
    "bOpener": false,
    "bHumanOnly": false,
    "bIgnoreFeelings": true,
    "bNoWait": true,
    "CTTestUs": "TIsHumanAwake",
    "aLootItms": []
  },
  {
    "strName": "ACTCombatBlockEnd",
    "strTitle": "Конец блокирования",
    "strDesc": "[us] прекращает блокировать входящие атаки.",
    "strActionGroup": "Fight",
    "strTargetPoint": null,
    "fTargetPointRange": 0,
    "strAnim": null,
    "strIdleAnim": null,
    "strBubble": null,
    "strColor": "Neutral",
    "aInverse": [],
    "fDuration": 0.0,
    "strThemType": "Other",
    "nLogging": 0,
    "bOpener": false,
    "bHumanOnly": false,
    "bIgnoreFeelings": true,
    "bNoWait": true,
    "LootCTsUs": "CTACTCombatBlockEnd",
    "aLootItms": []
  },
  {
    "strName": "ACTCombatDodge",
    "strTitle": "Уклоняться от атак",
    "strDesc": "Попытка уклоняться от входящих атак.",
    "strActionGroup": "Fight",
    "strTooltip": "Снижает точность следующей входящей атаки на короткое время. Более утомительно, чем блокирование.",
    "strTargetPoint": null,
    "fTargetPointRange": 0,
    "strAnim": "Dodge",
    "strIdleAnim": null,
    "strBubble": "BblTime",
    "strColor": "Neutral",
    "aInverse": ["ACTCombatDodgeCont,[us],[them]"],
    "fDuration": 0.0,
    "strThemType": "Other",
    "nLogging": 1,
    "bOpener": false,
    "bHumanOnly": false,
    "bIgnoreFeelings": true,
    "bNoWait": true,
    "LootCTsUs": "CTACTCombatDodge",
    "LootCTsThem": null,
    "CTTestUs": "TCanDodge",
    "CTTestThem": "TIsValidMeleeTarget",
    "aLootItms": []
  },
  {
    "strName": "ACTCombatDodgeCont",
    "strTitle": "Уклоняется",
    "strDesc": "Попытка уклоняться от входящих атак.",
    "strActionGroup": "Fight",
    "strTargetPoint": null,
    "fTargetPointRange": 0,
    "strAnim": "Dodge",
    "strIdleAnim": null,
    "strBubble": "BblTime",
    "strColor": "Neutral",
    "aInverse": ["ACTCombatDodgeEnd,[us],[them]"],
    "fDuration": 0.00278,
    "strThemType": "Other",
    "strCancelInteraction": "ACTCombatDodgeEnd",
    "nLogging": 0,
    "bOpener": false,
    "bHumanOnly": false,
    "bIgnoreFeelings": true,
    "bNoWait": true,
    "CTTestUs": "TIsHumanAwake",
    "aLootItms": []
  },
  {
    "strName": "ACTCombatDodgeEnd",
    "strTitle": "Конец уклонения",
    "strDesc": "[us] прекращает уклоняться от входящих атак.",
    "strActionGroup": "Fight",
    "strTargetPoint": null,
    "fTargetPointRange": 0,
    "strAnim": null,
    "strIdleAnim": null,
    "strBubble": null,
    "strColor": "Neutral",
    "aInverse": [],
    "fDuration": 0.0,
    "strThemType": "Other",
    "strCancelInteraction": "ACTCombatBlockEnd",
    "nLogging": 0,
    "bOpener": false,
    "bHumanOnly": false,
    "bIgnoreFeelings": true,
    "bNoWait": true,
    "LootCTsUs": "CTACTCombatDodgeEnd",
    "aLootItms": []
  },
  {
    "strName": "ACTCombatLegTrip",
    "strTitle": "Подножка",
    "strDesc": "Попытка подсечь [them].",
    "strTooltip": "Попытка подножки цели. Атакующий должен стоять и быть обучен безоружному бою.\nПри попадании цель падает и оглушается на мгновение.",
    "strActionGroup": "Fight",
    "strAttackMode": "AModeTrip",
    "strTargetPoint": "use",
    "fTargetPointRange": 1,
    "strAnim": null,
    "strAnimTrig": null,
    "strIdleAnim": null,
    "strBubble": "BblAttack",
    "strMapIcon": "IcoMelee",
    "strColor": "StatusRed",
    "aInverse": [],
    "aLoSReactions": ["ACTWitnessCancel,[them],[us]"],
    "strIAHit": "ACTCombatLegTripSuccess",
    "strIAMiss": "ACTCombatLegTripFail",
    "fDuration": 0.0003,
    "strThemType": "Other",
    "nLogging": 2,
    "bSocial": true,
    "bOpener": true,
    "bHumanOnly": false,
    "bIgnoreFeelings": true,
    "bNoWait": true,
    "bPause": false,
    "bInterrupt": false,
    "LootCondsUs": "CONDACTCombatPullDownAttacker",
    "LootCondsThem": "CONDACTCombatPullDownVictim",
    "strCrime": "assault",
    "CTTestUs": "TCanCombatLegTrip",
    "CTTestThem": "TIsValidMeleeTargetNotProne",
    "fFactionScoreChangeThem": -5,
    "strPledgeAddThem": "AICombat",
    "aLootItms": []
  },
  {
    "strName": "ACTCombatLegTripFail",
    "strTitle": "Подножка промах",
    "strDesc": "[us] не смог повалить [them].",
    "strTooltip": "Не удалось прервать и сбить цель.",
    "strActionGroup": "Fight",
    "strTargetPoint": "use",
    "fTargetPointRange": 0,
    "strBubble": "BblAttack",
    "strMapIcon": "IcoMelee",
    "strColor": "StatusRed",
    "aInverse": [],
    "fDuration": 0.0,
    "strThemType": "Other",
    "nLogging": 2,
    "bOpener": false,
    "bHumanOnly": false,
    "bIgnoreFeelings": false,
    "bNoWait": true,
    "bInterrupt": false,
    "LootCondsUs": "CONDACTCombatPullDownMissAttacker",
    "LootCondsThem": "CONDACTCombatPullDownMissVictim",
    "CTTestUs": null,
    "CTTestThem": null
  },
  {
    "strName": "ACTCombatLegTripSuccess",
    "strTitle": "Подножка попала",
    "strDesc": "[us] успешно подсекает [them].",
    "strTooltip": "Успешно прервать и сбить цель.",
    "strActionGroup": "Fight",
    "strTargetPoint": null,
    "fTargetPointRange": 0,
    "strBubble": "BblAttack",
    "strMapIcon": "IcoMelee",
    "strColor": "StatusRed",
    "aInverse": [],
    "fDuration": 0.0,
    "strThemType": "Other",
    "nLogging": 2,
    "bOpener": false,
    "bHumanOnly": false,
    "bIgnoreFeelings": false,
    "bNoWait": true,
    "bInterrupt": true,
    "LootCondsUs": "CONDACTCombatPullDownHitAttacker",
    "LootCondsThem": "CONDACTCombatPullDownHitVictim",
    "CTTestUs": null,
    "CTTestThem": null
  },
  {
    "strName": "ACTShipKnockDown",
    "strTitle": "Сбить экипаж",
    "strDesc": "[us] сбит с ног внезапным движением корабля.",
    "strTooltip": "Цель сбита с ног.",
    "strActionGroup": "Fight",
    "strTargetPoint": null,
    "fTargetPointRange": 0,
    "strBubble": "BblAttack",
    "strMapIcon": "IcoMelee",
    "strColor": "StatusRed",
    "aInverse": ["ACTShipKnockDownDone"],
    "fDuration": 0.0,
    "strThemType": "Self",
    "nLogging": 2,
    "bOpener": false,
    "bHumanOnly": false,
    "bIgnoreFeelings": true,
    "bNoWait": true,
    "bInterrupt": true,
    "LootCondsUs": "CONDACTCombatPullDownHitVictim",
    "LootCondsThem": null,
    "CTTestUs": "TIsShipKnockDownTarget",
    "CTTestThem": null
  },
  {
    "strName": "ACTShipKnockDownDone",
    "strTitle": "Экипаж сбит",
    "strDesc": "Падение от внезапного движения корабля завершено.",
    "strTooltip": "Цель заканчивает падение.",
    "strActionGroup": "Fight",
    "strTargetPoint": null,
    "strAnim": "Fallen",
    "fTargetPointRange": 0,
    "strBubble": "BblAttack",
    "strMapIcon": "IcoMelee",
    "strColor": "StatusRed",
    "aInverse": [],
    "fDuration": 0.00083,
    "strThemType": "Self",
    "nLogging": 0,
    "bOpener": false,
    "bHumanOnly": false,
    "bIgnoreFeelings": true,
    "LootCondsUs": null,
    "LootCondsThem": null,
    "CTTestUs": null,
    "CTTestThem": null
  },
  {
    "strName": "ACTCombatPullDown",
    "strTitle": "Стянуть вниз",
    "strDesc": "Попытка стянуть вниз [them].",
    "strTooltip": "Попытка повалить стоящую цель. Атакующий должен лежать.\nПри успехе цель падает и оглушается на мгновение. Не всегда доступно.",
    "strActionGroup": "Fight",
    "strAttackMode": "AModeTrip",
    "fTargetPointRange": 2,
    "strAnim": null,
    "strAnimTrig": null,
    "strIdleAnim": null,
    "strBubble": "BblAttack",
    "strMapIcon": "IcoMelee",
    "strColor": "StatusRed",
    "aInverse": [],
    "aLoSReactions": ["ACTWitnessCancel,[them],[us]"],
    "strIAHit": "ACTCombatPullDownSuccess",
    "strIAMiss": "ACTCombatPullDownFail",
    "fDuration": 0.000139,
    "strThemType": "Other",
    "nLogging": 2,
    "bSocial": true,
    "bOpener": true,
    "bHumanOnly": false,
    "bIgnoreFeelings": true,
    "bNoWait": true,
    "bPause": false,
    "bInterrupt": false,
    "LootCondsUs": "CONDACTCombatPullDownAttacker",
    "LootCondsThem": "CONDACTCombatPullDownVictim",
    "strCrime": "assault",
    "CTTestUs": "TCanCombatPullDown",
    "CTTestThem": "TIsValidMeleeTargetNotProne",
    "fFactionScoreChangeThem": -5,
    "strPledgeAddThem": "AICombat",
    "aLootItms": []
  },
  {
    "strName": "ACTCombatPullDownFail",
    "strTitle": "Не смог стянуть",
    "strDesc": "[us] не смог повалить [them].",
    "strTooltip": "Не удалось прервать и сбить цель.",
    "strActionGroup": "Fight",
    "strTargetPoint": null,
    "fTargetPointRange": 0,
    "strBubble": "BblAttack",
    "strMapIcon": "IcoMelee",
    "strColor": "StatusRed",
    "aInverse": [],
    "fDuration": 0.0,
    "strThemType": "Other",
    "nLogging": 2,
    "bOpener": false,
    "bHumanOnly": false,
    "bIgnoreFeelings": false,
    "bNoWait": true,
    "bInterrupt": false,
    "LootCondsUs": "CONDACTCombatPullDownMissAttacker",
    "LootCondsThem": "CONDACTCombatPullDownMissVictim",
    "CTTestUs": null,
    "CTTestThem": null
  },
  {
    "strName": "ACTCombatPullDownSuccess",
    "strTitle": "Стянул вниз",
    "strDesc": "[us] успешно выводит из равновесия [them].",
    "strTooltip": "Успешно прервать и сбить цель.",
    "strActionGroup": "Fight",
    "strTargetPoint": null,
    "fTargetPointRange": 0,
    "strBubble": "BblAttack",
    "strMapIcon": "IcoMelee",
    "strColor": "StatusRed",
    "aInverse": [],
    "fDuration": 0.0,
    "strThemType": "Other",
    "nLogging": 2,
    "bOpener": false,
    "bHumanOnly": false,
    "bIgnoreFeelings": false,
    "bNoWait": true,
    "bInterrupt": true,
    "LootCondsUs": "CONDACTCombatPullDownHitAttacker",
    "LootCondsThem": "CONDACTCombatPullDownHitVictim",
    "CTTestUs": null,
    "CTTestThem": null
  },
  {
    "strName": "ACTCombatTakeDown",
    "strTitle": "Захват",
    "strDesc": "Попытка сбить с ног [them].",
    "strTooltip": "Попытка захватить цель. Атакующий падает.\nПри успехе цель падает и оглушается на мгновение.",
    "strActionGroup": "Fight",
    "strTargetPoint": "use",
    "strAttackMode": "AModeTakeDown",
    "fTargetPointRange": 3,
    "strAnim": "Fallen",
    "strAnimTrig": null,
    "strIdleAnim": "Idle",
    "strBubble": "BblAttack",
    "strMapIcon": "IcoMelee",
    "strColor": "StatusRed",
    "aInverse": [],
    "aLoSReactions": ["ACTWitnessCancel,[them],[us]"],
    "strIAHit": "ACTCombatTakeDownSuccess",
    "strIAMiss": "ACTCombatTakeDownFail",
    "fDuration": 0.000139,
    "strThemType": "Other",
    "nLogging": 2,
    "bSocial": true,
    "bOpener": true,
    "bHumanOnly": false,
    "bIgnoreFeelings": true,
    "bNoWait": true,
    "bPause": false,
    "bInterrupt": false,
    "LootCondsUs": "CONDACTCombatTackleAttacker",
    "LootCondsThem": "CONDACTCombatTackleVictim",
    "strCrime": "assault",
    "CTTestUs": "TCanAttackMelee",
    "CTTestThem": "TIsValidTackleTarget",
    "fFactionScoreChangeThem": -5,
    "strPledgeAddThem": "AICombat",
    "aLootItms": []
  },
  {
    "strName": "ACTCombatTakeDownFail",
    "strTitle": "Захват промах",
    "strDesc": "[us] терпит неудачу сбить с ног [them].",
    "strTooltip": "Не удалось прервать и сбить цель, вместо этого упасть самому.",
    "strActionGroup": "Fight",
    "strTargetPoint": null,
    "fTargetPointRange": 0,
    "strBubble": "BblAttack",
    "strMapIcon": "IcoMelee",
    "strColor": "StatusRed",
    "aInverse": [],
    "fDuration": 0.0,
    "strThemType": "Other",
    "nLogging": 2,
    "bOpener": false,
    "bHumanOnly": false,
    "bIgnoreFeelings": false,
    "bNoWait": true,
    "bInterrupt": false,
    "LootCondsUs": "CONDACTCombatTackleMissAttacker",
    "LootCondsThem": "CONDACTCombatTackleMissVictim",
    "CTTestUs": null,
    "CTTestThem": null
  },
  {
    "strName": "ACTCombatTakeDownSuccess",
    "strTitle": "Захват удался",
    "strDesc": "[us] успешно захватывает [them].",
    "strTooltip": "Успешно прервать и сбить цель.",
    "strActionGroup": "Fight",
    "strTargetPoint": null,
    "fTargetPointRange": 0,
    "strBubble": "BblAttack",
    "strMapIcon": "IcoMelee",
    "strColor": "StatusRed",
    "aInverse": [],
    "fDuration": 0.0,
    "strThemType": "Other",
    "nLogging": 2,
    "bOpener": false,
    "bHumanOnly": false,
    "bIgnoreFeelings": false,
    "bNoWait": true,
    "bInterrupt": true,
    "LootCondsUs": "CONDACTCombatTackleHitAttacker",
    "LootCondsThem": "CONDACTCombatTackleHitVictim",
    "CTTestUs": null,
    "CTTestThem": null
  },
  {
    "strName": "ACTStandUp",
    "strTitle": "Встать",
    "strDesc": "[us] встаёт из лежачего положения.",
    "strTooltip": "Встать и прекратить состояние лёжа.",
    "strActionGroup": "Fight",
    "strTargetPoint": null,
    "fTargetPointRange": 0,
    "strAnim": "Idle",
    "strAnimTrig": null,
    "strIdleAnim": "Idle",
    "aInverse": [],
    "fDuration": 0.0002,
    "strThemType": "Self",
    "nLogging": 2,
    "bSocial": true,
    "bOpener": true,
    "bHumanOnly": false,
    "bIgnoreFeelings": true,
    "bNoWait": true,
    "LootCTsUs": "CTACTStandUp",
    "CTTestUs": "TIsProneAwake",
    "aLootItms": []
  },
  {
    "strName": "ACTStandUpTarget",
    "strTitle": "Встать",
    "strDesc": "[us] встаёт из лежачего положения.",
    "strTooltip": "Встать и прекратить состояние лёжа.",
    "strActionGroup": "Fight",
    "strTargetPoint": null,
    "fTargetPointRange": 0,
    "strAnim": "Idle",
    "strAnimTrig": null,
    "strIdleAnim": "Idle",
    "aInverse": [],
    "fDuration": 0.0002,
    "strThemType": "Other",
    "nLogging": 2,
    "bSocial": true,
    "bOpener": true,
    "bHumanOnly": false,
    "bIgnoreFeelings": true,
    "bNoWait": true,
    "LootCTsUs": "CTACTStandUp",
    "CTTestUs": "TIsProneAwake",
    "aLootItms": []
  },
  {
    "strName": "ACTMelee",
    "strTitle": "Безоружный: сильный",
    "strDesc": "[us] мощно бьёт [them].",
    "strTooltip": "Попытка медленной и мощной безоружной атаки в ближнем бою.",
    "strActionGroup": "Fight",
    "strTargetPoint": "use",
    "fTargetPointRange": 1,
    "strAnim": null,
    "strAnimTrig": "MeleeBig",
    "strIdleAnim": null,
    "strBubble": "BblAttack",
    "strMapIcon": "IcoMelee",
    "strColor": "StatusRed",
    "aInverse": ["ACTMeleeMeat,[us],[them]"],
    "aLoSReactions": ["ACTWitnessCancel,[them],[us]"],
    "fDuration": 0.0003,
    "strThemType": "Other",
    "nLogging": 2,
    "bSocial": true,
    "bOpener": false,
    "bHumanOnly": false,
    "bIgnoreFeelings": true,
    "bNoWait": true,
    "bInterrupt": true,
    "LootCTsUs": "CTACTMeleeAttacker",
    "LootCTsThem": "CTACTMeleeVictim",
    "strCrime": "assault",
    "CTTestUs": "TCanAttackMeleePunchStrong",
    "CTTestThem": "TIsValidMeleeTarget",
    "fFactionScoreChangeThem": -10,
    "strLootRELChangeThemSeesUs": "RELSOCViolenceEnemyChance",
    "strPledgeAddThem": "AICombat",
    "aLootItms": []
  },
  {
    "strName": "ACTMeleeTired",
    "strTitle": "Усталый безоружный: сильный",
    "strDesc": "[us] устало бьёт [them].",
    "strTooltip": "Попытка медленной и мощной безоружной атаки в ближнем бою в состоянии замедления и ослабления от усталости.",
    "strActionGroup": "Fight",
    "strTargetPoint": "use",
    "fTargetPointRange": 1,
    "strAnim": null,
    "strAnimTrig": "MeleeBigSlow",
    "strIdleAnim": null,
    "strBubble": "BblAttack",
    "strMapIcon": "IcoMelee",
    "strColor": "StatusRed",
    "aInverse": ["ACTMeleeMeat,[us],[them]"],
    "aLoSReactions": ["ACTWitnessCancel,[them],[us]"],
    "fDuration": 0.00045,
    "strThemType": "Other",
    "nLogging": 2,
    "bSocial": true,
    "bOpener": false,
    "bHumanOnly": false,
    "bIgnoreFeelings": true,
    "bNoWait": true,
    "bInterrupt": true,
    "LootCTsUs": "CTACTMeleeAttacker",
    "LootCTsThem": "CTACTMeleeVictim",
    "strCrime": "assault",
    "CTTestUs": "TCanAttackMeleePunchStrongTired",
    "CTTestThem": "TIsValidMeleeTarget",
    "fFactionScoreChangeThem": -10,
    "strLootRELChangeThemSeesUs": "RELSOCViolenceEnemyChance",
    "strPledgeAddThem": "AICombat",
    "aLootItms": []
  },
  {
    "strName": "ACTMeleeWeapon",
    "strTitle": "Ближний удар:",
    "strDesc": "Попытка мощно ударить [them].",
    "strTooltip": "Попытка атаковать удерживаемым предметом в ближнем бою для стандартных ударов.",
    "strActionGroup": "Fight",
    "strTargetPoint": "use",
    "fTargetPointRange": 1,
    "strUseCase": "Melee",
    "strAnim": null,
    "strAnimTrig": "MeleeBig",
    "strIdleAnim": null,
    "strBubble": "BblAttack",
    "strMapIcon": "IcoMelee",
    "strColor": "StatusRed",
    "aInverse": ["ACTMeleeMeat,[us],[them]"],
    "aLoSReactions": ["ACTWitnessCancel,[them],[us]"],
    "fDuration": 0.0003,
    "strThemType": "Other",
    "nLogging": 2,
    "bSocial": true,
    "bOpener": false,
    "bHumanOnly": false,
    "bIgnoreFeelings": true,
    "bNoWait": true,
    "bInterrupt": true,
    "LootCTsUs": "CTACTMeleeWeaponAttacker",
    "LootCTsThem": "CTACTMeleeVictim",
    "strCrime": "assault",
    "CTTestUs": "TCanAttackMelee",
    "CTTestThem": "TIsValidMeleeTarget",
    "fFactionScoreChangeThem": -10,
    "strLootRELChangeThemSeesUs": "RELSOCViolenceEnemyChance",
    "strPledgeAddThem": "AICombat",
    "aLootItms": []
  },
  {
    "strName": "ACTMeleeWeaponTired",
    "strTitle": "Усталый ближний удар:",
    "strDesc": "[us] устало пытается ударить [them].",
    "strTooltip": "Попытка атаковать удерживаемым предметом в ближнем бою для стандартных ударов в состоянии замедления и ослабления от усталости.",
    "strActionGroup": "Fight",
    "strTargetPoint": "use",
    "fTargetPointRange": 1,
    "strUseCase": "Melee",
    "strAnim": null,
    "strAnimTrig": "MeleeBigSlow",
    "strIdleAnim": null,
    "strBubble": "BblAttack",
    "strMapIcon": "IcoMelee",
    "strColor": "StatusRed",
    "aInverse": ["ACTMeleeMeat,[us],[them]"],
    "aLoSReactions": ["ACTWitnessCancel,[them],[us]"],
    "fDuration": 0.00045,
    "strThemType": "Other",
    "nLogging": 2,
    "bSocial": true,
    "bOpener": false,
    "bHumanOnly": false,
    "bIgnoreFeelings": true,
    "bNoWait": true,
    "bInterrupt": true,
    "LootCTsUs": "CTACTMeleeWeaponAttacker",
    "LootCTsThem": "CTACTMeleeVictim",
    "strCrime": "assault",
    "CTTestUs": "TCanAttackMeleeTired",
    "CTTestThem": "TIsValidMeleeTarget",
    "fFactionScoreChangeThem": -10,
    "strLootRELChangeThemSeesUs": "RELSOCViolenceEnemyChance",
    "strPledgeAddThem": "AICombat",
    "aLootItms": []
  },
  {
    "strName": "ACTMeleeWeaponShaft",
    "strTitle": "Размах:",
    "strDesc": "[us] замахивается на [them].",
    "strTooltip": "Попытка атаковать в ближнем бою длинным предметом для мощных ударов.",
    "strActionGroup": "Fight",
    "strTargetPoint": "use",
    "fTargetPointRange": 1,
    "strUseCase": "Melee",
    "strAnim": null,
    "strAnimTrig": "MeleeBig",
    "strIdleAnim": null,
    "strBubble": "BblAttack",
    "strMapIcon": "IcoMelee",
    "strColor": "StatusRed",
    "aInverse": ["ACTMeleeMeat,[us],[them]"],
    "aLoSReactions": ["ACTWitnessCancel,[them],[us]"],
    "fDuration": 0.0003,
    "strThemType": "Other",
    "nLogging": 2,
    "bSocial": true,
    "bOpener": false,
    "bHumanOnly": false,
    "bIgnoreFeelings": true,
    "bNoWait": true,
    "bInterrupt": true,
    "LootCTsUs": "CTACTMeleeWeaponAttacker",
    "LootCTsThem": "CTACTMeleeVictim",
    "strCrime": "assault",
    "CTTestUs": "TCanAttackMelee",
    "CTTestThem": "TIsValidMeleeTarget",
    "fFactionScoreChangeThem": -10,
    "strLootRELChangeThemSeesUs": "RELSOCViolenceEnemyChance",
    "strPledgeAddThem": "AICombat",
    "aLootItms": []
  },
  {
    "strName": "ACTMeleeWeaponShaftTired",
    "strTitle": "Усталый размах:",
    "strDesc": "[us] устало замахивается на [them].",
    "strTooltip": "Попытка атаковать в ближнем бою длинным предметом для мощных ударов в состоянии замедления и ослабления от усталости.",
    "strActionGroup": "Fight",
    "strTargetPoint": "use",
    "fTargetPointRange": 1,
    "strUseCase": "Melee",
    "strAnim": null,
    "strAnimTrig": "MeleeBigSlow",
    "strIdleAnim": null,
    "strBubble": "BblAttack",
    "strMapIcon": "IcoMelee",
    "strColor": "StatusRed",
    "aInverse": ["ACTMeleeMeat,[us],[them]"],
    "aLoSReactions": ["ACTWitnessCancel,[them],[us]"],
    "fDuration": 0.00045,
    "strThemType": "Other",
    "nLogging": 2,
    "bSocial": true,
    "bOpener": false,
    "bHumanOnly": false,
    "bIgnoreFeelings": true,
    "bNoWait": true,
    "bInterrupt": true,
    "LootCTsUs": "CTACTMeleeWeaponAttacker",
    "LootCTsThem": "CTACTMeleeVictim",
    "strCrime": "assault",
    "CTTestUs": "TCanAttackMeleeTired",
    "CTTestThem": "TIsValidMeleeTarget",
    "fFactionScoreChangeThem": -10,
    "strLootRELChangeThemSeesUs": "RELSOCViolenceEnemyChance",
    "strPledgeAddThem": "AICombat",
    "aLootItms": []
  },
  {
    "strName": "ACTMeleeWeaponSharp",
    "strTitle": "Рубящий удар:",
    "strDesc": "Попытка порезать [them].",
    "strTooltip": "Попытка нанести режущие и кровоточащие раны острым краем.",
    "strActionGroup": "Fight",
    "strTargetPoint": "use",
    "fTargetPointRange": 1,
    "strUseCase": "Melee",
    "strAnim": null,
    "strAnimTrig": "MeleeBig",
    "strIdleAnim": null,
    "strBubble": "BblAttack",
    "strMapIcon": "IcoMelee",
    "strColor": "StatusRed",
    "aInverse": ["ACTMeleeMeat,[us],[them]"],
    "aLoSReactions": ["ACTWitnessCancel,[them],[us]"],
    "fDuration": 0.0003,
    "strThemType": "Other",
    "nLogging": 2,
    "bSocial": true,
    "bOpener": false,
    "bHumanOnly": false,
    "bIgnoreFeelings": true,
    "bNoWait": true,
    "bInterrupt": true,
    "LootCTsUs": "CTACTMeleeWeaponAttacker",
    "LootCTsThem": "CTACTMeleeVictim",
    "strCrime": "assault",
    "CTTestUs": "TCanAttackMelee",
    "CTTestThem": "TIsValidMeleeTarget",
    "fFactionScoreChangeThem": -10,
    "strLootRELChangeThemSeesUs": "RELSOCViolenceEnemyChance",
    "strPledgeAddThem": "AICombat",
    "aLootItms": []
  },
  {
    "strName": "ACTMeleeWeaponSharpTired",
    "strTitle": "Усталый рубящий удар:",
    "strDesc": "[us] устало пытается порезать [them].",
    "strTooltip": "Попытка нанести режущие и кровоточащие раны острым краем в состоянии замедления и ослабления от усталости.",
    "strActionGroup": "Fight",
    "strTargetPoint": "use",
    "fTargetPointRange": 1,
    "strUseCase": "Melee",
    "strAnim": null,
    "strAnimTrig": "MeleeBigSlow",
    "strIdleAnim": null,
    "strBubble": "BblAttack",
    "strMapIcon": "IcoMelee",
    "strColor": "StatusRed",
    "aInverse": ["ACTMeleeMeat,[us],[them]"],
    "aLoSReactions": ["ACTWitnessCancel,[them],[us]"],
    "fDuration": 0.00045,
    "strThemType": "Other",
    "nLogging": 2,
    "bSocial": true,
    "bOpener": false,
    "bHumanOnly": false,
    "bIgnoreFeelings": true,
    "bNoWait": true,
    "bInterrupt": true,
    "LootCTsUs": "CTACTMeleeWeaponAttacker",
    "LootCTsThem": "CTACTMeleeVictim",
    "strCrime": "assault",
    "CTTestUs": "TCanAttackMeleeTired",
    "CTTestThem": "TIsValidMeleeTarget",
    "fFactionScoreChangeThem": -10,
    "strLootRELChangeThemSeesUs": "RELSOCViolenceEnemyChance",
    "strPledgeAddThem": "AICombat",
    "aLootItms": []
  },
  {
    "strName": "ACTMeleeWeaponChop",
    "strTitle": "Рубка:",
    "strDesc": "Попытка рубануть [them].",
    "strTooltip": "Попытка нанести режущие, кровоточащие и тупые раны тяжёлым острым краем.",
    "strActionGroup": "Fight",
    "strTargetPoint": "use",
    "fTargetPointRange": 1,
    "strUseCase": "Melee",
    "strAnim": null,
    "strAnimTrig": "MeleeBig",
    "strIdleAnim": null,
    "strBubble": "BblAttack",
    "strMapIcon": "IcoMelee",
    "strColor": "StatusRed",
    "aInverse": ["ACTMeleeMeat,[us],[them]"],
    "aLoSReactions": ["ACTWitnessCancel,[them],[us]"],
    "fDuration": 0.0003,
    "strThemType": "Other",
    "nLogging": 2,
    "bSocial": true,
    "bOpener": false,
    "bHumanOnly": false,
    "bIgnoreFeelings": true,
    "bNoWait": true,
    "bInterrupt": true,
    "LootCTsUs": "CTACTMeleeWeaponAttacker",
    "LootCTsThem": "CTACTMeleeVictim",
    "strCrime": "assault",
    "CTTestUs": "TCanAttackMelee",
    "CTTestThem": "TIsValidMeleeTarget",
    "fFactionScoreChangeThem": -10,
    "strLootRELChangeThemSeesUs": "RELSOCViolenceEnemyChance",
    "strPledgeAddThem": "AICombat",
    "aLootItms": []
  },
  {
    "strName": "ACTMeleeWeaponChopTired",
    "strTitle": "Усталая рубка:",
    "strDesc": "[us] устало пытается рубануть [them].",
    "strTooltip": "Попытка нанести режущие, кровоточащие и тупые раны тяжёлым острым краем в состоянии замедления и ослабления от усталости.",
    "strActionGroup": "Fight",
    "strTargetPoint": "use",
    "fTargetPointRange": 1,
    "strUseCase": "Melee",
    "strAnim": null,
    "strAnimTrig": "MeleeBigSlow",
    "strIdleAnim": null,
    "strBubble": "BblAttack",
    "strMapIcon": "IcoMelee",
    "strColor": "StatusRed",
    "aInverse": ["ACTMeleeMeat,[us],[them]"],
    "aLoSReactions": ["ACTWitnessCancel,[them],[us]"],
    "fDuration": 0.00045,
    "strThemType": "Other",
    "nLogging": 2,
    "bSocial": true,
    "bOpener": false,
    "bHumanOnly": false,
    "bIgnoreFeelings": true,
    "bNoWait": true,
    "bInterrupt": true,
    "LootCTsUs": "CTACTMeleeWeaponAttacker",
    "LootCTsThem": "CTACTMeleeVictim",
    "strCrime": "assault",
    "CTTestUs": "TCanAttackMeleeTired",
    "CTTestThem": "TIsValidMeleeTarget",
    "fFactionScoreChangeThem": -10,
    "strLootRELChangeThemSeesUs": "RELSOCViolenceEnemyChance",
    "strPledgeAddThem": "AICombat",
    "aLootItms": []
  },
  {
    "strName": "ACTMeleeWeaponGrind",
    "strTitle": "Дробление:",
    "strDesc": "Попытка раздробить [them].",
    "strTooltip": "Попытка нанести грубые режущие и кровоточащие раны шлифовальным краем.",
    "strActionGroup": "Fight",
    "strTargetPoint": "use",
    "fTargetPointRange": 1,
    "strUseCase": "MeleeGrind",
    "strAnim": null,
    "strAnimTrig": "MeleeBigSlow",
    "strIdleAnim": null,
    "strBubble": "BblAttack",
    "strMapIcon": "IcoMelee",
    "strColor": "StatusRed",
    "aInverse": ["ACTMeleeMeat,[us],[them]"],
    "aLoSReactions": ["ACTWitnessCancel,[them],[us]"],
    "fDuration": 0.0004,
    "strThemType": "Other",
    "nLogging": 2,
    "bSocial": true,
    "bOpener": false,
    "bHumanOnly": false,
    "bIgnoreFeelings": true,
    "bNoWait": true,
    "bInterrupt": true,
    "LootCTsUs": "CTACTMeleeWeaponAttacker",
    "LootCTsThem": "CTACTMeleeVictim",
    "strCrime": "assault",
    "CTTestUs": "TCanAttackMelee",
    "CTTestThem": "TIsValidMeleeTarget",
    "fFactionScoreChangeThem": -10,
    "strLootRELChangeThemSeesUs": "RELSOCViolenceEnemyChance",
    "strPledgeAddThem": "AICombat",
    "aLootItms": []
  },
  {
    "strName": "ACTMeleeWeaponGrindTired",
    "strTitle": "Усталое дробление:",
    "strDesc": "[us] устало пытается раздробить [them].",
    "strTooltip": "Попытка нанести грубые режущие и кровоточащие раны шлифовальным краем в состоянии замедления и ослабления от усталости.",
    "strActionGroup": "Fight",
    "strTargetPoint": "use",
    "fTargetPointRange": 1,
    "strUseCase": "MeleeGrind",
    "strAnim": null,
    "strAnimTrig": "MeleeBigSlow",
    "strIdleAnim": null,
    "strBubble": "BblAttack",
    "strMapIcon": "IcoMelee",
    "strColor": "StatusRed",
    "aInverse": ["ACTMeleeMeat,[us],[them]"],
    "aLoSReactions": ["ACTWitnessCancel,[them],[us]"],
    "fDuration": 0.0005,
    "strThemType": "Other",
    "nLogging": 2,
    "bSocial": true,
    "bOpener": false,
    "bHumanOnly": false,
    "bIgnoreFeelings": true,
    "bNoWait": true,
    "bInterrupt": true,
    "LootCTsUs": "CTACTMeleeWeaponAttacker",
    "LootCTsThem": "CTACTMeleeVictim",
    "strCrime": "assault",
    "CTTestUs": "TCanAttackMeleeTired",
    "CTTestThem": "TIsValidMeleeTarget",
    "fFactionScoreChangeThem": -10,
    "strLootRELChangeThemSeesUs": "RELSOCViolenceEnemyChance",
    "strPledgeAddThem": "AICombat",
    "aLootItms": []
  },
  {
    "strName": "ACTMeleeWeaponLaser",
    "strTitle": "Ожог:",
    "strDesc": "Попытка обжечь [them].",
    "strTooltip": "Попытка нанести глубокие раны сварочным лазером.",
    "strActionGroup": "Fight",
    "strTargetPoint": "use",
    "fTargetPointRange": 1,
    "strUseCase": "MeleeLaser",
    "strAnim": null,
    "strAnimTrig": "MeleeBigSlow",
    "strIdleAnim": null,
    "strBubble": "BblAttack",
    "strMapIcon": "IcoMelee",
    "strColor": "StatusRed",
    "aInverse": ["ACTMeleeMeat,[us],[them]"],
    "aLoSReactions": ["ACTWitnessCancel,[them],[us]"],
    "fDuration": 0.0004,
    "strThemType": "Other",
    "nLogging": 2,
    "bSocial": true,
    "bOpener": false,
    "bHumanOnly": false,
    "bIgnoreFeelings": true,
    "bNoWait": true,
    "bInterrupt": true,
    "LootCTsUs": "CTACTMeleeWeaponAttacker",
    "LootCTsThem": "CTACTMeleeVictim",
    "strCrime": "assault",
    "CTTestUs": "TCanAttackMelee",
    "CTTestThem": "TIsValidMeleeTarget",
    "fFactionScoreChangeThem": -10,
    "strLootRELChangeThemSeesUs": "RELSOCViolenceEnemyChance",
    "strPledgeAddThem": "AICombat",
    "aLootItms": []
  },
  {
    "strName": "ACTMeleeWeaponLaserTired",
    "strTitle": "Усталый ожог:",
    "strDesc": "[us] устало пытается обжечь [them].",
    "strTooltip": "Попытка нанести глубокие раны сварочным лазером в состоянии замедления и ослабления от усталости.",
    "strActionGroup": "Fight",
    "strTargetPoint": "use",
    "fTargetPointRange": 1,
    "strUseCase": "MeleeLaser",
    "strAnim": null,
    "strAnimTrig": "MeleeBigSlow",
    "strIdleAnim": null,
    "strBubble": "BblAttack",
    "strMapIcon": "IcoMelee",
    "strColor": "StatusRed",
    "aInverse": ["ACTMeleeMeat,[us],[them]"],
    "aLoSReactions": ["ACTWitnessCancel,[them],[us]"],
    "fDuration": 0.0005,
    "strThemType": "Other",
    "nLogging": 2,
    "bSocial": true,
    "bOpener": false,
    "bHumanOnly": false,
    "bIgnoreFeelings": true,
    "bNoWait": true,
    "bInterrupt": true,
    "LootCTsUs": "CTACTMeleeWeaponAttacker",
    "LootCTsThem": "CTACTMeleeVictim",
    "strCrime": "assault",
    "CTTestUs": "TCanAttackMeleeTired",
    "CTTestThem": "TIsValidMeleeTarget",
    "fFactionScoreChangeThem": -10,
    "strLootRELChangeThemSeesUs": "RELSOCViolenceEnemyChance",
    "strPledgeAddThem": "AICombat",
    "aLootItms": []
  },
  {
    "strName": "ACTMeleeWeaponSharpStab",
    "strTitle": "Укол:",
    "strDesc": "Попытка пронзить [them].",
    "strTooltip": "Попытка быстро уколоть острым предметом, увеличивая скорость, дальность и проникновение, но снижая урон.",
    "strActionGroup": "Fight",
    "strTargetPoint": "use",
    "fTargetPointRange": 3,
    "strUseCase": "Melee",
    "strAnim": null,
    "strAnimTrig": "MeleeStab",
    "strIdleAnim": null,
    "strBubble": "BblAttack",
    "strMapIcon": "IcoMelee",
    "strColor": "StatusRed",
    "aInverse": ["ACTMeleeMeat,[us],[them]"],
    "aLoSReactions": ["ACTWitnessCancel,[them],[us]"],
    "fDuration": 0.0002,
    "strThemType": "Other",
    "nLogging": 2,
    "bSocial": true,
    "bOpener": false,
    "bHumanOnly": false,
    "bIgnoreFeelings": true,
    "bNoWait": true,
    "bInterrupt": true,
    "LootCTsUs": "CTACTMeleeWeaponAttacker",
    "LootCTsThem": "CTACTMeleeVictim",
    "strCrime": "assault",
    "CTTestUs": "TCanAttackMelee",
    "CTTestThem": "TIsValidMeleeTarget",
    "fFactionScoreChangeThem": -10,
    "strLootRELChangeThemSeesUs": "RELSOCViolenceEnemyChance",
    "strPledgeAddThem": "AICombat",
    "aLootItms": []
  },
  {
    "strName": "ACTMeleeWeaponSharpStabTired",
    "strTitle": "Усталый укол:",
    "strDesc": "[us] устало пытается пронзить [them].",
    "strTooltip": "Попытка быстро уколоть острым предметом, увеличивая скорость, дальность и проникновение, но снижая урон, в состоянии замедления и ослабления от усталости.",
    "strActionGroup": "Fight",
    "strTargetPoint": "use",
    "fTargetPointRange": 1,
    "strUseCase": "Melee",
    "strAnim": null,
    "strAnimTrig": "MeleeBig",
    "strIdleAnim": null,
    "strBubble": "BblAttack",
    "strMapIcon": "IcoMelee",
    "strColor": "StatusRed",
    "aInverse": ["ACTMeleeMeat,[us],[them]"],
    "aLoSReactions": ["ACTWitnessCancel,[them],[us]"],
    "fDuration": 0.0004,
    "strThemType": "Other",
    "nLogging": 2,
    "bSocial": true,
    "bOpener": false,
    "bHumanOnly": false,
    "bIgnoreFeelings": true,
    "bNoWait": true,
    "bInterrupt": true,
    "LootCTsUs": "CTACTMeleeWeaponAttacker",
    "LootCTsThem": "CTACTMeleeVictim",
    "strCrime": "assault",
    "CTTestUs": "TCanAttackMeleeTired",
    "CTTestThem": "TIsValidMeleeTarget",
    "fFactionScoreChangeThem": -10,
    "strLootRELChangeThemSeesUs": "RELSOCViolenceEnemyChance",
    "strPledgeAddThem": "AICombat",
    "aLootItms": []
  },
  {
    "strName": "ACTMeleeWeaponSoft",
    "strTitle": "Пощёчина:",
    "strDesc": "Попытка ударить [them] оружием, не предназначенным для боя.",
    "strTooltip": "Попытка атаковать в ближнем бою мягким, неудобным или маленьким импровизированным оружием.",
    "strActionGroup": "Fight",
    "strTargetPoint": "use",
    "fTargetPointRange": 1,
    "strUseCase": "Melee",
    "strAnim": null,
    "strAnimTrig": "MeleeBig",
    "strIdleAnim": null,
    "strBubble": "BblAttack",
    "strMapIcon": "IcoMelee",
    "strColor": "StatusRed",
    "aInverse": ["ACTMeleeMeat,[us],[them]"],
    "aLoSReactions": ["ACTWitnessCancel,[them],[us]"],
    "fDuration": 0.0003,
    "strThemType": "Other",
    "nLogging": 2,
    "bSocial": true,
    "bOpener": false,
    "bHumanOnly": false,
    "bIgnoreFeelings": true,
    "bNoWait": true,
    "bInterrupt": true,
    "LootCTsUs": "CTACTMeleeAttacker",
    "LootCTsThem": "CTACTMeleeVictim",
    "strCrime": "assault",
    "CTTestUs": "TCanAttackMelee",
    "CTTestThem": "TIsValidMeleeTarget",
    "fFactionScoreChangeThem": -10,
    "strLootRELChangeThemSeesUs": "RELSOCViolenceEnemyChance",
    "strPledgeAddThem": "AICombat",
    "aLootItms": []
  },
  {
    "strName": "ACTMeleeWeaponSoftTired",
    "strTitle": "Усталая пощёчина:",
    "strDesc": "[us] устало пытается ударить [them] оружием, не предназначенным для боя.",
    "strTooltip": "Попытка атаковать в ближнем бою мягким, неудобным или маленьким импровизированным оружием в состоянии замедления и ослабления от усталости.",
    "strActionGroup": "Fight",
    "strTargetPoint": "use",
    "fTargetPointRange": 1,
    "strUseCase": "Melee",
    "strAnim": null,
    "strAnimTrig": "MeleeBigSlow",
    "strIdleAnim": null,
    "strBubble": "BblAttack",
    "strMapIcon": "IcoMelee",
    "strColor": "StatusRed",
    "aInverse": ["ACTMeleeMeat,[us],[them]"],
    "aLoSReactions": ["ACTWitnessCancel,[them],[us]"],
    "fDuration": 0.00045,
    "strThemType": "Other",
    "nLogging": 2,
    "bSocial": true,
    "bOpener": false,
    "bHumanOnly": false,
    "bIgnoreFeelings": true,
    "bNoWait": true,
    "bInterrupt": true,
    "LootCTsUs": "CTACTMeleeAttacker",
    "LootCTsThem": "CTACTMeleeVictim",
    "strCrime": "assault",
    "CTTestUs": "TCanAttackMeleeTired",
    "CTTestThem": "TIsValidMeleeTarget",
    "fFactionScoreChangeThem": -10,
    "strLootRELChangeThemSeesUs": "RELSOCViolenceEnemyChance",
    "strPledgeAddThem": "AICombat",
    "aLootItms": []
  },
  {
    "strName": "ACTMeleePistolWhip",
    "strTitle": "Удар пистолетом:",
    "strDesc": "Попытка ударить [them] рукояткой пистолета.",
    "strTooltip": "Попытка использовать пистолет как оружие ближнего боя.",
    "strActionGroup": "Fight",
    "strTargetPoint": "use",
    "fTargetPointRange": 1,
    "strAnim": null,
    "strAnimTrig": "MeleeBig",
    "strIdleAnim": null,
    "strBubble": "BblAttack",
    "strMapIcon": "IcoMelee",
    "strUseCase": "PistolWhip",
    "strColor": "StatusRed",
    "aInverse": ["ACTMeleeMeat,[us],[them]"],
    "aLoSReactions": ["ACTWitnessCancel,[them],[us]"],
    "fDuration": 0.0003,
    "strThemType": "Other",
    "nLogging": 2,
    "bSocial": true,
    "bOpener": false,
    "bHumanOnly": false,
    "bIgnoreFeelings": true,
    "bNoWait": true,
    "bInterrupt": true,
    "LootCTsUs": "CTACTMeleeWeaponAttacker",
    "LootCTsThem": "CTACTMeleeVictim",
    "strCrime": "assault",
    "CTTestUs": "TCanAttackMelee",
    "CTTestThem": "TIsValidMeleeTarget",
    "fFactionScoreChangeThem": -10,
    "strLootRELChangeThemSeesUs": "RELSOCViolenceEnemyChance",
    "strPledgeAddThem": "AICombat",
    "aLootItms": []
  },
  {
    "strName": "ACTMeleePistolWhipTired",
    "strTitle": "Усталый удар пистолетом:",
    "strDesc": "[us] устало пытается ударить [them] рукояткой пистолета.",
    "strTooltip": "Попытка использовать пистолет как оружие ближнего боя в состоянии замедления и ослабления от усталости.",
    "strActionGroup": "Fight",
    "strTargetPoint": "use",
    "fTargetPointRange": 1,
    "strAnim": null,
    "strAnimTrig": "MeleeBigSlow",
    "strIdleAnim": null,
    "strBubble": "BblAttack",
    "strMapIcon": "IcoMelee",
    "strUseCase": "PistolWhip",
    "strColor": "StatusRed",
    "aInverse": ["ACTMeleeMeat,[us],[them]"],
    "aLoSReactions": ["ACTWitnessCancel,[them],[us]"],
    "fDuration": 0.00045,
    "strThemType": "Other",
    "nLogging": 2,
    "bSocial": true,
    "bOpener": false,
    "bHumanOnly": false,
    "bIgnoreFeelings": true,
    "bNoWait": true,
    "bInterrupt": true,
    "LootCTsUs": "CTACTMeleeWeaponAttacker",
    "LootCTsThem": "CTACTMeleeVictim",
    "strCrime": "assault",
    "CTTestUs": "TCanAttackMeleeTired",
    "CTTestThem": "TIsValidMeleeTarget",
    "fFactionScoreChangeThem": -10,
    "strLootRELChangeThemSeesUs": "RELSOCViolenceEnemyChance",
    "strPledgeAddThem": "AICombat",
    "aLootItms": []
  },
  {
    "strName": "ACTMeleeQuick",
    "strTitle": "Безоружный: быстрый",
    "strDesc": "Попытка быстро ударить [them].",
    "strTooltip": "Попытка быстрой безоружной атаки в ближнем бою.",
    "strActionGroup": "Fight",
    "strTargetPoint": "use",
    "fTargetPointRange": 1,
    "strAnim": null,
    "strAnimTrig": "MeleeQuick",
    "strIdleAnim": null,
    "strBubble": "BblAttack",
    "strMapIcon": "IcoMelee",
    "strColor": "StatusRed",
    "aInverse": ["ACTMeleeMeat,[us],[them]"],
    "aLoSReactions": ["ACTWitnessCancel,[them],[us]"],
    "fDuration": 0.000139,
    "strThemType": "Other",
    "nLogging": 2,
    "bSocial": true,
    "bOpener": false,
    "bHumanOnly": false,
    "bIgnoreFeelings": true,
    "bNoWait": true,
    "bInterrupt": true,
    "LootCTsUs": "CTACTMeleeQuickAttacker",
    "LootCTsThem": "CTACTMeleeQuickVictim",
    "strCrime": "assault",
    "CTTestUs": "TCanAttackMelee",
    "CTTestThem": "TIsValidMeleeTarget",
    "fFactionScoreChangeThem": -10,
    "strLootRELChangeThemSeesUs": "RELSOCViolenceEnemyChance",
    "strPledgeAddThem": "AICombat",
    "aLootItms": []
  },
  {
    "strName": "ACTMeleeQuickTired",
    "strTitle": "Усталый безоружный: быстрый",
    "strDesc": "[us] устало пытается быстро ударить [them].",
    "strTooltip": "Попытка быстрой безоружной атаки в ближнем бою в состоянии замедления и ослабления от усталости.",
    "strActionGroup": "Fight",
    "strTargetPoint": "use",
    "fTargetPointRange": 1,
    "strAnim": null,
    "strAnimTrig": "MeleeQuick",
    "strIdleAnim": null,
    "strBubble": "BblAttack",
    "strMapIcon": "IcoMelee",
    "strColor": "StatusRed",
    "aInverse": ["ACTMeleeMeat,[us],[them]"],
    "aLoSReactions": ["ACTWitnessCancel,[them],[us]"],
    "fDuration": 0.0003,
    "strThemType": "Other",
    "nLogging": 2,
    "bSocial": true,
    "bOpener": false,
    "bHumanOnly": false,
    "bIgnoreFeelings": true,
    "bNoWait": true,
    "bInterrupt": true,
    "LootCTsUs": "CTACTMeleeQuickAttacker",
    "LootCTsThem": "CTACTMeleeQuickVictim",
    "strCrime": "assault",
    "CTTestUs": "TCanAttackMeleeTired",
    "CTTestThem": "TIsValidMeleeTarget",
    "fFactionScoreChangeThem": -10,
    "strLootRELChangeThemSeesUs": "RELSOCViolenceEnemyChance",
    "strPledgeAddThem": "AICombat",
    "aLootItms": []
  },
  {
    "strName": "ACTMeleeWeaponQuick",
    "strTitle": "Быстрая ближняя:",
    "strDesc": "Попытка быстро ударить [them].",
    "strTooltip": "Попытка быстрой атаки в ближнем бою.",
    "strActionGroup": "Fight",
    "strTargetPoint": "use",
    "fTargetPointRange": 1,
    "strAnim": null,
    "strAnimTrig": "MeleeQuick",
    "strIdleAnim": null,
    "strBubble": "BblAttack",
    "strMapIcon": "IcoMelee",
    "strColor": "StatusRed",
    "aInverse": ["ACTMeleeMeat,[us],[them]"],
    "aLoSReactions": ["ACTWitnessCancel,[them],[us]"],
    "fDuration": 0.000139,
    "strThemType": "Other",
    "nLogging": 2,
    "bSocial": true,
    "bOpener": false,
    "bHumanOnly": false,
    "bIgnoreFeelings": true,
    "bNoWait": true,
    "bInterrupt": true,
    "LootCTsUs": "CTACTMeleeQuickAttacker",
    "LootCTsThem": "CTACTMeleeQuickVictim",
    "strCrime": "assault",
    "CTTestUs": "TCanAttackMelee",
    "CTTestThem": "TIsValidMeleeTarget",
    "fFactionScoreChangeThem": -10,
    "strLootRELChangeThemSeesUs": "RELSOCViolenceEnemyChance",
    "strPledgeAddThem": "AICombat",
    "aLootItms": []
  },
  {
    "strName": "ACTMeleeWeaponQuickTired",
    "strTitle": "Усталая быстрая ближняя:",
    "strDesc": "[us] устало пытается быстро ударить [them].",
    "strTooltip": "Попытка быстрой атаки в ближнем бою в состоянии замедления и ослабления от усталости.",
    "strActionGroup": "Fight",
    "strTargetPoint": "use",
    "fTargetPointRange": 1,
    "strAnim": null,
    "strAnimTrig": "MeleeQuick",
    "strIdleAnim": null,
    "strBubble": "BblAttack",
    "strMapIcon": "IcoMelee",
    "strColor": "StatusRed",
    "aInverse": ["ACTMeleeMeat,[us],[them]"],
    "aLoSReactions": ["ACTWitnessCancel,[them],[us]"],
    "fDuration": 0.0003,
    "strThemType": "Other",
    "nLogging": 2,
    "bSocial": true,
    "bOpener": false,
    "bHumanOnly": false,
    "bIgnoreFeelings": true,
    "bNoWait": true,
    "bInterrupt": true,
    "LootCTsUs": "CTACTMeleeQuickAttacker",
    "LootCTsThem": "CTACTMeleeQuickVictim",
    "strCrime": "assault",
    "CTTestUs": "TCanAttackMeleeTired",
    "CTTestThem": "TIsValidMeleeTarget",
    "fFactionScoreChangeThem": -10,
    "strLootRELChangeThemSeesUs": "RELSOCViolenceEnemyChance",
    "strPledgeAddThem": "AICombat",
    "aLootItms": []
  },
  {
    "strName": "ACTMeleeFinalBlow",
    "strTitle": "Атака (беспомощный)",
    "strDesc": "[us] атакует беспомощного [them].",
    "strTooltip": "Мощный удар по уязвимой или обездвиженной цели в ближнем бою.",
    "strActionGroup": "Fight",
    "strTargetPoint": "use",
    "fTargetPointRange": 0,
    "strAnim": null,
    "strAnimTrig": "MeleeBig",
    "strIdleAnim": null,
    "strBubble": "BblAttack",
    "strMapIcon": "IcoMelee",
    "aInverse": [],
    "aLoSReactions": ["ACTWitnessCancel,[them],[us]"],
    "fDuration": 0.0003,
    "strThemType": "Other",
    "nLogging": 2,
    "bOpener": false,
    "bHumanOnly": true,
    "bIgnoreFeelings": false,
    "bInterrupt": true,
    "LootCondsUs": "CONDACTMeleeFinalBlowUs",
    "LootCondsThem": "CONDACTMeleeFinalBlowThem",
    "strCrime": "assault",
    "CTTestUs": "TCanAttackMelee",
    "CTTestThem": "TIsValidHelplessTarget",
    "fFactionScoreChangeThem": -20,
    "strPledgeAddThem": "AICombat",
    "aLootItms": []
  },
  {
    "strName": "ACTMeleeFinalBlowTired",
    "strTitle": "Усталая атака (беспомощный)",
    "strDesc": "[us] устало атакует беспомощного [them].",
    "strTooltip": "Мощный удар по уязвимой или обездвиженной цели в ближнем бою в состоянии замедления и ослабления от усталости.",
    "strActionGroup": "Fight",
    "strTargetPoint": "use",
    "fTargetPointRange": 0,
    "strAnim": null,
    "strAnimTrig": "MeleeBigSlow",
    "strIdleAnim": null,
    "strBubble": "BblAttack",
    "strMapIcon": "IcoMelee",
    "aInverse": [],
    "aLoSReactions": ["ACTWitnessCancel,[them],[us]"],
    "fDuration": 0.00045,
    "strThemType": "Other",
    "nLogging": 2,
    "bOpener": false,
    "bHumanOnly": true,
    "bIgnoreFeelings": false,
    "bInterrupt": true,
    "LootCondsUs": "CONDACTMeleeFinalBlowUs",
    "LootCondsThem": "CONDACTMeleeFinalBlowThem",
    "strCrime": "assault",
    "CTTestUs": "TCanAttackMeleeTired",
    "CTTestThem": "TIsValidHelplessTarget",
    "fFactionScoreChangeThem": -20,
    "strPledgeAddThem": "AICombat",
    "aLootItms": []
  },
  {
    "strName": "ACTMeleeFinalBlowWeapon",
    "strTitle": "Ближняя атака (беспомощный):",
    "strDesc": "[us] атакует беспомощного [them].",
    "strTooltip": "Мощный удар по уязвимой или обездвиженной цели в ближнем бою.",
    "strActionGroup": "Fight",
    "strTargetPoint": "use",
    "fTargetPointRange": 0,
    "strUseCase": "Normal",
    "strAnim": null,
    "strAnimTrig": "MeleeBig",
    "strIdleAnim": null,
    "strBubble": "BblAttack",
    "strMapIcon": "IcoMelee",
    "aInverse": [],
    "aLoSReactions": ["ACTWitnessCancel,[them],[us]"],
    "fDuration": 0.0003,
    "strThemType": "Other",
    "nLogging": 2,
    "bOpener": false,
    "bHumanOnly": true,
    "bIgnoreFeelings": false,
    "bInterrupt": true,
    "LootCondsUs": "CONDACTMeleeFinalBlowUs",
    "LootCondsThem": "CONDACTMeleeFinalBlowThem",
    "strCrime": "assault",
    "CTTestUs": "TCanAttackMelee",
    "CTTestThem": "TIsValidHelplessTarget",
    "fFactionScoreChangeThem": -20,
    "strPledgeAddThem": "AICombat",
    "aLootItms": []
  },
  {
    "strName": "ACTMeleeFinalBlowWeaponTired",
    "strTitle": "Усталая ближняя (беспомощный):",
    "strDesc": "[us] устало атакует беспомощного [them].",
    "strTooltip": "Мощный удар по уязвимой или обездвиженной цели в ближнем бою в состоянии замедления и ослабления от усталости.",
    "strActionGroup": "Fight",
    "strTargetPoint": "use",
    "fTargetPointRange": 0,
    "strUseCase": "Melee",
    "strAnim": null,
    "strAnimTrig": "MeleeBigSlow",
    "strIdleAnim": null,
    "strBubble": "BblAttack",
    "strMapIcon": "IcoMelee",
    "aInverse": [],
    "aLoSReactions": ["ACTWitnessCancel,[them],[us]"],
    "fDuration": 0.00045,
    "strThemType": "Other",
    "nLogging": 2,
    "bOpener": false,
    "bHumanOnly": true,
    "bIgnoreFeelings": false,
    "bInterrupt": true,
    "LootCondsUs": "CONDACTMeleeFinalBlowUs",
    "LootCondsThem": "CONDACTMeleeFinalBlowThem",
    "strCrime": "assault",
    "CTTestUs": "TCanAttackMeleeTired",
    "CTTestThem": "TIsValidHelplessTarget",
    "fFactionScoreChangeThem": -20,
    "strPledgeAddThem": "AICombat",
    "aLootItms": []
  },
  {
    "strName": "ACTRandomWound",
    "strTitle": "Случайная рана",
    "strDesc": "[us] получает случайное ранение.",
    "strTooltip": "Нанести случайную рану себе.",
    "strActionGroup": "Fight",
    "strTargetPoint": null,
    "fTargetPointRange": 1,
    "strAnim": null,
    "strIdleAnim": null,
    "strBubble": "BblAttack",
    "strMapIcon": "IcoMelee",
    "strColor": "StatusRed",
    "aInverse": [],
    "aLoSReactions": [],
    "fDuration": 0.0,
    "strThemType": "Self",
    "nLogging": 2,
    "bSocial": false,
    "bOpener": false,
    "bHumanOnly": false,
    "bIgnoreFeelings": true,
    "bNoWait": true,
    "bInterrupt": false,
    "LootCTsUs": null,
    "LootCTsThem": null,
    "CTTestUs": "TIsAttackable",
    "CTTestThem": null,
    "strAttackMode": "AModeRandomWound",
    "strLootRELChangeThemSeesUs": null,
    "aLootItms": []
  },
  {
    "strName": "ACTRanged",
    "strTitle": "Выстрел:",
    "strDesc": "Попытка выстрелить в [them].",
    "strTooltip": "Попытка выстрелить в цель из заряженного дальнобойного оружия.",
    "strActionGroup": "Fight",
    "strTargetPoint": "use",
    "fTargetPointRange": 20,
    "fRotation": 0.0,
    "strUseCase": "Normal",
    "strAnim": "ShootPistol",
    "strIdleAnim": null,
    "strBubble": "BblAttack",
    "strMapIcon": "IcoRanged",
    "strColor": "StatusRed",
    "aInverse": ["ACTRangedMeat,[us],[them]"],
    "aLoSReactions": [
      "ACTRouseSleeperSurprise,[them],[us]",
      "ACTWitnessCancel,[them],[us]"
    ],
    "fDuration": 0.0003,
    "strThemType": "Other",
    "nLogging": 2,
    "bSocial": true,
    "bRandomInverse": false,
    "bOpener": false,
    "bHumanOnly": false,
    "bIgnoreFeelings": true,
    "bNoWait": true,
    "bInterrupt": true,
    "LootCTsUs": "CTACTRangedAttacker",
    "LootCTsThem": "CTSeekAutonomyDenyThem",
    "strCrime": "assault",
    "CTTestUs": "TCanAttackRanged",
    "CTTestThem": "TIsAttackable",
    "strLootRELChangeThemSeesUs": "RELSOCViolenceEnemy",
    "fFactionScoreChangeThem": -10,
    "strPledgeAddThem": "AICombat",
    "aLootItms": []
  },
  {
    "strName": "ACTRangedCasing",
    "strTitle": "Выбросить гильзу",
    "strDesc": "[us] роняет гильзу.",
    "strActionGroup": "Fight",
    "strTargetPoint": null,
    "fTargetPointRange": 0,
    "strIdleAnim": null,
    "aInverse": ["ACTRangedMeat,[us],[them]"],
    "fDuration": 0.0,
    "strThemType": "Other",
    "bIgnoreFeelings": true,
    "bImmediateReply": true,
    "aLootItms": [
      "addus,ItmAmmoCasings01",
      "RemoveUs,CTAmmoCasings01,false,false,false"
    ]
  },
  {
    "strName": "ACTRanged3RB",
    "strTitle": "Выстрел (очередь):",
    "strDesc": "Попытка выстрелить в [them].",
    "strTooltip": "Попытка выстрелить в цель из заряженного дальнобойного оружия.",
    "strActionGroup": "Fight",
    "strTargetPoint": "use",
    "fTargetPointRange": 20,
    "fRotation": 0.0,
    "strUseCase": "3RB",
    "strAnim": "ShootPistol",
    "strIdleAnim": null,
    "strBubble": "BblAttack",
    "strMapIcon": "IcoRanged",
    "strColor": "StatusRed",
    "aInverse": [],
    "aLoSReactions": [
      "ACTRouseSleeperSurprise,[them],[us]",
      "ACTWitnessCancel,[them],[us]"
    ],
    "fDuration": 0.0003,
    "strThemType": "Other",
    "nLogging": 2,
    "bSocial": true,
    "bIgnoreFeelings": true,
    "bNoWait": true,
    "bInterrupt": true,
    "LootCTsUs": "CTACTRangedAttacker",
    "LootCTsThem": "CTSeekAutonomyDenyThem",
    "strCrime": "assault",
    "CTTestUs": "TCanAttackRangedLongarm",
    "CTTestThem": "TIsAttackable",
    "strLootRELChangeThemSeesUs": "RELSOCViolenceEnemy",
    "fFactionScoreChangeThem": -10,
    "strPledgeAddThem": "AICombat",
    "aLootItms": []
  },
  {
    "strName": "ACTRangedSpread",
    "strTitle": "Взрыв:",
    "strDesc": "Попытка выстрелить в [them].",
    "strTooltip": "Попытка выстрелить в цель из заряженного дробового оружия.",
    "strActionGroup": "Fight",
    "strTargetPoint": "use",
    "fTargetPointRange": 20,
    "fRotation": 0.0,
    "strUseCase": "Normal",
    "strAnim": "ShootPistol",
    "strIdleAnim": null,
    "strBubble": "BblAttack",
    "strMapIcon": "IcoRanged",
    "strColor": "StatusRed",
    "aInverse": ["ACTRangedMeat,[us],[them]"],
    "aLoSReactions": [
      "ACTRouseSleeperSurprise,[them],[us]",
      "ACTWitnessCancel,[them],[us]"
    ],
    "fDuration": 0.0003,
    "strThemType": "Other",
    "nLogging": 2,
    "bSocial": true,
    "bIgnoreFeelings": true,
    "bNoWait": true,
    "bInterrupt": true,
    "LootCTsUs": "CTACTRangedAttacker",
    "LootCTsThem": "CTSeekAutonomyDenyThem",
    "strCrime": "assault",
    "CTTestUs": "TCanAttackRangedLongarm",
    "CTTestThem": "TIsAttackable",
    "strLootRELChangeThemSeesUs": "RELSOCViolenceEnemy",
    "fFactionScoreChangeThem": -10,
    "strPledgeAddThem": "AICombat",
    "aLootItms": []
  },
  {
    "strName": "ACTSurrenderCrimesOKLGPlayer",
    "strTitle": "Сдаться за преступления",
    "strDesc": "[us] сдаётся [them] и готов понести наказание за свои преступления",
    "strTooltip": "Сдаётся властям для отбывания наказания за преступления.",
    "strActionGroup": "Use",
    "strTargetPoint": "talk",
    "fTargetPointRange": 7,
    "strAnim": "Surrender",
    "strIdleAnim": "Surrender",
    "strBubble": null,
    "strColor": "Dialogue",
    "aInverse": ["ACTSurrenderCrimesOKLGPlayerAllowPA"],
    "fDuration": 0.0003,
    "strThemType": "Other",
    "nLogging": 1,
    "bSocial": true,
    "bOpener": true,
    "bHumanOnly": true,
    "bIgnoreFeelings": true,
    "LootCondsUs": "CONDSurrenderCrimePlayerUs",
    "LootCondsThem": "CONDSurrenderCrimePlayerThem",
    "CTTestUs": "TCanSurrenderCrimeOKLGPlayerUs",
    "PSpecTestThem": "OKLGSurrender",
    "aLootItms": []
  },
  {
    "strName": "ACTSurrenderCrimesOKLGPlayerAllowPA",
    "strTitle": "Сдаться за преступления",
    "strDesc": "[them] сдаётся [us] и готов понести наказание за свои преступления",
    "strTooltip": "Сдаётся властям для отбывания наказания за преступления.",
    "strActionGroup": "Use",
    "strTargetPoint": "talk",
    "fTargetPointRange": 7,
    "strAnim": "Surrender",
    "strIdleAnim": "Surrender",
    "strBubble": null,
    "strColor": "Dialogue",
    "aInverse": ["ENCHeatAyoSecBustedStart,[them],[them]"],
    "fDuration": 0.0,
    "strThemType": "Other",
    "nLogging": 1,
    "bSocial": true,
    "bOpener": true,
    "bHumanOnly": false,
    "bIgnoreFeelings": true,
    "LootCondsUs": null,
    "LootCondsThem": null,
    "CTTestUs": "TIsPortAuthority",
    "CTTestThem": null,
    "aLootItms": []
  },
  {
    "strName": "ACTSurrenderDemand",
    "strTitle": "Требовать сдачи",
    "strDesc": "Требует капитуляции от [them].",
    "strTooltip": "Попытка заставить цель сдаться. Если цель сдаётся, она прекращает бой.",
    "strActionGroup": "Talk",
    "strTargetPoint": "use",
    "fTargetPointRange": 7,
    "strAnim": "Angry",
    "strIdleAnim": null,
    "strBubble": "BblIntimidate",
    "strColor": "Dialogue",
    "aInverse": [
      "ACTSurrenderDemandAllowAIScared",
      "ACTSurrenderDemandAllowAI",
      "ACTSurrenderDemandAllowPlayer",
      "ACTSurrenderDemandDenyAI"
    ],
    "fDuration": 0.0003,
    "strThemType": "Other",
    "nLogging": 2,
    "strRaiseUI": null,
    "bSocial": true,
    "bOpener": false,
    "bCloser": false,
    "bHumanOnly": false,
    "bIgnoreFeelings": false,
    "LootCondsUs": "CONDSurrenderDemandUs",
    "LootCondsThem": "CONDSurrenderDemandThem",
    "CTTestUs": "TCanSurrenderDemandUs",
    "CTTestThem": "TCanSurrenderDemandThem",
    "aLootItms": []
  },
  {
    "strName": "ACTSurrenderDemandAllowAI",
    "strTitle": "Согласиться сдаться",
    "strDesc": "[us] сдаётся [them] и будет делать, что [them-subj] говорит.",
    "strActionGroup": "Talk",
    "strTargetPoint": "use",
    "fTargetPointRange": 7,
    "strAnim": "Surrender",
    "strIdleAnim": "Surrender",
    "strBubble": null,
    "strColor": "Dialogue",
    "aInverse": [],
    "fDuration": 0.0003,
    "strThemType": "Other",
    "nLogging": 2,
    "bSocial": true,
    "bOpener": false,
    "bHumanOnly": false,
    "bIgnoreFeelings": false,
    "LootCondsUs": "CONDSurrenderDemandAllowAIUs",
    "LootCondsThem": "CONDSurrenderDemandAllowAIThem",
    "CTTestUs": "TCanSurrenderDemandAllowAIUs",
    "CTTestThem": "TCanSurrenderDemandAllowThem",
    "aLootItms": []
  },
  {
    "strName": "ACTSurrenderDemandAllowAIScared",
    "strTitle": "Согласиться сдаться",
    "strDesc": "[us] сдаётся [them] и будет делать, что [them-subj] говорит",
    "strActionGroup": "Talk",
    "strTargetPoint": "use",
    "fTargetPointRange": 7,
    "strAnim": "Surrender",
    "strIdleAnim": "Surrender",
    "strBubble": null,
    "strColor": "Dialogue",
    "aInverse": [],
    "fDuration": 0.0003,
    "strThemType": "Other",
    "nLogging": 2,
    "bSocial": true,
    "bOpener": false,
    "bHumanOnly": false,
    "bIgnoreFeelings": false,
    "fForcedChance": 0.5,
    "LootCondsUs": "CONDSurrenderDemandAllowAIUs",
    "LootCondsThem": "CONDSurrenderDemandAllowAIThem",
    "CTTestUs": "TCanSurrenderDemandAllowAIScaredUs",
    "CTTestThem": "TCanSurrenderDemandAllowThem",
    "aLootItms": []
  },
  {
    "strName": "ACTSurrenderDemandAllowPlayer",
    "strTitle": "Согласиться сдаться",
    "strDesc": "[us] сдаётся перед [them].",
    "strActionGroup": "Talk",
    "strTargetPoint": "use",
    "fTargetPointRange": 7,
    "strAnim": "Surrender",
    "strIdleAnim": "Surrender",
    "strBubble": null,
    "strColor": "Dialogue",
    "aInverse": [],
    "fDuration": 0.0003,
    "strThemType": "Other",
    "nLogging": 2,
    "bSocial": true,
    "bOpener": false,
    "bHumanOnly": true,
    "bIgnoreFeelings": false,
    "LootCondsUs": "CONDSurrenderDemandAllowPlayerUs",
    "LootCondsThem": "CONDSurrenderDemandAllowAIThem",
    "CTTestUs": "TCanSurrenderDemandAllowPlayerUs",
    "CTTestThem": "TCanSurrenderDemandAllowThem",
    "aLootItms": []
  },
  {
    "strName": "ACTSurrenderDemandDenyAI",
    "strTitle": "Отказаться сдаваться",
    "strDesc": "[us] отказывается сдаваться [them].",
    "strActionGroup": "Talk",
    "strTargetPoint": "use",
    "fTargetPointRange": 7,
    "strAnim": "No",
    "strIdleAnim": "Idle",
    "strBubble": null,
    "strColor": "Dialogue",
    "aInverse": [],
    "fDuration": 0.0003,
    "strThemType": "Other",
    "nLogging": 2,
    "bSocial": true,
    "bOpener": false,
    "bHumanOnly": false,
    "bIgnoreFeelings": false,
    "LootCondsUs": "CONDSurrenderDemandDenyAIUs",
    "LootCondsThem": "CONDSurrenderDemandDenyAIThem",
    "CTTestUs": "TCanSurrenderDemandDenyAIUs",
    "CTTestThem": "TCanSurrenderDemandDenyAIThem",
    "aLootItms": []
  },
  {
    "strName": "ACTSurrenderOffer",
    "strTitle": "Предложить сдачу",
    "strDesc": "[us] предлагает сдаться [them].",
    "strTooltip": "Предлагает сдаться цели. Если цель примет, бой заканчивается.",
    "strActionGroup": "Talk",
    "strTargetPoint": "use",
    "fTargetPointRange": 7,
    "strAnim": "Use",
    "strIdleAnim": null,
    "strBubble": "BblQuestion",
    "strColor": "Dialogue",
    "aInverse": [
      "ACTSurrenderOfferAllowAI",
      "ACTSurrenderOfferAllowPlayer",
      "ACTSurrenderOfferDenyAI"
    ],
    "fDuration": 0.0003,
    "strThemType": "Other",
    "nLogging": 2,
    "strRaiseUI": null,
    "bSocial": true,
    "bOpener": false,
    "bCloser": false,
    "bHumanOnly": false,
    "bIgnoreFeelings": false,
    "LootCondsUs": "CONDSurrenderOfferUs",
    "LootCondsThem": "CONDSurrenderOfferThem",
    "CTTestUs": "TCanSurrenderOfferUs",
    "CTTestThem": "TCanSurrenderOfferThem",
    "aLootItms": []
  },
  {
    "strName": "ACTSurrenderOfferAllowAI",
    "strTitle": "Принять их капитуляцию",
    "strDesc": "[us] принимает капитуляцию от [them].",
    "strActionGroup": "Talk",
    "strTargetPoint": "use",
    "fTargetPointRange": 7,
    "strAnim": "Yes",
    "strIdleAnim": "Idle",
    "strBubble": null,
    "strColor": "Dialogue",
    "aInverse": [],
    "fDuration": 0.0003,
    "strThemType": "Other",
    "nLogging": 2,
    "bSocial": true,
    "bOpener": false,
    "bHumanOnly": false,
    "bIgnoreFeelings": false,
    "LootCondsUs": "CONDSurrenderOfferAllowUs",
    "LootCondsThem": "CONDSurrenderOfferAllowAIThem",
    "CTTestUs": "TCanSurrenderOfferAllowUs",
    "CTTestThem": "TCanSurrenderOfferAllowAIThem",
    "aLootItms": []
  },
  {
    "strName": "ACTSurrenderOfferAllowPlayer",
    "strTitle": "Принять их капитуляцию",
    "strDesc": "[us] принимает капитуляцию от [them].",
    "strActionGroup": "Talk",
    "strTargetPoint": "use",
    "fTargetPointRange": 7,
    "strAnim": "Yes",
    "strIdleAnim": "Idle",
    "strBubble": null,
    "strColor": "Dialogue",
    "aInverse": [],
    "fDuration": 0.0003,
    "strThemType": "Other",
    "nLogging": 2,
    "bSocial": true,
    "bOpener": false,
    "bHumanOnly": false,
    "bIgnoreFeelings": false,
    "fForcedChance": 0.8,
    "LootCondsUs": "CONDSurrenderOfferAllowUs",
    "LootCondsThem": "CONDSurrenderOfferAllowPlayerThem",
    "CTTestUs": "TCanSurrenderOfferAllowUs",
    "CTTestThem": "TCanSurrenderOfferAllowPlayerThem",
    "aLootItms": []
  },
  {
    "strName": "ACTSurrenderOfferDenyAI",
    "strTitle": "Отклонить их сдачу",
    "strDesc": "[us] отклоняет капитуляцию [them-pos].",
    "strActionGroup": "Talk",
    "strTargetPoint": "use",
    "fTargetPointRange": 7,
    "strAnim": "No",
    "strIdleAnim": "Idle",
    "strBubble": null,
    "strColor": "Dialogue",
    "aInverse": [],
    "fDuration": 0.0003,
    "strThemType": "Other",
    "nLogging": 2,
    "bSocial": true,
    "bOpener": false,
    "bHumanOnly": false,
    "bIgnoreFeelings": false,
    "LootCondsUs": "CONDSurrenderOfferDenyAIUs",
    "LootCondsThem": "CONDSurrenderOfferDenyAIThem",
    "CTTestUs": "TCanSurrenderOfferDenyAIUs",
    "CTTestThem": "TCanSurrenderOfferDenyAIThem",
    "aLootItms": []
  },
  {
    "strName": "Flee",
    "strTitle": "Бежать",
    "strDesc": "Попытка сбежать от [them].",
    "strTooltip": "Перейти в случайное место поблизости.",
    "strActionGroup": "Use",
    "strTargetPoint": "random",
    "fTargetPointRange": 0,
    "strAnim": "Idle",
    "strBubble": null,
    "aInverse": [],
    "fDuration": 0.0,
    "strThemType": "Other",
    "bOpener": false,
    "strRaiseUI": null,
    "LootCTsUs": "CTFleeUs",
    "LootCTsThem": null,
    "CTTestUs": "TIsHumanAwake",
    "CTTestThem": null,
    "aLootItms": [],
    "objLootModeSwitch": null
  },
  {
    "strName": "CombatWait",
    "strTitle": "Ждать",
    "strDesc": "[us] ждёт и наблюдает [them].",
    "strTooltip": "Подождать момент, без угрозы.",
    "strActionGroup": "Talk",
    "strTargetPoint": "use",
    "fTargetPointRange": 2,
    "strAnim": "Idle",
    "strBubble": null,
    "aInverse": [],
    "fDuration": 0.001,
    "strThemType": "Other",
    "bOpener": false,
    "strRaiseUI": null,
    "LootCTsUs": null,
    "LootCTsThem": null,
    "CTTestUs": "TIsHumanAwake",
    "CTTestThem": null,
    "aLootItms": [],
    "objLootModeSwitch": null
  },
  {
    "strName": "PLGCombatRobotFight",
    "strTitle": "Мы хотим атаковать их",
    "strDesc": "[us] выбирает ход для боя с [them].",
    "strActionGroup": "Fight",
    "nLogging": 0,
    "strTargetPoint": null,
    "strAnim": "Idle",
    "strBubble": null,
    "aInverse": [
      "ACTStandUpTarget,[us],[them]",
      "ACTSurrenderOfferAllowAI,[us],[them]",
      "ACTSurrenderOfferAllowPlayer,[us],[them]"
    ],
    "fDuration": 0.0,
    "strThemType": "Other",
    "bHumanOnly": false,
    "CTTestUs": "TIsNotPlayer",
    "CTTestThem": null
  },
  {
    "strName": "PLGCombatFight",
    "strTitle": "Мы хотим атаковать их",
    "strDesc": "[us] выбирает ход для боя с [them].",
    "strActionGroup": "Fight",
    "nLogging": 0,
    "strTargetPoint": null,
    "strAnim": "Idle",
    "strBubble": null,
    "aInverse": [
      "ACTCombatTakeDown,[us],[them]",
      "ACTCombatLegTrip,[us],[them]",
      "ACTCombatPullDown,[us],[them]",
      "ACTStandUpTarget,[us],[them]",
      "ACTSurrenderOfferAllowAI,[us],[them]",
      "ACTSurrenderOfferAllowPlayer,[us],[them]"
    ],
    "fDuration": 0.0,
    "strThemType": "Other",
    "bHumanOnly": false,
    "CTTestUs": "TIsNotPlayer",
    "CTTestThem": null
  },
  {
    "strName": "PLGCombatFlee",
    "strTitle": "Мы хотим бежать от них",
    "strDesc": "[us] выбирает действие для отступления от [them].",
    "strActionGroup": "Fight",
    "nLogging": 0,
    "strTargetPoint": null,
    "strAnim": "Idle",
    "strBubble": null,
    "aInverse": [
      "ACTStandUpTarget,[us],[them]",
      "ACTSurrenderDemandAllowAIScared,[us],[them]",
      "ACTSurrenderDemandAllowAI,[us],[them]",
      "ACTSurrenderDemandDenyAI,[us],[them]",
      "ACTSurrenderOffer,[us],[them]",
      "ACTSurrenderOfferAllowAI,[us],[them]",
      "ACTSurrenderOfferAllowPlayer,[us],[them]",
      "ACTSurrenderOfferDenyAI,[us],[them]",
      "Flee,[us],[them]",
      "SOCBegMercy,[us],[them]",
      "SOCQuiver,[us],[them]"
    ],
    "fDuration": 0.0,
    "strThemType": "Other",
    "bHumanOnly": false,
    "CTTestUs": "TIsNotPlayer",
    "CTTestThem": null
  },
  {
    "strName": "PLGCombatPassive",
    "strTitle": "Мы хотим рассмотреть мирные варианты",
    "strDesc": "[us] выбирает пассивно разобраться с [them].",
    "strActionGroup": "Fight",
    "nLogging": 0,
    "strTargetPoint": null,
    "strAnim": "Idle",
    "strBubble": null,
    "aInverse": ["ACTStandUpTarget,[us],[them]", "CombatWait,[us],[them]"],
    "fDuration": 0.0,
    "strThemType": "Other",
    "bHumanOnly": false,
    "CTTestUs": "TIsNotPlayer",
    "CTTestThem": null
  },
  {
    "strName": "PLGCombatPosition",
    "strTitle": "Мы хотим держать позицию",
    "strDesc": "[us] выбирает действие для удержания позиции от [them].",
    "strActionGroup": "Fight",
    "nLogging": 0,
    "strTargetPoint": null,
    "strAnim": "Idle",
    "strBubble": null,
    "aInverse": [
      "ACTStandUpTarget,[us],[them]",
      "ACTSurrenderDemand,[us],[them]",
      "ACTSurrenderDemandAllowAIScared,[us],[them]",
      "ACTSurrenderDemandAllowAI,[us],[them]",
      "ACTSurrenderDemandDenyAI,[us],[them]",
      "ACTSurrenderOfferAllowAI,[us],[them]",
      "ACTSurrenderOfferAllowPlayer,[us],[them]",
      "ACTSurrenderOfferDenyAI,[us],[them]",
      "ACTCombatBlock,[us],[them]",
      "ACTCombatDodge,[us],[them]",
      "SOCIntimidate,[us],[them]",
      "SOCInsult,[us],[them]",
      "SOCInsult2,[us],[them]",
      "SOCPlayfulThreat,[us],[them]"
    ],
    "fDuration": 0.0,
    "strThemType": "Other",
    "bHumanOnly": false,
    "CTTestUs": "TIsNotPlayer",
    "CTTestThem": null
  },
  {
    "strName": "PLGCombatTrigger",
    "strTitle": "Триггер боевого обещания",
    "strDesc": "[us] активирует «Обязательство боя» на [them]?",
    "strActionGroup": "Fight",
    "nLogging": 0,
    "strTargetPoint": null,
    "strAnim": "Idle",
    "strBubble": null,
    "aInverse": [],
    "fDuration": 0.0,
    "strThemType": "Other",
    "bHumanOnly": false,
    "CTTestUs": "TIsNotPlayer",
    "CTTestThem": null
  },
  {
    "strName": "ACTWitnessCancel",
    "strTitle": "Отмена свидетеля",
    "strDesc": "[them] стал свидетелем того, как [us] что-то сделал с [3rd], и остановился.",
    "strTargetPoint": null,
    "fTargetPointRange": 0,
    "strAnim": null,
    "strIdleAnim": null,
    "strBubble": "BblTime",
    "strColor": "Neutral",
    "aInverse": [],
    "fDuration": 0.0,
    "strThemType": "Other",
    "nLogging": 0,
    "bOpener": false,
    "bHumanOnly": false,
    "bIgnoreFeelings": true,
    "bNoWait": true,
    "bInterrupt": true,
    "LootCTsUs": null,
    "LootCTsThem": "CTIsInCombat",
    "CTTestUs": null,
    "CTTestThem": "TIsNotInCombatAIOnly",
    "aLootItms": []
  },
  {
    "strName": "SOCBegMercy",
    "strTitle": "Умолять о пощаде",
    "strDesc": "[us] умоляет [them] проявить милосердие.",
    "strActionGroup": "Talk",
    "strTargetPoint": "talk",
    "fTargetPointRange": 2.0,
    "strAnim": "",
    "strBubble": "",
    "strColor": "Dialogue",
    "bSocial": true,
    "bRandomInverse": true,
    "aInverse": [
      "SOCIntimidate",
      "SOCRollEyes",
      "SOCSmackAround",
      "SOCInsult",
      "SOCInsult2",
      "SOCYawnInFace",
      "SOCLightTouch",
      "SOCScanRoom",
      "SOCChangeSubject",
      "SOCReturnToSubject",
      "SocialCombatExit"
    ],
    "fDuration": 0.0005,
    "fRotation": 0.0,
    "strThemType": "Other",
    "bOpener": false,
    "bPause": false,
    "nLogging": 1,
    "bHumanOnly": false,
    "bEquip": false,
    "bLot": false,
    "bModeSwitchCheckFit": false,
    "bNoWait": false,
    "LootCTsUs": "CTBegMercyUs",
    "LootCTsThem": "CTBegMercyThem",
    "CTTestUs": "TIsNotPlayerAwake",
    "CTTestThem": "TIsValidSocialTarget",
    "aLootItms": []
  },
  {
    "strName": "ACTJoinFightCommand",
    "strTitle": "Приказ вступить в бой:",
    "strDesc": "[us] приказывает [them] сражаться с [3rd].",
    "strTargetPoint": null,
    "strActionGroup": "Fight",
    "fTargetPointRange": 99,
    "strAnim": "Use",
    "strBubble": "BblTalk",
    "strColor": "Dialogue",
    "bSocial": true,
    "bInterrupt": true,
    "aInverse": ["ACTJoinFightCommandAllow,[them],[3rd]"],
    "fDuration": 1e-5,
    "strThemType": "Other",
    "nLogging": 1,
    "bHumanOnly": true,
    "nMoveType": 6,
    "LootCTsUs": null,
    "LootCTsThem": null,
    "CTTestUs": "TIsHumanAwake",
    "CTTestThem": null,
    "PSpecTestThem": "RELCrewSubordinate"
  },
  {
    "strName": "ACTJoinFightCommandAllow",
    "strTitle": "Согласиться на бой",
    "strDesc": "[us] соглашается присоединиться к бою.",
    "strTargetPoint": null,
    "strActionGroup": "Fight",
    "fTargetPointRange": 99,
    "strAnim": "Yes",
    "strBubble": "BblAffirmative",
    "strColor": "Dialogue",
    "bSocial": true,
    "bOpener": false,
    "aInverse": [],
    "fDuration": 1e-5,
    "strThemType": "Other",
    "strRaiseUI": null,
    "strPledgeAdd": "AICombatJoin",
    "nLogging": 2,
    "bIgnoreFeelings": true,
    "LootCTsUs": null,
    "LootCTsThem": null,
    "CTTestUs": "TCanAttackMelee"
  }
]
