[
 {
 "strName": "ENCHackPDAStart",
 "strTitle": "Разблокировать КПК",
 "strDesc": "Этот КПК заблокирован и требует аутентификации для доступа к содержимому.\n\nБольшинство КПК имеют различные методы аутентификации, включая пароли, ПИН-коды и различную биометрию на основе датчиков. Но простой перебор будет бесполезен из-за ограничений на неудачные попытки входа и блокировок.\n\nЕсли вы хотите использовать это устройство, вам нужно найти другой способ войти.",
 "strTooltip": "Попытка получить доступ к этому PDA.",
 "strColor": "Dialogue",
 "strActionGroup": "Use",
 "aInverse": [
 "ENCHackPDASkill,[us],[them]",
 "ENCHackPDASoftwareFail,[us],[them]",
 "ENCHackPDASoftware,[us],[them]",
 "ENCHackPDAEnd,[us],[them]"
 ],
 "fDuration": 0.0,
 "strThemType": "Other",
 "strRaiseUI": "SocialCombat",
 "strSubUI": "Landscape01",
 "strImage": "encounters/ENCHandset",
 "nLogging": 0,
 "bPause": true,
 "bHumanOnly": true,
 "bIgnoreFeelings": true,
 "CTTestUs": "TIsHumanAwake",
 "CTTestThem": "TIsComputerPDAOnLocked"
 },
 {
 "strName": "ENCHackPDASkill",
 "strTitle": "Использовать навык взлома",
 "strDesc": "Взлом защиты таких устройств всегда был для вас соблазном. Головоломка, в которую можно погрузиться в свободное время.\n\nИ благодаря различным государственным органам, а также процедуре восстановления производителя, каждое устройство имеет множество бэкдоров, которые можно эксплуатировать. Как головоломка с несколькими решениями!\n\nВ любом случае, вы пытаетесь вспомнить трюк для этой конкретной модели...",
 "strColor": "Dialogue",
 "aInverse": [
 "ENCHackPDASkillFinished,[us],[them]"
 ],
 "fDuration": 0.0,
 "strThemType": "Other",
 "strRaiseUI": "SocialCombat",
 "strSubUI": "Landscape01",
 "strImage": "encounters/ENCHandset",
 "nLogging": 0,
 "bPause": true,
 "bHumanOnly": true,
 "bIgnoreFeelings": true,
 "aLootItms": [],
 "CTTestUs": "TIsSkilledHacking",
 "CTTestThem": "TIsComputerPDAOnLocked"
 },
 {
 "strName": "ENCHackPDASkillFinished",
 "strTitle": "Закончить взлом КПК",
 "strDesc": "Разумеется, никто не удосужился пропатчить эксплойт, который вы выбрали на этот раз, и вас встречает домашний экран.\n\nЭто проблема гигантских организаций: они не очень подвижны. А хакерское сообщество пережёвывает их слишком быстро.\n\nНу что ж, по крайней мере, это стоило небольшой ностальгии.",
 "strColor": "Dialogue",
 "aInverse": [
 "ENCHackPDAEnd,[us],[them]"
 ],
 "fDuration": 0.0,
 "strThemType": "Other",
 "strRaiseUI": "SocialCombat",
 "strSubUI": "Landscape01",
 "strImage": "encounters/ENCHandset",
 "nLogging": 0,
 "bPause": true,
 "bHumanOnly": true,
 "bIgnoreFeelings": true,
 "aLootItms": [],
 "LootCondsUs": "CONDENCHackPDASkill",
 "CTTestUs": null,
 "CTTestThem": "TIsComputerPDAOnLocked",
 "objLootModeSwitchThem": "ItmWristPDA01"
 },
 {
 "strName": "ENCHackPDASoftwareFail",
 "strTitle": "Давайте что-нибудь взломаем!",
 "strDesc": "Вы запускаете программу взлома, но быстро понимаете, что это вам не по зубам.\n\nЧто вообще делает эта программа? Работает ли она с такими устройствами? Нужно ли куда-то подключить целевое устройство? Или сначала нужно запустить программу?\n\nЖаль, что нет обучения или чего-то такого.\n\nИли хотя бы меню.\n\nНу что ж, никаких 1337 х4к3р0в для вас.",
 "strColor": "Dialogue",
 "aInverse": [
 "ENCHackPDAEnd,[us],[them]"
 ],
 "fDuration": 0.0,
 "strThemType": "Other",
 "strRaiseUI": "SocialCombat",
 "strSubUI": "Landscape01",
 "strImage": "encounters/ENCHandset",
 "strUseCase": "HackPDA",
 "nLogging": 0,
 "bPause": true,
 "bHumanOnly": true,
 "bIgnoreFeelings": true,
 "bSocial": true,
 "aLootItms": [
 "Use,CTENCHackPDASoftware,false"
 ],
 "LootCondsUs": "CONDENCHackPDAFail",
 "CTTestUs": "TIsNotSkilledSoftware",
 "CTTestThem": "TIsComputerPDAOnLocked"
 },
 {
 "strName": "ENCHackPDASoftwareStart",
 "strTitle": "Попытаться взломать КПК",
 "strDesc": "Хакинг никогда не был вашей сильной стороной, но вы всё равно решаете взглянуть на КПК. Может, есть меню загрузки или что-то такое? Безопасный режим?",
 "strColor": "Dialogue",
 "aInverse": [
 "ENCHackPDASoftware,[us],[them]",
 "ENCHackPDASoftwareLacking,[us],[them]"
 ],
 "fDuration": 0.0,
 "strThemType": "Other",
 "strRaiseUI": "SocialCombat",
 "strSubUI": "Landscape01",
 "strImage": "encounters/ENCHandset",
 "nLogging": 0,
 "bPause": true,
 "bHumanOnly": true,
 "bIgnoreFeelings": true,
 "aLootItms": [],
 "CTTestUs": "TIsSkilledSoftwareNotHacking",
 "CTTestThem": "TIsComputerPDAOnLocked"
 },
 {
 "strName": "ENCHackPDASoftwareLacking",
 "strTitle": "Не удалось взломать КПК",
 "strDesc": "Повозившись некоторое время, вы не добиваетесь никакого прогресса. И у вас закончились идеи. Без дополнительных навыков взлома вам, вероятно, понадобится уже разблокированный КПК и какое-то программное обеспечение для взлома этого КПК.",
 "strColor": "Dialogue",
 "aInverse": [
 "ENCHackPDAEnd,[us],[them]"
 ],
 "fDuration": 0.0,
 "strThemType": "Other",
 "strRaiseUI": "SocialCombat",
 "strSubUI": "Landscape01",
 "strImage": "encounters/ENCHandset",
 "nLogging": 0,
 "bPause": true,
 "bHumanOnly": true,
 "bIgnoreFeelings": true,
 "aLootItms": [],
 "LootCondsUs": "CONDENCHackPDAFail",
 "CTTestUs": "TIsSkilledSoftwareNotHacking",
 "CTTestThem": "TIsComputerPDAOnLocked"
 },
 {
 "strName": "ENCHackPDASoftware",
 "strTitle": "Использовать софт взлома КПК",
 "strDesc": "Даже без особой практики взлома вы достаточно хорошо разбираетесь в программном обеспечении, чтобы использовать программы для взлома.\n\nИспользуя разблокированное устройство для запуска R3N-B00, вы сканируете совместимые устройства и выбираете цель.",
 "strColor": "Dialogue",
 "aInverse": [
 "ENCHackPDASoftwareFinished,[us],[them]"
 ],
 "fDuration": 0.0,
 "strThemType": "Other",
 "strRaiseUI": "SocialCombat",
 "strSubUI": "Landscape01",
 "strImage": "encounters/ENCHandset",
 "strUseCase": "HackPDA",
 "nLogging": 0,
 "bPause": true,
 "bHumanOnly": true,
 "bIgnoreFeelings": true,
 "bSocial": true,
 "fForcedChance": 1.0,
 "aLootItms": [
 "Use,CTENCHackPDASoftware,false"
 ],
 "CTTestUs": "TIsSkilledSoftwareNotHacking",
 "CTTestThem": "TIsComputerPDAOnLocked"
 },
 {
 "strName": "ENCHackPDASoftwareFinished",
 "strTitle": "Закончить взлом КПК",
 "strDesc": "**** R3N-B00 Крякер ****\n\nЦелевое устройство: [them]\n\nСтатус: РАЗБЛОКИРОВАНО\n\nХорошего дня!",
 "strColor": "Dialogue",
 "aInverse": [
 "ENCHackPDAEnd,[us],[them]"
 ],
 "fDuration": 0.0,
 "strThemType": "Other",
 "strRaiseUI": "SocialCombat",
 "strSubUI": "Landscape01",
 "strImage": "encounters/ENCHandset",
 "nLogging": 0,
 "bPause": true,
 "bHumanOnly": true,
 "bIgnoreFeelings": true,
 "aLootItms": [],
 "LootCondsUs": "CONDENCHackPDASoftware",
 "CTTestUs": null,
 "CTTestThem": "TIsComputerPDAOnLocked",
 "objLootModeSwitchThem": "ItmWristPDA01"
 },
 {
 "strName": "ENCHackPDAEnd",
 "strTitle": "Закончить использование КПК",
 "strDesc": "Вы заканчиваете использовать КПК.",
 "strColor": "Dialogue",
 "aInverse": [
 "ENCFinish,[us],[us]"
 ],
 "fDuration": 0.0,
 "strThemType": "Other",
 "strRaiseUI": "SocialCombat",
 "strSubUI": "Landscape01",
 "strImage": "encounters/ENCHandset",
 "nLogging": 0,
 "bPause": true,
 "bHumanOnly": true,
 "bIgnoreFeelings": true,
 "CTTestUs": "TIsHumanAwake"
 },
 {
 "strName": "HackRobotStartSimple",
 "strTitle": "Взлом: Попытка быстрой перегрузки",
 "strDesc": "[us] пытается удалённо взломать дрона вызвав временную перегрузку памяти.",
 "strTooltip": "Попытка взломать дрон для временной перегрузки памяти.",
 "strTargetPoint": "use",
 "fTargetPointRange": 100,
 "strColor": "Dialogue",
 "strActionGroup": "Use",
 "strAnim": null,
 "aInverse": [
 "HackRobotStartSimpleAllow,[us],[them]",
 "HackRobotStartOutOfRange,[us],[them]"
 ],
 "fDuration": 0.0,
 "strThemType": "Other",
 "nLogging": 0,
 "bHumanOnly": false,
 "bIgnoreFeelings": true,
 "bNoWalk": true,
 "bSocial": true,
 "CTTestUs": "TIsSkilledHacking",
 "CTTestThem": "TIsRobotValidRebootTarget",
 "aLootItms": [
 "Use,CTHackPDAOnNotLocked,false"
 ]
 },
 {
 "strName": "HackRobotStartSimpleDeny",
 "strTitle": "Взлом: перезагрузка отклонена",
 "strDesc": "[them] сопротивляется попытке удалённо принудить к перезагрузке.",
 "strTargetPoint": "use",
 "fTargetPointRange": 20,
 "strColor": "Dialogue",
 "strActionGroup": "Use",
 "strAnim": "Tablet",
 "aInverse": [],
 "fDuration": 0.0,
 "fForcedChance": 0.5,
 "strThemType": "Other",
 "nLogging": 1,
 "bHumanOnly": false,
 "bIgnoreFeelings": true,
 "CTTestUs": "TIsHumanAwake",
 "CTTestThem": "TIsRobotValidRebootTarget"
 },
 {
 "strName": "HackRobotStartSimpleAllow",
 "strTitle": "Взлом: Попытка быстрой перегрузки",
 "strDesc": "[us] пытается удалённо взломать дрона вызвав временную перегрузку памяти.",
 "strTooltip": "Попытка взломать дрон для временной перегрузки памяти.",
 "strTargetPoint": "use",
 "fTargetPointRange": 20,
 "strColor": "Dialogue",
 "strActionGroup": "Use",
 "strAnim": "Tablet",
 "aInverse": [
 "HackRobotRebootQuick,[us],[them]",
 "HackRobotStartSimpleDeny,[us],[them]"
 ],
 "fDuration": 0.0007,
 "strThemType": "Other",
 "nLogging": 1,
 "bHumanOnly": false,
 "bIgnoreFeelings": true,
 "CTTestUs": "TIsHumanAwake",
 "CTTestThem": "TIsRobotValidRebootTarget"
 },
 {
 "strName": "HackRobotRebootQuick",
 "strTitle": "Исправление перегрузки",
 "strDesc": "[us] успешно!",
 "strColor": "Dialogue",
 "strActionGroup": "Use",
 "strAnim": "Idle",
 "aInverse": [
 "HackRobotRebootQuickDo"
 ],
 "fDuration": 0.0,
 "strThemType": "Other",
 "nLogging": 1,
 "bIgnoreFeelings": true,
 "bInterrupt": true
 },
 {
 "strName": "HackRobotRebootQuickDo",
 "strTitle": "Исправление перегрузки",
 "strDesc": "[us] исправляет переполнение памяти.",
 "strColor": "Dialogue",
 "strActionGroup": "Use",
 "strAnim": "Idle",
 "aInverse": [],
 "fDuration": 0.0025,
 "strThemType": "Other",
 "nLogging": 1,
 "bIgnoreFeelings": true,
 "LootCondsUs": "CONDHackedReboot"
 },
 {
 "strName": "HackRobotReboot",
 "strTitle": "Перезагрузка",
 "strDesc": "[us] перезагружается.",
 "strColor": "Dialogue",
 "strActionGroup": "Use",
 "strAnim": "Idle",
 "aInverse": [
 "HackRobotReboot",
 "HackRobotRebootEnd"
 ],
 "fDuration": 0.002,
 "strThemType": "Self",
 "nLogging": 1,
 "bIgnoreFeelings": true,
 "bInterrupt": true,
 "LootCondsUs": "CONDHackedReboot"
 },
 {
 "strName": "HackRobotRebootEnd",
 "strTitle": "Проверка прошивки",
 "strDesc": "[us] проверяет прошивку.",
 "strColor": "Dialogue",
 "strActionGroup": "Use",
 "strAnim": "Idle",
 "aInverse": [],
 "fDuration": 0.002,
 "fForcedChance": 0.5,
 "strThemType": "Self",
 "nLogging": 1,
 "bIgnoreFeelings": true,
 "LootCondsUs": null
 },
 {
 "strName": "HackRobotStart",
 "strTitle": "Взломать ОС дрона",
 "strDesc": "[us] пытается удалённо взломать дрона вызвав принудительную перезагрузку.",
 "strTooltip": "Попытка взломать дрон для принудительной перезагрузки.",
 "strTargetPoint": "use",
 "fTargetPointRange": 20,
 "strColor": "Dialogue",
 "strActionGroup": "Use",
 "strAnim": "Tablet",
 "aInverse": [
 "HackRobotStartAllow,[us],[them]",
 "HackRobotStartOutOfRange,[us],[them]"
 ],
 "fDuration": 0.0,
 "strThemType": "Other",
 "nLogging": 0,
 "bHumanOnly": false,
 "bIgnoreFeelings": true,
 "bNoWalk": true,
 "bSocial": true,
 "CTTestUs": "TIsHumanAwake",
 "CTTestThem": "TIsRobotValidRebootTarget",
 "aLootItms": [
 "Use,CTHackPDAOnNotLocked,false"
 ]
 },
 {
 "strName": "HackRobotStartOutOfRange",
 "strTitle": "Вне зоны досягаемости",
 "strDesc": "[them] слишком далеко, чтобы [us] мог попытаться взломать.",
 "strColor": "Dialogue",
 "strActionGroup": "Use",
 "strAnim": "Idle",
 "aInverse": [],
 "fDuration": 0.0,
 "strThemType": "Other",
 "nLogging": 1,
 "bIgnoreFeelings": true
 },
 {
 "strName": "HackRobotStartAllow",
 "strTitle": "Взломать ОС дрона",
 "strDesc": "[us] пытается удалённо взломать дрона вызвав принудительную перезагрузку.",
 "strTooltip": "Попытка взломать дрон для принудительной перезагрузки.",
 "strTargetPoint": "use",
 "fTargetPointRange": 20,
 "strColor": "Dialogue",
 "strActionGroup": "Use",
 "strAnim": "Tablet",
 "aInverse": [
 "HackRobotSkill,[us],[them]",
 "HackRobotSoftwareFail,[us],[them]",
 "HackRobotSoftwareStart,[us],[them]",
 "HackRobotNoSkill,[us],[them]",
 "HackRobotEnd,[us],[them]"
 ],
 "fDuration": 0.0007,
 "strThemType": "Other",
 "nLogging": 1,
 "bHumanOnly": false,
 "bNoWalk": true,
 "bIgnoreFeelings": true,
 "bPause": true,
 "CTTestUs": "TIsHumanAwake",
 "CTTestThem": "TIsRobotValidRebootTarget",
 "aLootItms": []
 },
 {
 "strName": "HackRobotSkill",
 "strTitle": "Взломать ОС дрона (навык взлома)",
 "strDesc": "Обход защиты на подобных операционных системах всегда был зовом сирены. Головоломка, в которую можно с головой погрузиться в свободное время.\nИ благодаря различным государственным органам плюс конвейеру восстановления производителя, в каждом устройстве есть множество бэкдоров для поиска эксплойтов. Как головоломка с несколькими решениями!\nВ любом случае, вы пытаетесь вспомнить трюк для этой конкретной модели...",
 "strTooltip": "Использовать навык хакерства для доступа к ОС дрона.",
 "strColor": "Dialogue",
 "strActionGroup": "Use",
 "strAnim": "Tablet",
 "aInverse": [
 "HackRobotSkillFinished,[us],[them]"
 ],
 "fDuration": 0.0001,
 "strThemType": "Other",
 "nLogging": 1,
 "bHumanOnly": false,
 "bPause": true,
 "bIgnoreFeelings": true,
 "aLootItms": [],
 "CTTestUs": "TIsSkilledHacking",
 "CTTestThem": "TIsRobotValidRebootTarget"
 },
 {
 "strName": "HackRobotSkillFinished",
 "strTitle": "Использовать эксплойт для перезагрузки",
 "strDesc": "Как и ожидалось, никто не удосужился закрыть эксплойт, который вы выбрали на этот раз, и вас встречает домашний экран.\nВот в чём проблема гигантских организаций: они не очень проворны. А хакерское сообщество пережёвывает их слишком быстро.\nНу что ж, по крайней мере, ради этого небольшого приступа ностальгии стоило стараться.",
 "strTooltip": "Увидеть результат попытки взлома.",
 "strColor": "Dialogue",
 "strActionGroup": "Use",
 "aInverse": [
 "HackRobotReboot,[them],[them]"
 ],
 "fDuration": 0.0,
 "strThemType": "Other",
 "nLogging": 1,
 "bHumanOnly": false,
 "bPause": true,
 "bIgnoreFeelings": true,
 "aLootItms": [],
 "LootCondsUs": "CONDHackRobotSkill",
 "CTTestUs": null,
 "CTTestThem": "TIsRobotValidRebootTarget",
 "LootCondsThem": "CONDHackedReboot"
 },
 {
 "strName": "HackRobotSoftwareFail",
 "strTitle": "Давайте что-нибудь взломаем!",
 "strDesc": "Вы запускаете программу взлома, но довольно быстро понимаете, что это вам не по зубам.\nЧто вообще делает эта программа? Работает ли она на таких устройствах? Нужно ли куда-то подключить целевое устройство? Или сначала нужно запустить программу?\nВам бы не помешал туториал или что-то подобное. Или хотя бы какие-нибудь меню.\nЧто ж, не бывать вам 1337 h4x0r5.",
 "strTooltip": "Попытка взломать ОС дрона с помощью программы взлома",
 "strColor": "Dialogue",
 "strActionGroup": "Use",
 "strAnim": "Tablet",
 "aInverse": [],
 "fDuration": 0.0001,
 "strThemType": "Other",
 "strUseCase": "HackRobot",
 "nLogging": 1,
 "bHumanOnly": false,
 "bPause": true,
 "bSocial": true,
 "bIgnoreFeelings": true,
 "aLootItms": [
 "Use,CTHackPDAOnNotLocked,false"
 ],
 "LootCondsUs": "CONDHackRobotFail",
 "CTTestUs": "TIsNotSkilledSoftware",
 "CTTestThem": "TIsRobotValidRebootTarget"
 },
 {
 "strName": "HackRobotSoftwareStart",
 "strTitle": "Попытаться взломать ОС дрона",
 "strDesc": "Хакинг никогда не был вашей сильной стороной, но вы решаете, что попытка не помешает. Может, есть меню загрузки или что-то такое? Безопасный режим?",
 "strTooltip": "Использовать навык программной инженерии для доступа к ОС дрона.",
 "strColor": "Dialogue",
 "strActionGroup": "Use",
 "strAnim": "Tablet",
 "aInverse": [
 "HackRobotSoftware,[us],[them]",
 "HackRobotSoftwareLacking,[us],[them]"
 ],
 "fDuration": 0.0001,
 "strThemType": "Other",
 "nLogging": 1,
 "bHumanOnly": false,
 "bPause": true,
 "bIgnoreFeelings": true,
 "aLootItms": [],
 "CTTestUs": "TIsSkilledSoftwareNotHacking",
 "CTTestThem": "TIsRobotValidRebootTarget"
 },
 {
 "strName": "HackRobotSoftwareLacking",
 "strTitle": "Завершить попытку взлома ОС дрона",
 "strDesc": "Повозившись некоторое время, вы не добиваетесь никакого прогресса. И у вас закончились идеи. Без дополнительных навыков взлома вам, вероятно, понадобится разблокированный КПК и специализированное ПО для взлома этого дрона.",
 "strTooltip": "Увидеть результат подхода программной инженерии.",
 "strColor": "Dialogue",
 "strActionGroup": "Use",
 "strAnim": "Tablet",
 "aInverse": [],
 "fDuration": 0.0001,
 "strThemType": "Other",
 "nLogging": 1,
 "bHumanOnly": false,
 "bPause": true,
 "bIgnoreFeelings": true,
 "aLootItms": [],
 "LootCondsUs": "CONDHackRobotFail",
 "CTTestUs": "TIsSkilledSoftwareNotHacking",
 "CTTestThem": "TIsRobotValidRebootTarget"
 },
 {
 "strName": "HackRobotSoftware",
 "strTitle": "Использовать софт взлома КПК",
 "strDesc": "Даже без особой практики взлома вы достаточно хорошо разбираетесь в ПО, чтобы использовать программы для взлома.\nИспользуя разблокированное устройство для запуска B43-B-G0N3, вы сканируете совместимые дроны поблизости и выбираете цель.",
 "strTooltip": "Сочетание навыка программной инженерии с программой взлома.",
 "strColor": "Dialogue",
 "strActionGroup": "Use",
 "strAnim": "Tablet",
 "aInverse": [
 "HackRobotSoftwareFinished,[us],[them]"
 ],
 "fDuration": 0.0001,
 "strThemType": "Other",
 "strUseCase": "HackRobot",
 "nLogging": 1,
 "bHumanOnly": false,
 "bPause": true,
 "bSocial": true,
 "bIgnoreFeelings": true,
 "fForcedChance": 1.0,
 "aLootItms": [
 "Use,CTHackPDAOnNotLocked,false"
 ],
 "CTTestUs": "TIsSkilledSoftwareNotHacking",
 "CTTestThem": "TIsRobotValidRebootTarget"
 },
 {
 "strName": "HackRobotSoftwareFinished",
 "strTitle": "Завершить взлом ОС робота",
 "strDesc": "**** B43-B-G0N3 Крякер ****\nЦелевой дрон: [them]\nСтатус: ПРИНУДИТЕЛЬНАЯ ПЕРЕЗАГРУЗКА\nХорошего дня!",
 "strTooltip": "Увидеть результат подхода программной инженерии с использованием программы взлома.",
 "strColor": "Dialogue",
 "strActionGroup": "Use",
 "strAnim": "Tablet",
 "aInverse": [
 "HackRobotReboot,[them],[them]"
 ],
 "fDuration": 0.0001,
 "strThemType": "Other",
 "nLogging": 1,
 "bHumanOnly": false,
 "bIgnoreFeelings": true,
 "aLootItms": [],
 "LootCondsUs": "CONDHackRobotSoftware",
 "CTTestUs": null,
 "CTTestThem": "TIsRobotValidRebootTarget",
 "LootCondsThem": "CONDHackedReboot"
 },
 {
 "strName": "HackRobotNoSkill",
 "strTitle": "Отдать все силы взлому",
 "strDesc": "[us] понятия не имеет, что делает, и даже не знает, с чего начать взлом [them]. Возможно, помогло бы специальное ПО и/или легальный софт или навыки взлома.",
 "strColor": "Dialogue",
 "strActionGroup": "Use",
 "aInverse": [],
 "fDuration": 0.0001,
 "strThemType": "Other",
 "nLogging": 1,
 "bHumanOnly": false,
 "bIgnoreFeelings": true,
 "CTTestUs": "TIsNotSkilledSoftwareOrHacking",
 "CTTestThem": "TIsRobotValidRebootTarget"
 },
 {
 "strName": "HackRobotEnd",
 "strTitle": "Завершить попытку взлома",
 "strDesc": "[us] заканчивает попытку взлома [them].",
 "strColor": "Dialogue",
 "strActionGroup": "Use",
 "aInverse": [],
 "fDuration": 0.0,
 "strThemType": "Other",
 "nLogging": 0,
 "bHumanOnly": false,
 "bIgnoreFeelings": true,
 "CTTestUs": "TIsHumanAwake"
 }
]