[
  {
    "strName": "PLOTTEMP3ActBEGStartTrigger",
    "strTitle": "Триггер начала сюжета TEMP3ActBEG",
    "strDesc": "[them] отправляет сообщение [us], прося [us] выполнить «Шаблон 3-актного сюжета» для [3rd].",
    "strActionGroup": "Use",
    "bIgnoreFeelings": true,
    "aInverse": [],
    "fDuration": 0.0,
    "strThemType": "Other",
    "nLogging": 1,
    "strColor": "Dialogue",
    "LootCondsUs": "CONDPLOTTEMP3ActBEGStartUs",
    "LootCondsThem": null,
    "CTTestUs": null,
    "CTTestThem": null,
    "PSpecTestThem": "RELCloseOrContact",
    "PSpecTest3rd": "RandomAdultGigTargetLiving",
    "strLootRELChangeUsSeesThem": null,
    "strLootRELChangeUsSees3rd": "RELContact"
  },
  {
    "strName": "PLOTTEMP3ActBEGTargetTrigger",
    "strTitle": "Триггер цели TEMP3ActBEG",
    "strDesc": "[us] должен вернуть это «Шаблон 3-актного сюжета» [them].",
    "strActionGroup": "Use",
    "bIgnoreFeelings": true,
    "aInverse": [],
    "fDuration": 0.0,
    "strThemType": "Other",
    "nLogging": 1,
    "LootCondsUs": null,
    "LootCondsThem": null,
    "CTTestUs": "CTPLOTTEMP3ActBEGTargetTriggerUs",
    "CTTestThem": null
  },
  {
    "strName": "PLOTTEMP3ActBEGTurnInTrigger",
    "strTitle": "Триггер сдачи TEMP3ActBEG",
    "strDesc": "[us] запускает этап 2 сюжета «Шаблон 3-актного сюжета» с [them].",
    "strActionGroup": "Use",
    "bIgnoreFeelings": true,
    "aInverse": [],
    "fDuration": 0.0,
    "strThemType": "Other",
    "nLogging": 0,
    "LootCondsUs": null,
    "LootCondsThem": null,
    "CTTestUs": "CTPLOTTEMP3ActBEGTurnInTriggerUs",
    "CTTestThem": null
  },
  {
    "strName": "PLOTTEMP3ActBEGTarget",
    "strTitle": "Цель TEMP3ActBEG",
    "strDesc": "[us] выполняет «Шаблон 3-актного сюжета» над [them] для [3rd].",
    "strActionGroup": "Use",
    "bIgnoreFeelings": true,
    "aInverse": [],
    "fDuration": 0.0003,
    "strThemType": "Other",
    "nLogging": 1,
    "strTargetPoint": "use",
    "fTargetPointRange": 10.0,
    "strAnim": "Use",
    "bRecheckThisPlot": true,
    "LootCondsUs": "CONDPLOTTEMP3ActBEGTargetUs",
    "LootCondsThem": null,
    "CTTestUs": "CTPLOTTEMP3ActBEGTargetUs",
    "CTTestThem": null
  },
  {
    "strName": "PLOTTEMP3ActBEGTurnIn",
    "strTitle": "Сдать TEMP3ActBEG",
    "strDesc": "[us] сдаёт «Шаблон 3-актного сюжета» [3rd] [them].",
    "strActionGroup": "Talk",
    "bIgnoreFeelings": true,
    "aInverse": [],
    "fDuration": 0.0003,
    "strThemType": "Other",
    "nLogging": 1,
    "strColor": "Dialogue",
    "bRecheckThisPlot": true,
    "strTargetPoint": "talk",
    "fTargetPointRange": 2.0,
    "strAnim": "Talk",
    "LootCondsUs": "CONDPLOTTEMP3ActBEGTurnInUs",
    "LootCondsThem": null,
    "CTTestUs": "CTPLOTTEMP3ActBEGTurnInUs",
    "CTTestThem": "TIsValidSocialTarget"
  }
]
