[
 {
 "strName": "AF_OKLGCiv",
 "strTitle": "Тест фракции OKLGCiv",
 "strColor": "Neutral",
 "aInverse": [],
 "fDuration": 0.0,
 "strThemType": "Self",
 "nLogging": 0,
 "bIgnoreFeelings": true,
 "PSpecTestThem": "AF_OKLGCiv"
 },
 {
 "strName": "AF_OKLGCorp",
 "strTitle": "Тест фракции OKLG",
 "strColor": "Neutral",
 "aInverse": [],
 "fDuration": 0.0,
 "strThemType": "Self",
 "nLogging": 0,
 "bIgnoreFeelings": true,
 "PSpecTestThem": "AF_OKLGCorp"
 },
 {
 "strName": "AF_OKLGCrim",
 "strTitle": "Тест фракции OKLGCrim",
 "strColor": "Neutral",
 "aInverse": [],
 "fDuration": 0.0,
 "strThemType": "Self",
 "nLogging": 0,
 "bIgnoreFeelings": true,
 "PSpecTestThem": "AF_OKLGCrim"
 },
 {
 "strName": "AF_OKLGFlotilla",
 "strTitle": "Тест фракции OKLGFlotilla",
 "strColor": "Neutral",
 "aInverse": [],
 "fDuration": 0.0,
 "strThemType": "Self",
 "nLogging": 0,
 "bIgnoreFeelings": true,
 "PSpecTestThem": "AF_OKLGFlotilla"
 },
 {
 "strName": "AF_OKLGLEO",
 "strTitle": "Тест фракции OKLGLEO",
 "strColor": "Neutral",
 "aInverse": [],
 "fDuration": 0.0,
 "strThemType": "Self",
 "nLogging": 0,
 "bIgnoreFeelings": true,
 "PSpecTestThem": "AF_OKLGLEO"
 },
 {
 "strName": "AF_OKLGPirates",
 "strTitle": "Тест фракции OKLGPirates",
 "strColor": "Neutral",
 "aInverse": [],
 "fDuration": 0.0,
 "strThemType": "Self",
 "nLogging": 0,
 "bIgnoreFeelings": true,
 "PSpecTestThem": "AF_OKLGPirates"
 },
 {
 "strName": "AF_OKLGScav",
 "strTitle": "Тест фракции OKLGScav",
 "strColor": "Neutral",
 "aInverse": [],
 "fDuration": 0.0,
 "strThemType": "Self",
 "nLogging": 0,
 "bIgnoreFeelings": true,
 "PSpecTestThem": "AF_OKLGScav"
 },
 {
 "strName": "AF_VCBRCiv",
 "strTitle": "Тест фракции VCBRCiv",
 "strColor": "Neutral",
 "aInverse": [],
 "fDuration": 0.0,
 "strThemType": "Self",
 "nLogging": 0,
 "bIgnoreFeelings": true,
 "PSpecTestThem": "AF_VCBRCiv"
 },
 {
 "strName": "AF_VCBRLEO",
 "strTitle": "Тест фракции VCBRLEO",
 "strColor": "Neutral",
 "aInverse": [],
 "fDuration": 0.0,
 "strThemType": "Self",
 "nLogging": 0,
 "bIgnoreFeelings": true,
 "PSpecTestThem": "AF_VCBRLEO"
 },
 {
 "strName": "AF_VENCCiv",
 "strTitle": "Тест фракции VENCCiv",
 "strColor": "Neutral",
 "aInverse": [],
 "fDuration": 0.0,
 "strThemType": "Self",
 "nLogging": 0,
 "bIgnoreFeelings": true,
 "PSpecTestThem": "AF_VENCCiv"
 },
 {
 "strName": "AF_VENCLEO",
 "strTitle": "Тест фракции VENCLEO",
 "strColor": "Neutral",
 "aInverse": [],
 "fDuration": 0.0,
 "strThemType": "Self",
 "nLogging": 0,
 "bIgnoreFeelings": true,
 "PSpecTestThem": "AF_VENCLEO"
 },
 {
 "strName": "AF_VenusCrim",
 "strTitle": "Тест фракции VenusCrim",
 "strColor": "Neutral",
 "aInverse": [],
 "fDuration": 0.0,
 "strThemType": "Self",
 "nLogging": 0,
 "bIgnoreFeelings": true,
 "PSpecTestThem": "AF_VenusCrim"
 },
 {
 "strName": "AF_VenusPirates",
 "strTitle": "Тест фракции VenusPirates",
 "strColor": "Neutral",
 "aInverse": [],
 "fDuration": 0.0,
 "strThemType": "Self",
 "nLogging": 0,
 "bIgnoreFeelings": true,
 "PSpecTestThem": "AF_VenusPirates"
 },
 {
 "strName": "AF_VNCACiv",
 "strTitle": "Тест фракции VNCACiv",
 "strColor": "Neutral",
 "aInverse": [],
 "fDuration": 0.0,
 "strThemType": "Self",
 "nLogging": 0,
 "bIgnoreFeelings": true,
 "PSpecTestThem": "AF_VNCACiv"
 },
 {
 "strName": "AF_VNCALEO",
 "strTitle": "Тест фракции VNCALEO",
 "strColor": "Neutral",
 "aInverse": [],
 "fDuration": 0.0,
 "strThemType": "Self",
 "nLogging": 0,
 "bIgnoreFeelings": true,
 "PSpecTestThem": "AF_VNCALEO"
 }
]