[
  {
    "strName": "EVTBark_None",
    "strTitle": "Реакция на шок: Молчание",
    "strDesc": "[us] ничего не говорит.",
    "bRandomInverse": true,
    "aInverse": [],
    "fDuration": 0.0,
    "strThemType": "Self",
    "nLogging": 0,
    "LootCTsUs": null,
    "LootCTsThem": null,
    "CTTestUs": null,
    "CTTestThem": null
  },
  {
    "strName": "EVTBark_AhCrap",
    "strTitle": "Реакция на шок: Ах, чёрт",
    "strDesc": "[us] говорит «Ах, чёрт.»",
    "bRandomInverse": true,
    "aInverse": [],
    "fDuration": 0.0,
    "strThemType": "Self",
    "nLogging": 2,
    "LootCTsUs": null,
    "LootCTsThem": null,
    "CTTestUs": null,
    "CTTestThem": null
  },
  {
    "strName": "EVTBark_AllDie",
    "strTitle": "Реакция на шок: Все умрут",
    "strDesc": "[us] говорит «Мы все умрём!»",
    "bRandomInverse": true,
    "aInverse": [],
    "fDuration": 0.0,
    "strThemType": "Self",
    "nLogging": 2,
    "LootCTsUs": null,
    "LootCTsThem": null,
    "CTTestUs": null,
    "CTTestThem": null
  },
  {
    "strName": "EVTBark_CantDoThis",
    "strTitle": "Реакция на шок: Не могу",
    "strDesc": "[us] говорит «Я не могу!»",
    "bRandomInverse": true,
    "aInverse": [],
    "fDuration": 0.0,
    "strThemType": "Self",
    "nLogging": 2,
    "LootCTsUs": null,
    "LootCTsThem": null,
    "CTTestUs": null,
    "CTTestThem": null
  },
  {
    "strName": "EVTBark_Exciting",
    "strTitle": "Реакция на шок: Захватывающе",
    "strDesc": "[us] говорит «О! Захватывающе!»",
    "bRandomInverse": true,
    "aInverse": [],
    "fDuration": 0.0,
    "strThemType": "Self",
    "nLogging": 2,
    "LootCTsUs": null,
    "LootCTsThem": null,
    "CTTestUs": null,
    "CTTestThem": null
  },
  {
    "strName": "EVTBark_Meh",
    "strTitle": "Реакция на шок: Ну и что",
    "strDesc": "[us] говорит «Ну и что.»",
    "bRandomInverse": true,
    "aInverse": [],
    "fDuration": 0.0,
    "strThemType": "Self",
    "nLogging": 2,
    "LootCTsUs": null,
    "LootCTsThem": null,
    "CTTestUs": null,
    "CTTestThem": null
  },
  {
    "strName": "EVTBark_Nice",
    "strTitle": "Реакция на шок: Славненько",
    "strDesc": "[us] говорит «Славненько.»",
    "bRandomInverse": true,
    "aInverse": [],
    "fDuration": 0.0,
    "strThemType": "Self",
    "nLogging": 2,
    "LootCTsUs": null,
    "LootCTsThem": null,
    "CTTestUs": null,
    "CTTestThem": null
  },
  {
    "strName": "EVTBark_NotThatBad",
    "strTitle": "Реакция на шок: Не так страшно",
    "strDesc": "[us] говорит «Уверен, не так уж всё и плохо.»",
    "bRandomInverse": true,
    "aInverse": [],
    "fDuration": 0.0,
    "strThemType": "Self",
    "nLogging": 2,
    "LootCTsUs": null,
    "LootCTsThem": null,
    "CTTestUs": null,
    "CTTestThem": null
  },
  {
    "strName": "EVTBark_OhGod",
    "strTitle": "Реакция на шок: Боже мой",
    "strDesc": "[us] говорит «Боже мой!»",
    "bRandomInverse": true,
    "aInverse": [],
    "fDuration": 0.0,
    "strThemType": "Self",
    "nLogging": 2,
    "LootCTsUs": null,
    "LootCTsThem": null,
    "CTTestUs": null,
    "CTTestThem": null
  },
  {
    "strName": "EVTBark_OhNo",
    "strTitle": "Реакция на шок: О нет",
    "strDesc": "[us] говорит «О нет!»",
    "bRandomInverse": true,
    "aInverse": [],
    "fDuration": 0.0,
    "strThemType": "Self",
    "nLogging": 2,
    "LootCTsUs": null,
    "LootCTsThem": null,
    "CTTestUs": null,
    "CTTestThem": null
  },
  {
    "strName": "EVTBark_PrettyBad",
    "strTitle": "Реакция на шок: Плохо дело",
    "strDesc": "[us] говорит «Пожалуй, дело плохо.»",
    "bRandomInverse": true,
    "aInverse": [],
    "fDuration": 0.0,
    "strThemType": "Self",
    "nLogging": 2,
    "LootCTsUs": null,
    "LootCTsThem": null,
    "CTTestUs": null,
    "CTTestThem": null
  },
  {
    "strName": "EVTBark_SaveOthers",
    "strTitle": "Реакция на шок: Проверить других",
    "strDesc": "[us] говорит «Надо проверить остальных.»",
    "bRandomInverse": true,
    "aInverse": [],
    "fDuration": 0.0,
    "strThemType": "Self",
    "nLogging": 2,
    "LootCTsUs": null,
    "LootCTsThem": null,
    "CTTestUs": null,
    "CTTestThem": null
  },
  {
    "strName": "EVTBark_SaveSelf",
    "strTitle": "Реакция на шок: Спасайся сам",
    "strDesc": "[us] говорит «Каждый сам за себя!»",
    "bRandomInverse": true,
    "aInverse": [],
    "fDuration": 0.0,
    "strThemType": "Self",
    "nLogging": 2,
    "LootCTsUs": null,
    "LootCTsThem": null,
    "CTTestUs": null,
    "CTTestThem": null
  },
  {
    "strName": "EVTBark_Yay",
    "strTitle": "Реакция на шок: Ура",
    "strDesc": "[us] говорит «Ура!»",
    "bRandomInverse": true,
    "aInverse": [],
    "fDuration": 0.0,
    "strThemType": "Self",
    "nLogging": 2,
    "LootCTsUs": null,
    "LootCTsThem": null,
    "CTTestUs": null,
    "CTTestThem": null
  },
  {
    "strName": "EVTCollisionBig",
    "strTitle": "Событие: Столкновение",
    "strDesc": "[us] только что столкнулся.",
    "bRandomInverse": true,
    "bIgnoreFeelings": true,
    "aInverse": [
      "EVTScareBig"
    ],
    "fDuration": 0.0,
    "strThemType": "Self",
    "nLogging": 0,
    "LootCTsUs": "CTEVTCollisionBig",
    "CTTestUs": "TIsNotCrashCooldown"
  },
  {
    "strName": "EVTExposeVoid",
    "strTitle": "Событие: Воздействие вакуума",
    "strDesc": "[us] только что подвергся воздействию вакуума.",
    "bRandomInverse": true,
    "bIgnoreFeelings": true,
    "aInverse": [
      "EVTScareBig"
    ],
    "fDuration": 0.0,
    "strThemType": "Self",
    "nLogging": 0,
    "LootCTsUs": "CTEVTVoid",
    "CTTestUs": "TIsNotVoidCooldown"
  },
  {
    "strName": "EVTScareBig",
    "strTitle": "Событие: Сильный испуг",
    "strDesc": "[us] только что сильно испугался.",
    "bRandomInverse": true,
    "bIgnoreFeelings": true,
    "aInverse": [
      "EVTScareBigAgliophobic",
      "EVTScareBigApathetic",
      "EVTScareBigBrave",
      "EVTScareBigComedian",
      "EVTScareBigCraven",
      "EVTScareBigOptimist",
      "EVTScareBigPessimist",
      "EVTScareBigQuitter",
      "EVTScareBigSelfish",
      "EVTScareBigSelfless",
      "EVTScareBigBasic"
    ],
    "fDuration": 0.0,
    "strThemType": "Self",
    "nLogging": 0,
    "LootCTsUs": null,
    "CTTestUs": "TIsHumanAwake"
  },
  {
    "strName": "EVTScareBigBasic",
    "strTitle": "Реакция на испуг (Обычная)",
    "strDesc": "[us] переживает сильный испуг.",
    "bRandomInverse": true,
    "bIgnoreFeelings": true,
    "aInverse": [
      "EVTBark_None",
      "EVTBark_OhNo"
    ],
    "fDuration": 0.0,
    "strThemType": "Self",
    "nLogging": 0,
    "LootCTsUs": "CTEVTScareBigBasic",
    "LootCTsThem": null,
    "CTTestUs": null,
    "CTTestThem": null,
    "aLootItms": [
      "addus,SocialScareBigBasic"
    ]
  },
  {
    "strName": "EVTScareBigAgliophobic",
    "strTitle": "Реакция на испуг (Агиофоб)",
    "strDesc": "[us] переживает сильный испуг.",
    "bRandomInverse": true,
    "bIgnoreFeelings": true,
    "aInverse": [
      "EVTBark_None",
      "EVTBark_AllDie"
    ],
    "fDuration": 0.0,
    "strThemType": "Self",
    "nLogging": 0,
    "LootCTsUs": "CTEVTScareBigAgliophobic",
    "LootCTsThem": null,
    "CTTestUs": "TIsAgliophobic",
    "CTTestThem": null,
    "aLootItms": [
      "addus,SocialScareBigBasic"
    ]
  },
  {
    "strName": "EVTScareBigApathetic",
    "strTitle": "Реакция на испуг (Апатичный)",
    "strDesc": "[us] переживает сильный испуг.",
    "bRandomInverse": true,
    "bIgnoreFeelings": true,
    "aInverse": [
      "EVTBark_None",
      "EVTBark_Meh"
    ],
    "fDuration": 0.0,
    "strThemType": "Self",
    "nLogging": 0,
    "LootCTsUs": "CTEVTScareBigApathetic",
    "LootCTsThem": null,
    "CTTestUs": "TIsApathetic",
    "CTTestThem": null,
    "aLootItms": []
  },
  {
    "strName": "EVTScareBigBrave",
    "strTitle": "Реакция на испуг (Храбрец)",
    "strDesc": "[us] переживает сильный испуг.",
    "bRandomInverse": true,
    "bIgnoreFeelings": true,
    "aInverse": [
      "EVTBark_None",
      "EVTBark_AhCrap"
    ],
    "fDuration": 0.0,
    "strThemType": "Self",
    "nLogging": 0,
    "LootCTsUs": "CTEVTScareBigBrave",
    "LootCTsThem": null,
    "CTTestUs": "TIsBrave",
    "CTTestThem": null,
    "aLootItms": [
      "addus,SocialScareBigBrave"
    ]
  },
  {
    "strName": "EVTScareBigComedian",
    "strTitle": "Реакция на испуг (Комик)",
    "strDesc": "[us] переживает сильный испуг.",
    "bRandomInverse": true,
    "bIgnoreFeelings": true,
    "aInverse": [
      "EVTBark_None",
      "EVTBark_Nice"
    ],
    "fDuration": 0.0,
    "strThemType": "Self",
    "nLogging": 0,
    "LootCTsUs": "CTEVTScareBigComedian",
    "LootCTsThem": null,
    "CTTestUs": "TIsComedian",
    "CTTestThem": null,
    "aLootItms": [
      "addus,SocialScareBigComedian"
    ]
  },
  {
    "strName": "EVTScareBigCraven",
    "strTitle": "Реакция на испуг (Трус)",
    "strDesc": "[us] переживает сильный испуг.",
    "bRandomInverse": true,
    "bIgnoreFeelings": true,
    "aInverse": [
      "EVTBark_None",
      "EVTBark_OhGod"
    ],
    "fDuration": 0.0,
    "strThemType": "Self",
    "nLogging": 0,
    "LootCTsUs": "CTEVTScareBigCraven",
    "LootCTsThem": null,
    "CTTestUs": "TIsCraven",
    "CTTestThem": null,
    "aLootItms": [
      "addus,SocialScareBigBasic"
    ]
  },
  {
    "strName": "EVTScareBigMasochist",
    "strTitle": "Реакция на испуг (Мазохист)",
    "strDesc": "[us] переживает сильный испуг.",
    "bRandomInverse": true,
    "bIgnoreFeelings": true,
    "aInverse": [
      "EVTBark_None",
      "EVTBark_Exciting",
      "EVTBark_Yay"
    ],
    "fDuration": 0.0,
    "strThemType": "Self",
    "nLogging": 0,
    "LootCTsUs": "CTEVTScareBigMasochist",
    "LootCTsThem": null,
    "CTTestUs": "TIsMasochist",
    "CTTestThem": null,
    "aLootItms": [
      "addus,SocialScareBigBasic"
    ]
  },
  {
    "strName": "EVTScareBigOptimist",
    "strTitle": "Реакция на испуг (Оптимист)",
    "strDesc": "[us] переживает сильный испуг.",
    "bRandomInverse": true,
    "bIgnoreFeelings": true,
    "aInverse": [
      "EVTBark_None",
      "EVTBark_NotThatBad"
    ],
    "fDuration": 0.0,
    "strThemType": "Self",
    "nLogging": 0,
    "LootCTsUs": "CTEVTScareBigOptimist",
    "LootCTsThem": null,
    "CTTestUs": "TIsOptimist",
    "CTTestThem": null,
    "aLootItms": [
      "addus,SocialScareBigBrave"
    ]
  },
  {
    "strName": "EVTScareBigPessimist",
    "strTitle": "Реакция на испуг (Пессимист)",
    "strDesc": "[us] переживает сильный испуг.",
    "bRandomInverse": true,
    "bIgnoreFeelings": true,
    "aInverse": [
      "EVTBark_None",
      "EVTBark_PrettyBad"
    ],
    "fDuration": 0.0,
    "strThemType": "Self",
    "nLogging": 0,
    "LootCTsUs": "CTEVTScareBigPessimist",
    "LootCTsThem": null,
    "CTTestUs": "TIsPessimist",
    "CTTestThem": null,
    "aLootItms": [
      "addus,SocialScareBigBasic"
    ]
  },
  {
    "strName": "EVTScareBigQuitter",
    "strTitle": "Реакция на испуг (Сдающийся)",
    "strDesc": "[us] переживает сильный испуг.",
    "bRandomInverse": true,
    "bIgnoreFeelings": true,
    "aInverse": [
      "EVTBark_None",
      "EVTBark_CantDoThis"
    ],
    "fDuration": 0.0,
    "strThemType": "Self",
    "nLogging": 0,
    "LootCTsUs": "CTEVTScareBigQuitter",
    "LootCTsThem": null,
    "CTTestUs": "TIsQuitter",
    "CTTestThem": null,
    "aLootItms": []
  },
  {
    "strName": "EVTScareBigSelfish",
    "strTitle": "Реакция на испуг (Эгоист)",
    "strDesc": "[us] переживает сильный испуг.",
    "bRandomInverse": true,
    "bIgnoreFeelings": true,
    "aInverse": [
      "EVTBark_None",
      "EVTBark_SaveSelf"
    ],
    "fDuration": 0.0,
    "strThemType": "Self",
    "nLogging": 0,
    "LootCTsUs": "CTEVTScareBigSelfish",
    "LootCTsThem": null,
    "CTTestUs": "TIsSelfish",
    "CTTestThem": null,
    "aLootItms": [
      "addus,SocialScareBigBasic"
    ]
  },
  {
    "strName": "EVTScareBigSelfless",
    "strTitle": "Реакция на испуг (Самоотверженный)",
    "strDesc": "[us] переживает сильный испуг.",
    "bRandomInverse": true,
    "bIgnoreFeelings": true,
    "aInverse": [
      "EVTBark_None",
      "EVTBark_SaveOthers"
    ],
    "fDuration": 0.0,
    "strThemType": "Self",
    "nLogging": 0,
    "LootCTsUs": "CTEVTScareBigSelfless",
    "LootCTsThem": null,
    "CTTestUs": "TIsSelfless",
    "CTTestThem": null,
    "aLootItms": [
      "addus,SocialScareBigBasic"
    ]
  }
]