[
 {
 "strName": "SLOTBodyFoot",
 "strDesc": "[us] закреплён на [them].",
 "aInverse": [],
 "strThemType": "Other",
 "nLogging": 0,
 "bOpener": true,
 "LootCondsUs": null,
 "LootCondsThem": "CONDBodyFoot",
 "CTTestUs": null,
 "CTTestThem": "TIsHuman",
 "aLootItms": []
 },
 {
 "strName": "SLOTClothesLightweight01",
 "strDesc": "[us] закреплён на [them].",
 "aInverse": [],
 "strThemType": "Other",
 "nLogging": 0,
 "bOpener": true,
 "LootCondsUs": null,
 "LootCondsThem": "CONDClothesLightweight01",
 "CTTestUs": null,
 "CTTestThem": null,
 "aLootItms": []
 },
 {
 "strName": "SLOTClothesMidweight01",
 "strDesc": "[us] закреплён на [them].",
 "aInverse": [],
 "strThemType": "Other",
 "nLogging": 0,
 "bOpener": true,
 "LootCondsUs": null,
 "LootCondsThem": "CONDClothesMidweight01",
 "CTTestUs": null,
 "CTTestThem": null,
 "aLootItms": []
 },
 {
 "strName": "SLOTClothesPantsLight01",
 "strDesc": "[us] закреплён на [them].",
 "aInverse": [],
 "strThemType": "Other",
 "nLogging": 0,
 "bOpener": true,
 "LootCondsUs": null,
 "LootCondsThem": "CONDClothesPantsLight01",
 "CTTestUs": null,
 "CTTestThem": null,
 "aLootItms": []
 },
 {
 "strName": "SLOTClothesLeggings01",
 "strDesc": "[us] закреплён на [them].",
 "aInverse": [],
 "strThemType": "Other",
 "nLogging": 0,
 "bOpener": true,
 "LootCondsUs": null,
 "LootCondsThem": "CONDClothesLeggings01",
 "CTTestUs": null,
 "CTTestThem": null,
 "aLootItms": []
 },
 {
 "strName": "SLOTClothesLeggings02",
 "strDesc": "[us] закреплён на [them].",
 "aInverse": [],
 "strThemType": "Other",
 "nLogging": 0,
 "bOpener": true,
 "LootCondsUs": null,
 "LootCondsThem": "CONDClothesLeggings02",
 "CTTestUs": null,
 "CTTestThem": null,
 "aLootItms": []
 },
 {
 "strName": "SLOTEVASuit01",
 "strDesc": "[us] закреплён на [them].",
 "aInverse": [
 "SLOTEVASuit01Skilled,[us],[them]",
 "SLOTEVASuit01Unskilled,[us],[them]"
 ],
 "strThemType": "Other",
 "nLogging": 0,
 "bOpener": true,
 "LootCondsUs": null,
 "LootCondsThem": "CONDEVASuit01",
 "LootCTsThem": null,
 "CTTestUs": null,
 "CTTestThem": null,
 "aLootItms": [],
 "bIgnoreFeelings": true
 },
 {
 "strName": "SLOTEVASuit01Skilled",
 "strDesc": "[us] закреплён на [them].",
 "aInverse": [],
 "strThemType": "Other",
 "nLogging": 0,
 "LootCondsUs": null,
 "LootCondsThem": null,
 "LootCTsThem": null,
 "CTTestUs": null,
 "CTTestThem": "TIsSkilledSUIT",
 "aLootItms": []
 },
 {
 "strName": "SLOTEVASuit01Unskilled",
 "strDesc": "[us] закреплён на [them].",
 "aInverse": [],
 "strThemType": "Other",
 "nLogging": 0,
 "LootCondsUs": null,
 "LootCondsThem": null,
 "LootCTsThem": "CTSLOTEVASuitWorkPenalty",
 "CTTestUs": null,
 "CTTestThem": null,
 "aTickersUs": [],
 "aLootItms": []
 },
 {
 "strName": "SLOTEVASuit01Off",
 "strDesc": "[us] закреплён на [them].",
 "aInverse": [
 "SLOTEVASuit01OffSkilled,[us],[them]",
 "SLOTEVASuit01OffUnskilled,[us],[them]"
 ],
 "strThemType": "Other",
 "nLogging": 0,
 "bOpener": true,
 "LootCondsUs": null,
 "LootCondsThem": "CONDEVASuit01Off",
 "LootCTsThem": null,
 "CTTestUs": null,
 "CTTestThem": null,
 "aLootItms": [],
 "bIgnoreFeelings": true
 },
 {
 "strName": "SLOTEVASuit01OffSkilled",
 "strDesc": "[us] закреплён на [them].",
 "aInverse": [],
 "strThemType": "Other",
 "nLogging": 0,
 "LootCondsUs": null,
 "LootCondsThem": null,
 "LootCTsThem": null,
 "CTTestUs": null,
 "CTTestThem": "TIsSkilledSUIT",
 "aLootItms": []
 },
 {
 "strName": "SLOTEVASuit01OffUnskilled",
 "strDesc": "[us] закреплён на [them].",
 "aInverse": [],
 "strThemType": "Other",
 "nLogging": 0,
 "LootCondsUs": null,
 "LootCondsThem": null,
 "LootCTsThem": "CTSLOTEVASuitWorkPenalty",
 "CTTestUs": null,
 "CTTestThem": null,
 "aTickersUs": [],
 "aLootItms": []
 },
 {
 "strName": "SLOTHandLamp01L",
 "strDesc": "[us] закреплён на [them].",
 "aInverse": [],
 "strThemType": "Other",
 "nLogging": 0,
 "bOpener": true,
 "LootCondsUs": "CONDWieldedDefaultL",
 "LootCondsThem": "CONDHandLamp01L",
 "CTTestUs": null,
 "CTTestThem": "TIsHuman",
 "aLootItms": [],
 "aAModesAddedThem": [
 "ACTMeleeWeapon;AModeDefault;CTWieldedL",
 "ACTMeleeFinalBlowWeapon;AModeDefaultHelpless;CTWieldedL"
 ]
 },
 {
 "strName": "SLOTHandLamp01R",
 "strDesc": "[us] закреплён на [them].",
 "aInverse": [],
 "strThemType": "Other",
 "nLogging": 0,
 "bOpener": true,
 "LootCondsUs": "CONDWieldedDefaultR",
 "LootCondsThem": "CONDHandLamp01R",
 "CTTestUs": null,
 "CTTestThem": "TIsHuman",
 "aLootItms": [],
 "aAModesAddedThem": [
 "ACTMeleeWeapon;AModeDefault;CTWieldedR",
 "ACTMeleeFinalBlowWeapon;AModeDefaultHelpless;CTWieldedR"
 ]
 },
 {
 "strName": "SLOTHandPDA01L",
 "strDesc": "[us] закреплён на [them].",
 "aInverse": [],
 "strThemType": "Other",
 "nLogging": 0,
 "bOpener": true,
 "LootCondsUs": "CONDWieldedDefaultL",
 "LootCondsThem": "CONDHandPDA01L",
 "CTTestUs": null,
 "CTTestThem": "TIsHuman",
 "aLootItms": [],
 "aAModesAddedThem": [
 "ACTMeleeWeapon;AModeDefault;CTWieldedL",
 "ACTMeleeFinalBlowWeapon;AModeDefaultHelpless;CTWieldedL"
 ]
 },
 {
 "strName": "SLOTHandPDA01R",
 "strDesc": "[us] закреплён на [them].",
 "aInverse": [],
 "strThemType": "Other",
 "nLogging": 0,
 "bOpener": true,
 "LootCondsUs": "CONDWieldedDefaultR",
 "LootCondsThem": "CONDHandPDA01R",
 "CTTestUs": null,
 "CTTestThem": "TIsHuman",
 "aLootItms": [],
 "aAModesAddedThem": [
 "ACTMeleeWeapon;AModeDefault;CTWieldedR",
 "ACTMeleeFinalBlowWeapon;AModeDefaultHelpless;CTWieldedR"
 ]
 },
 {
 "strName": "SLOTHelmet01",
 "strDesc": "[us] закреплён на [them].",
 "aInverse": [],
 "strThemType": "Other",
 "nLogging": 0,
 "bOpener": true,
 "LootCondsUs": null,
 "LootCondsThem": "CONDHelmet01",
 "CTTestUs": null,
 "CTTestThem": null,
 "aLootItms": []
 },
 {
 "strName": "SLOTHelmet01Dmg",
 "strDesc": "[us] закреплён на [them].",
 "aInverse": [],
 "strThemType": "Other",
 "nLogging": 0,
 "bOpener": true,
 "LootCondsUs": null,
 "LootCondsThem": "CONDHelmet01Dmg",
 "CTTestUs": null,
 "CTTestThem": null,
 "aLootItms": []
 },
 {
 "strName": "SLOTHelmet02",
 "strDesc": "[us] закреплён на [them].",
 "aInverse": [],
 "strThemType": "Other",
 "nLogging": 0,
 "bOpener": true,
 "LootCondsUs": null,
 "LootCondsThem": "CONDHelmet02",
 "CTTestUs": null,
 "CTTestThem": null,
 "aLootItms": []
 },
 {
 "strName": "SLOTHelmet02Dmg",
 "strDesc": "[us] закреплён на [them].",
 "aInverse": [],
 "strThemType": "Other",
 "nLogging": 0,
 "bOpener": true,
 "LootCondsUs": null,
 "LootCondsThem": "CONDHelmet02Dmg",
 "CTTestUs": null,
 "CTTestThem": null,
 "aLootItms": []
 },
 {
 "strName": "SLOTPressureSuit01",
 "strDesc": "[us] закреплён на [them].",
 "aInverse": [],
 "strThemType": "Other",
 "nLogging": 0,
 "bOpener": true,
 "LootCondsUs": null,
 "LootCondsThem": "CONDPressureSuit01",
 "CTTestUs": null,
 "CTTestThem": null,
 "aLootItms": []
 },
 {
 "strName": "SLOTClothesShirt01",
 "strDesc": "[us] закреплён на [them].",
 "aInverse": [],
 "strThemType": "Other",
 "nLogging": 0,
 "bOpener": true,
 "LootCondsUs": null,
 "LootCondsThem": "CONDClothesShirt01",
 "CTTestUs": null,
 "CTTestThem": null,
 "aLootItms": []
 },
 {
 "strName": "SLOTClothesShoe01",
 "strDesc": "[us] закреплён на [them].",
 "aInverse": [],
 "strThemType": "Other",
 "nLogging": 0,
 "bOpener": true,
 "LootCondsUs": null,
 "LootCondsThem": "CONDClothesShoe01",
 "CTTestUs": null,
 "CTTestThem": "TIsHuman",
 "aLootItms": []
 },
 {
 "strName": "SLOTClothesShoe01Wrong",
 "strDesc": "[us] закреплён на [them].",
 "aInverse": [],
 "strThemType": "Other",
 "nLogging": 0,
 "bOpener": true,
 "LootCondsUs": null,
 "LootCondsThem": "CONDClothesShoe01Wrong",
 "CTTestUs": null,
 "CTTestThem": "TIsHuman",
 "aLootItms": []
 },
 {
 "strName": "SLOTWound",
 "strDesc": "[us] закреплён на [them].",
 "aInverse": [],
 "strThemType": "Other",
 "nLogging": 0,
 "bOpener": true,
 "LootCondsUs": null,
 "LootCondsThem": "CONDWound",
 "CTTestUs": null,
 "CTTestThem": "TIsHuman",
 "aLootItms": []
 },
 {
 "strName": "SLOTWoundBandageClean",
 "strDesc": "[us] закреплён на [them].",
 "aInverse": [],
 "strThemType": "Other",
 "nLogging": 0,
 "bOpener": true,
 "LootCondsUs": null,
 "LootCondsThem": "CONDWoundBandaged",
 "CTTestUs": null,
 "CTTestThem": null,
 "aTickersUs": [
 "BandageCleanDegrade"
 ],
 "aLootItms": []
 },
 {
 "strName": "SLOTWoundCoffeeDrink",
 "strDesc": "[us] закреплён на [them].",
 "aInverse": [
 "SLOTWoundCoffeeDrinkEffect,[us],[them]",
 "SLOTWoundCoffeeDrinkNoEffect,[us],[them]"
 ],
 "strThemType": "Other",
 "nLogging": 0,
 "bOpener": false,
 "LootCondsUs": null,
 "LootCondsThem": null,
 "CTTestUs": null,
 "CTTestThem": null,
 "aTickersUs": [],
 "aLootItms": []
 },
 {
 "strName": "SLOTWoundCoffeeDrinkEffect",
 "strDesc": "[us] закреплён на [them].",
 "aInverse": [],
 "strThemType": "Other",
 "nLogging": 0,
 "bOpener": false,
 "LootCondsUs": null,
 "LootCondsThem": "CONDWoundCoffeeDrink",
 "CTTestUs": null,
 "CTTestThem": "TIsCutWound",
 "aTickersUs": [],
 "aLootItms": [
 "RemoveUs,CT[us],false,true,false"
 ]
 },
 {
 "strName": "SLOTWoundCoffeeDrinkNoEffect",
 "strDesc": "[us] закреплён на [them].",
 "aInverse": [],
 "strThemType": "Other",
 "nLogging": 0,
 "bOpener": false,
 "LootCondsUs": null,
 "LootCondsThem": null,
 "CTTestUs": null,
 "CTTestThem": null,
 "aTickersUs": [],
 "aLootItms": [
 "RemoveUs,CT[us],false,true,false"
 ]
 },
 {
 "strName": "SLOTWoundLiquorHard",
 "strDesc": "[us] закреплён на [them].",
 "aInverse": [
 "SLOTWoundLiquorHardEffect,[us],[them]",
 "SLOTWoundLiquorHardNoEffect,[us],[them]"
 ],
 "strThemType": "Other",
 "nLogging": 0,
 "bOpener": false,
 "LootCondsUs": null,
 "LootCondsThem": null,
 "CTTestUs": null,
 "CTTestThem": null,
 "aTickersUs": [],
 "aLootItms": []
 },
 {
 "strName": "SLOTWoundLiquorHardEffect",
 "strDesc": "[us] закреплён на [them].",
 "aInverse": [],
 "strThemType": "Other",
 "nLogging": 0,
 "bOpener": false,
 "LootCondsUs": null,
 "LootCondsThem": "CONDWoundLiquorHard",
 "CTTestUs": null,
 "CTTestThem": "TIsCutWound",
 "aTickersUs": [],
 "aLootItms": [
 "RemoveUs,CT[us],false,true,false"
 ]
 },
 {
 "strName": "SLOTWoundLiquorHardNoEffect",
 "strDesc": "[us] закреплён на [them].",
 "aInverse": [],
 "strThemType": "Other",
 "nLogging": 0,
 "bOpener": false,
 "LootCondsUs": null,
 "LootCondsThem": null,
 "CTTestUs": null,
 "CTTestThem": null,
 "aTickersUs": [],
 "aLootItms": [
 "RemoveUs,CT[us],false,true,false"
 ]
 },
 {
 "strName": "SLOTWoundLiquorWeak",
 "strDesc": "[us] закреплён на [them].",
 "aInverse": [
 "SLOTWoundLiquorWeakEffect,[us],[them]",
 "SLOTWoundLiquorWeakNoEffect,[us],[them]"
 ],
 "strThemType": "Other",
 "nLogging": 0,
 "bOpener": false,
 "LootCondsUs": null,
 "LootCondsThem": null,
 "CTTestUs": null,
 "CTTestThem": null,
 "aTickersUs": [],
 "aLootItms": []
 },
 {
 "strName": "SLOTWoundLiquorWeakEffect",
 "strDesc": "[us] закреплён на [them].",
 "aInverse": [],
 "strThemType": "Other",
 "nLogging": 0,
 "bOpener": false,
 "LootCondsUs": null,
 "LootCondsThem": "CONDWoundLiquorWeak",
 "CTTestUs": null,
 "CTTestThem": "TIsCutWound",
 "aTickersUs": [],
 "aLootItms": [
 "RemoveUs,CT[us],false,true,false"
 ]
 },
 {
 "strName": "SLOTWoundLiquorWeakNoEffect",
 "strDesc": "[us] закреплён на [them].",
 "aInverse": [],
 "strThemType": "Other",
 "nLogging": 0,
 "bOpener": false,
 "LootCondsUs": null,
 "LootCondsThem": null,
 "CTTestUs": null,
 "CTTestThem": null,
 "aTickersUs": [],
 "aLootItms": [
 "RemoveUs,CT[us],false,true,false"
 ]
 },
 {
 "strName": "SLOTWoundWaterClean",
 "strDesc": "[us] закреплён на [them].",
 "aInverse": [
 "SLOTWoundWaterCleanEffect,[us],[them]",
 "SLOTWoundWaterCleanNoEffect,[us],[them]"
 ],
 "strThemType": "Other",
 "nLogging": 0,
 "bOpener": false,
 "LootCondsUs": null,
 "LootCondsThem": null,
 "CTTestUs": null,
 "CTTestThem": null,
 "aTickersUs": [],
 "aLootItms": []
 },
 {
 "strName": "SLOTWoundWaterCleanEffect",
 "strDesc": "[us] закреплён на [them].",
 "aInverse": [],
 "strThemType": "Other",
 "nLogging": 0,
 "bOpener": false,
 "LootCondsUs": null,
 "LootCondsThem": "CONDWoundWaterClean",
 "CTTestUs": null,
 "CTTestThem": "TIsCutWound",
 "aTickersUs": [],
 "aLootItms": [
 "RemoveUs,CT[us],false,true,false"
 ]
 },
 {
 "strName": "SLOTWoundWaterCleanNoEffect",
 "strDesc": "[us] закреплён на [them].",
 "aInverse": [],
 "strThemType": "Other",
 "nLogging": 0,
 "bOpener": false,
 "LootCondsUs": null,
 "LootCondsThem": null,
 "CTTestUs": null,
 "CTTestThem": null,
 "aTickersUs": [],
 "aLootItms": [
 "RemoveUs,CT[us],false,true,false"
 ]
 },
 {
 "strName": "SLOTWoundWaterCleanSoap",
 "strDesc": "[us] закреплён на [them].",
 "aInverse": [
 "SLOTWoundWaterCleanSoapEffect,[us],[them]",
 "SLOTWoundWaterCleanSoapNoEffect,[us],[them]"
 ],
 "strThemType": "Other",
 "nLogging": 0,
 "bOpener": false,
 "LootCondsUs": null,
 "LootCondsThem": null,
 "CTTestUs": null,
 "CTTestThem": null,
 "aTickersUs": [],
 "aLootItms": []
 },
 {
 "strName": "SLOTWoundWaterCleanSoapEffect",
 "strDesc": "[us] закреплён на [them].",
 "aInverse": [],
 "strThemType": "Other",
 "nLogging": 0,
 "bOpener": false,
 "LootCondsUs": null,
 "LootCondsThem": "CONDWoundWaterCleanSoap",
 "CTTestUs": null,
 "CTTestThem": "TIsCutWound",
 "aTickersUs": [],
 "aLootItms": [
 "RemoveUs,CT[us],false,true,false"
 ]
 },
 {
 "strName": "SLOTWoundWaterCleanSoapNoEffect",
 "strDesc": "[us] закреплён на [them].",
 "aInverse": [],
 "strThemType": "Other",
 "nLogging": 0,
 "bOpener": false,
 "LootCondsUs": null,
 "LootCondsThem": null,
 "CTTestUs": null,
 "CTTestThem": null,
 "aTickersUs": [],
 "aLootItms": [
 "RemoveUs,CT[us],false,true,false"
 ]
 },
 {
 "strName": "SLOTWoundAbdomenUpperBlunt02a",
 "strDesc": "[us] закреплён на [them].",
 "aInverse": [],
 "strThemType": "Other",
 "nLogging": 0,
 "bOpener": true,
 "LootCondsUs": null,
 "LootCondsThem": "CONDDcWoundBluntAbdomenUpper02aThem",
 "CTTestUs": null,
 "CTTestThem": "TIsHuman",
 "aTickersUs": [],
 "aLootItms": []
 },
 {
 "strName": "SLOTWoundAbdomenUpperCut03",
 "strDesc": "[us] закреплён на [them].",
 "aInverse": [],
 "strThemType": "Other",
 "nLogging": 0,
 "bOpener": true,
 "LootCondsUs": null,
 "LootCondsThem": "CONDDcWoundCutAbdomenUpper03Them",
 "CTTestUs": null,
 "CTTestThem": "TIsHuman",
 "aTickersUs": [],
 "aLootItms": []
 },
 {
 "strName": "SLOTWoundChestLowerBlunt02a",
 "strDesc": "[us] закреплён на [them].",
 "aInverse": [],
 "strThemType": "Other",
 "nLogging": 0,
 "bOpener": true,
 "LootCondsUs": null,
 "LootCondsThem": "CONDDcWoundBluntChestLower02aThem",
 "CTTestUs": null,
 "CTTestThem": "TIsHuman",
 "aTickersUs": [],
 "aLootItms": []
 },
 {
 "strName": "SLOTWoundChestLowerBlunt02b",
 "strDesc": "[us] закреплён на [them].",
 "aInverse": [],
 "strThemType": "Other",
 "nLogging": 0,
 "bOpener": true,
 "LootCondsUs": null,
 "LootCondsThem": "CONDDcWoundBluntChestLower02bThem",
 "CTTestUs": null,
 "CTTestThem": "TIsHuman",
 "aTickersUs": [],
 "aLootItms": []
 },
 {
 "strName": "SLOTWoundChestLowerBlunt03",
 "strDesc": "[us] закреплён на [them].",
 "aInverse": [],
 "strThemType": "Other",
 "nLogging": 0,
 "bOpener": true,
 "LootCondsUs": null,
 "LootCondsThem": "CONDDcWoundBluntChestLower03Them",
 "CTTestUs": null,
 "CTTestThem": "TIsHuman",
 "aTickersUs": [],
 "aLootItms": []
 },
 {
 "strName": "SLOTWoundChestLowerBlunt03a",
 "strDesc": "[us] закреплён на [them].",
 "aInverse": [],
 "strThemType": "Other",
 "nLogging": 0,
 "bOpener": true,
 "LootCondsUs": null,
 "LootCondsThem": "CONDDcWoundBluntChestLower03aThem",
 "CTTestUs": null,
 "CTTestThem": "TIsHuman",
 "aTickersUs": [],
 "aLootItms": []
 },
 {
 "strName": "SLOTWoundChestLowerCut02a",
 "strDesc": "[us] закреплён на [them].",
 "aInverse": [],
 "strThemType": "Other",
 "nLogging": 0,
 "bOpener": true,
 "LootCondsUs": null,
 "LootCondsThem": "CONDDcWoundCutChestLower02aThem",
 "CTTestUs": null,
 "CTTestThem": "TIsHuman",
 "aTickersUs": [],
 "aLootItms": []
 },
 {
 "strName": "SLOTWoundChestLowerCut03a",
 "strDesc": "[us] закреплён на [them].",
 "aInverse": [],
 "strThemType": "Other",
 "nLogging": 0,
 "bOpener": true,
 "LootCondsUs": null,
 "LootCondsThem": "CONDDcWoundCutChestLower03aThem",
 "CTTestUs": null,
 "CTTestThem": "TIsHuman",
 "aTickersUs": [],
 "aLootItms": []
 },
 {
 "strName": "SLOTWoundChestLowerCut04a",
 "strDesc": "[us] закреплён на [them].",
 "aInverse": [],
 "strThemType": "Other",
 "nLogging": 0,
 "bOpener": true,
 "LootCondsUs": null,
 "LootCondsThem": "CONDDcWoundCutChestLower04aThem",
 "CTTestUs": null,
 "CTTestThem": "TIsHuman",
 "aTickersUs": [],
 "aLootItms": []
 },
 {
 "strName": "SLOTWoundRobotTorso02a",
 "strDesc": "[us] закреплён на [them].",
 "aInverse": [],
 "strThemType": "Other",
 "nLogging": 0,
 "bOpener": true,
 "LootCondsUs": null,
 "LootCondsThem": "CONDDcWoundRobotTorso02aThem",
 "CTTestUs": null,
 "CTTestThem": "TIsRobot",
 "aTickersUs": [],
 "aLootItms": []
 },
 {
 "strName": "UNSLOTWoundRobotTorso02a",
 "strDesc": "[us] закреплён на [them].",
 "aInverse": [],
 "strThemType": "Other",
 "nLogging": 0,
 "bOpener": true,
 "LootCondsUs": null,
 "LootCondsThem": "CONDDcWoundRobotTorso02aThemRemove",
 "CTTestUs": null,
 "CTTestThem": "TIsRobot",
 "aTickersUs": [],
 "aLootItms": []
 },
 {
 "strName": "SLOTWoundRobotTorso04",
 "strDesc": "[us] закреплён на [them].",
 "aInverse": [],
 "strThemType": "Other",
 "nLogging": 0,
 "bOpener": true,
 "LootCondsUs": null,
 "LootCondsThem": "CONDDcWoundRobotTorsoCut04Them",
 "CTTestUs": null,
 "CTTestThem": "TIsRobot",
 "aTickersUs": [],
 "aLootItms": []
 },
 {
 "strName": "UNSLOTWoundRobotTorso04",
 "strDesc": "[us] закреплён на [them].",
 "aInverse": [],
 "strThemType": "Other",
 "nLogging": 0,
 "bOpener": true,
 "LootCondsUs": null,
 "LootCondsThem": "CONDDcWoundRobotTorsoCut04ThemRemove",
 "CTTestUs": null,
 "CTTestThem": "TIsRobot",
 "aTickersUs": [],
 "aLootItms": []
 },
 {
 "strName": "SLOTWoundChestUpperBlunt02a",
 "strDesc": "[us] закреплён на [them].",
 "aInverse": [],
 "strThemType": "Other",
 "nLogging": 0,
 "bOpener": true,
 "LootCondsUs": null,
 "LootCondsThem": "CONDDcWoundBluntChestUpper02aThem",
 "CTTestUs": null,
 "CTTestThem": "TIsHuman",
 "aTickersUs": [],
 "aLootItms": []
 },
 {
 "strName": "SLOTWoundChestUpperBlunt02b",
 "strDesc": "[us] закреплён на [them].",
 "aInverse": [],
 "strThemType": "Other",
 "nLogging": 0,
 "bOpener": true,
 "LootCondsUs": null,
 "LootCondsThem": "CONDDcWoundBluntChestUpper02bThem",
 "CTTestUs": null,
 "CTTestThem": "TIsHuman",
 "aTickersUs": [],
 "aLootItms": []
 },
 {
 "strName": "SLOTWoundChestUpperBlunt03",
 "strDesc": "[us] закреплён на [them].",
 "aInverse": [],
 "strThemType": "Other",
 "nLogging": 0,
 "bOpener": true,
 "LootCondsUs": null,
 "LootCondsThem": "CONDDcWoundBluntChestUpper03Them",
 "CTTestUs": null,
 "CTTestThem": "TIsHuman",
 "aTickersUs": [],
 "aLootItms": []
 },
 {
 "strName": "SLOTWoundChestUpperBlunt03a",
 "strDesc": "[us] закреплён на [them].",
 "aInverse": [],
 "strThemType": "Other",
 "nLogging": 0,
 "bOpener": true,
 "LootCondsUs": null,
 "LootCondsThem": "CONDDcWoundBluntChestUpper03aThem",
 "CTTestUs": null,
 "CTTestThem": "TIsHuman",
 "aTickersUs": [],
 "aLootItms": []
 },
 {
 "strName": "SLOTWoundChestUpperCut02a",
 "strDesc": "[us] закреплён на [them].",
 "aInverse": [],
 "strThemType": "Other",
 "nLogging": 0,
 "bOpener": true,
 "LootCondsUs": null,
 "LootCondsThem": "CONDDcWoundCutChestUpper02aThem",
 "CTTestUs": null,
 "CTTestThem": "TIsHuman",
 "aTickersUs": [],
 "aLootItms": []
 },
 {
 "strName": "SLOTWoundChestUpperCut03a",
 "strDesc": "[us] закреплён на [them].",
 "aInverse": [],
 "strThemType": "Other",
 "nLogging": 0,
 "bOpener": true,
 "LootCondsUs": null,
 "LootCondsThem": "CONDDcWoundCutChestUpper03aThem",
 "CTTestUs": null,
 "CTTestThem": "TIsHuman",
 "aTickersUs": [],
 "aLootItms": []
 },
 {
 "strName": "SLOTWoundChestUpperCut04a",
 "strDesc": "[us] закреплён на [them].",
 "aInverse": [],
 "strThemType": "Other",
 "nLogging": 0,
 "bOpener": true,
 "LootCondsUs": null,
 "LootCondsThem": "CONDDcWoundCutChestUpper04aThem",
 "CTTestUs": null,
 "CTTestThem": "TIsHuman",
 "aTickersUs": [],
 "aLootItms": []
 },
 {
 "strName": "SLOTWoundHeadBlunt02",
 "strDesc": "[us] закреплён на [them].",
 "aInverse": [],
 "strThemType": "Other",
 "nLogging": 0,
 "bOpener": true,
 "LootCondsUs": null,
 "LootCondsThem": "CONDDcWoundBluntHead02Them",
 "CTTestUs": null,
 "CTTestThem": "TIsHuman",
 "aTickersUs": [],
 "aLootItms": []
 },
 {
 "strName": "SLOTWoundHeadBlunt03",
 "strDesc": "[us] закреплён на [them].",
 "aInverse": [],
 "strThemType": "Other",
 "nLogging": 0,
 "bOpener": true,
 "LootCondsUs": null,
 "LootCondsThem": "CONDDcWoundBluntHead03Them",
 "CTTestUs": null,
 "CTTestThem": "TIsHuman",
 "aTickersUs": [],
 "aLootItms": []
 },
 {
 "strName": "SLOTWoundHeadBlunt04",
 "strDesc": "[us] закреплён на [them].",
 "aInverse": [],
 "strThemType": "Other",
 "nLogging": 0,
 "bOpener": true,
 "LootCondsUs": null,
 "LootCondsThem": "CONDDcWoundBluntHead04Them",
 "CTTestUs": null,
 "CTTestThem": "TIsHuman",
 "aTickersUs": [],
 "aLootItms": []
 },
 {
 "strName": "SLOTWoundHeadBlunt05",
 "strDesc": "[us] закреплён на [them].",
 "aInverse": [],
 "strThemType": "Other",
 "nLogging": 0,
 "bOpener": true,
 "LootCondsUs": null,
 "LootCondsThem": "CONDDcWoundBluntHead05Them",
 "CTTestUs": null,
 "CTTestThem": "TIsHuman",
 "aTickersUs": [],
 "aLootItms": []
 },
 {
 "strName": "SLOTWoundHeadCut05",
 "strDesc": "[us] закреплён на [them].",
 "aInverse": [],
 "strThemType": "Other",
 "nLogging": 0,
 "bOpener": true,
 "LootCondsUs": null,
 "LootCondsThem": "CONDDcWoundCutHead05Them",
 "CTTestUs": null,
 "CTTestThem": "TIsHuman",
 "aTickersUs": [],
 "aLootItms": []
 },
 {
 "strName": "SLOTWoundBandageDirty",
 "strDesc": "[us] закреплён на [them].",
 "aInverse": [],
 "strThemType": "Other",
 "nLogging": 0,
 "bOpener": true,
 "LootCondsUs": null,
 "LootCondsThem": "CONDWoundBandagedDirty",
 "CTTestUs": null,
 "CTTestThem": null,
 "aTickersUs": [],
 "aLootItms": []
 },
 {
 "strName": "SLOTWoundSplinted",
 "strDesc": "[us] закреплён на [them].",
 "aInverse": [],
 "strThemType": "Other",
 "nLogging": 0,
 "bOpener": true,
 "LootCondsUs": null,
 "LootCondsThem": "CONDWoundSplinted",
 "CTTestUs": null,
 "CTTestThem": null,
 "aTickersUs": [],
 "aLootItms": []
 },
 {
 "strName": "SLOTWristPDA01",
 "strDesc": "[us] закреплён на [them].",
 "aInverse": [],
 "strThemType": "Other",
 "nLogging": 0,
 "bOpener": true,
 "LootCondsUs": "CONDWristSlotted",
 "LootCondsThem": "CONDWristPDA01",
 "CTTestUs": null,
 "CTTestThem": "TIsHuman",
 "aLootItms": []
 },
 {
 "strName": "SLOTWristPDA01Locked",
 "strDesc": "[us] закреплён на [them].",
 "aInverse": [],
 "strThemType": "Other",
 "nLogging": 0,
 "bOpener": true,
 "LootCondsUs": "CONDWristSlotted",
 "LootCondsThem": "CONDWristPDA01",
 "CTTestUs": null,
 "CTTestThem": "TIsHuman",
 "aLootItms": []
 },
 {
 "strName": "SLOTWristPDA01Dmg",
 "strDesc": "[us] закреплён на [them].",
 "aInverse": [],
 "strThemType": "Other",
 "nLogging": 0,
 "bOpener": true,
 "LootCondsUs": "CONDWristSlotted",
 "LootCondsThem": "CONDWristPDA01",
 "CTTestUs": null,
 "CTTestThem": "TIsHuman",
 "aLootItms": []
 },
 {
 "strName": "UNSLOTBodyFoot",
 "strDesc": "[us] закреплён на [them].",
 "aInverse": [],
 "strThemType": "Other",
 "nLogging": 0,
 "bOpener": true,
 "LootCondsUs": null,
 "LootCondsThem": "CONDBodyFootRemove",
 "CTTestUs": null,
 "CTTestThem": "TIsHuman",
 "aLootItms": []
 },
 {
 "strName": "UNSLOTClothesLightweight01",
 "strDesc": "[us] закреплён на [them].",
 "aInverse": [],
 "strThemType": "Other",
 "nLogging": 0,
 "bOpener": true,
 "LootCondsUs": null,
 "LootCondsThem": "CONDClothesLightweight01Remove",
 "CTTestUs": null,
 "CTTestThem": null,
 "aLootItms": []
 },
 {
 "strName": "UNSLOTClothesMidweight01",
 "strDesc": "[us] закреплён на [them].",
 "aInverse": [],
 "strThemType": "Other",
 "nLogging": 0,
 "bOpener": true,
 "LootCondsUs": null,
 "LootCondsThem": "CONDClothesMidweight01Remove",
 "CTTestUs": null,
 "CTTestThem": null,
 "aLootItms": []
 },
 {
 "strName": "UNSLOTClothesPantsLight01",
 "strDesc": "[us] закреплён на [them].",
 "aInverse": [],
 "strThemType": "Other",
 "nLogging": 0,
 "bOpener": true,
 "LootCondsUs": null,
 "LootCondsThem": "CONDClothesPantsLight01Remove",
 "CTTestUs": null,
 "CTTestThem": null,
 "aLootItms": []
 },
 {
 "strName": "UNSLOTClothesLeggings01",
 "strDesc": "[us] закреплён на [them].",
 "aInverse": [],
 "strThemType": "Other",
 "nLogging": 0,
 "bOpener": true,
 "LootCondsUs": null,
 "LootCondsThem": "CONDClothesLeggings01Remove",
 "CTTestUs": null,
 "CTTestThem": null,
 "aLootItms": []
 },
 {
 "strName": "UNSLOTClothesLeggings02",
 "strDesc": "[us] закреплён на [them].",
 "aInverse": [],
 "strThemType": "Other",
 "nLogging": 0,
 "bOpener": true,
 "LootCondsUs": null,
 "LootCondsThem": "CONDClothesLeggings02Remove",
 "CTTestUs": null,
 "CTTestThem": null,
 "aLootItms": []
 },
 {
 "strName": "UNSLOTEVASuit01",
 "strDesc": "[us] закреплён на [them].",
 "aInverse": [
 "UNSLOTEVASuit01Skilled,[us],[them]",
 "UNSLOTEVASuit01Unskilled,[us],[them]"
 ],
 "strThemType": "Other",
 "nLogging": 0,
 "bOpener": true,
 "LootCondsUs": null,
 "LootCondsThem": "CONDEVASuit01Remove",
 "LootCTsThem": null,
 "CTTestUs": null,
 "CTTestThem": null,
 "aLootItms": [],
 "bIgnoreFeelings": true
 },
 {
 "strName": "UNSLOTEVASuit01Skilled",
 "strDesc": "[us] закреплён на [them].",
 "aInverse": [],
 "strThemType": "Other",
 "nLogging": 0,
 "LootCondsUs": null,
 "LootCondsThem": null,
 "LootCTsThem": "CTUNSLOTEVASuitWorkPenalty",
 "CTTestUs": null,
 "CTTestThem": "TIsSkilledSUIT",
 "aLootItms": []
 },
 {
 "strName": "UNSLOTEVASuit01Unskilled",
 "strDesc": "[us] закреплён на [them].",
 "aInverse": [],
 "strThemType": "Other",
 "nLogging": 0,
 "LootCondsUs": null,
 "LootCondsThem": null,
 "LootCTsThem": "CTUNSLOTEVASuitWorkPenalty",
 "CTTestUs": null,
 "CTTestThem": null,
 "aTickersUs": [],
 "aLootItms": []
 },
 {
 "strName": "UNSLOTEVASuit01Off",
 "strDesc": "[us] закреплён на [them].",
 "aInverse": [
 "UNSLOTEVASuit01OffSkilled,[us],[them]",
 "UNSLOTEVASuit01OffUnskilled,[us],[them]"
 ],
 "strThemType": "Other",
 "nLogging": 0,
 "bOpener": true,
 "LootCondsUs": null,
 "LootCondsThem": "CONDEVASuit01OffRemove",
 "LootCTsThem": null,
 "CTTestUs": null,
 "CTTestThem": null,
 "aLootItms": [],
 "bIgnoreFeelings": true
 },
 {
 "strName": "UNSLOTEVASuit01OffSkilled",
 "strDesc": "[us] закреплён на [them].",
 "aInverse": [],
 "strThemType": "Other",
 "nLogging": 0,
 "LootCondsUs": null,
 "LootCondsThem": null,
 "LootCTsThem": "CTUNSLOTEVASuitWorkPenalty",
 "CTTestUs": null,
 "CTTestThem": "TIsSkilledSUIT",
 "aLootItms": []
 },
 {
 "strName": "UNSLOTEVASuit01OffUnskilled",
 "strDesc": "[us] закреплён на [them].",
 "aInverse": [],
 "strThemType": "Other",
 "nLogging": 0,
 "LootCondsUs": null,
 "LootCondsThem": null,
 "LootCTsThem": "CTUNSLOTEVASuitWorkPenalty",
 "CTTestUs": null,
 "CTTestThem": null,
 "aTickersUs": [],
 "aLootItms": []
 },
 {
 "strName": "UNSLOTHandLamp01L",
 "strDesc": "[us] закреплён на [them].",
 "aInverse": [],
 "strThemType": "Other",
 "nLogging": 0,
 "bOpener": true,
 "LootCondsUs": "CONDWieldedDefaultLRemove",
 "LootCondsThem": "CONDHandLamp01LRemove",
 "CTTestUs": null,
 "CTTestThem": null,
 "aLootItms": [],
 "aAModesAddedThem": [
 "-ACTMeleeWeapon;AModeDefault;CTWieldedL",
 "-ACTMeleeFinalBlowWeapon;AModeDefaultHelpless;CTWieldedL"
 ]
 },
 {
 "strName": "UNSLOTHandLamp01R",
 "strDesc": "[us] закреплён на [them].",
 "aInverse": [],
 "strThemType": "Other",
 "nLogging": 0,
 "bOpener": true,
 "LootCondsUs": "CONDWieldedDefaultRRemove",
 "LootCondsThem": "CONDHandLamp01RRemove",
 "CTTestUs": null,
 "CTTestThem": null,
 "aLootItms": [],
 "aAModesAddedThem": [
 "-ACTMeleeWeapon;AModeDefault;CTWieldedR",
 "-ACTMeleeFinalBlowWeapon;AModeDefaultHelpless;CTWieldedR"
 ]
 },
 {
 "strName": "UNSLOTHandPDA01L",
 "strDesc": "[us] закреплён на [them].",
 "aInverse": [],
 "strThemType": "Other",
 "nLogging": 0,
 "bOpener": true,
 "LootCondsUs": "CONDWieldedDefaultLRemove",
 "LootCondsThem": "CONDHandPDA01LRemove",
 "CTTestUs": null,
 "CTTestThem": null,
 "aLootItms": [],
 "aAModesAddedThem": [
 "-ACTMeleeWeapon;AModeDefault;CTWieldedL",
 "-ACTMeleeFinalBlowWeapon;AModeDefaultHelpless;CTWieldedL"
 ]
 },
 {
 "strName": "UNSLOTHandPDA01R",
 "strDesc": "[us] закреплён на [them].",
 "aInverse": [],
 "strThemType": "Other",
 "nLogging": 0,
 "bOpener": true,
 "LootCondsUs": "CONDWieldedDefaultRRemove",
 "LootCondsThem": "CONDHandPDA01RRemove",
 "CTTestUs": null,
 "CTTestThem": null,
 "aLootItms": [],
 "aAModesAddedThem": [
 "-ACTMeleeWeapon;AModeDefault;CTWieldedR",
 "-ACTMeleeFinalBlowWeapon;AModeDefaultHelpless;CTWieldedR"
 ]
 },
 {
 "strName": "UNSLOTHelmet01",
 "strDesc": "[us] закреплён на [them].",
 "aInverse": [],
 "strThemType": "Other",
 "nLogging": 0,
 "bOpener": true,
 "LootCondsUs": null,
 "LootCondsThem": "CONDHelmet01Remove",
 "CTTestUs": null,
 "CTTestThem": null,
 "aLootItms": []
 },
 {
 "strName": "UNSLOTHelmet01Dmg",
 "strDesc": "[us] закреплён на [them].",
 "aInverse": [],
 "strThemType": "Other",
 "nLogging": 0,
 "bOpener": true,
 "LootCondsUs": null,
 "LootCondsThem": "CONDHelmet01DmgRemove",
 "CTTestUs": null,
 "CTTestThem": null,
 "aLootItms": []
 },
 {
 "strName": "UNSLOTHelmet02",
 "strDesc": "[us] закреплён на [them].",
 "aInverse": [],
 "strThemType": "Other",
 "nLogging": 0,
 "bOpener": true,
 "LootCondsUs": null,
 "LootCondsThem": "CONDHelmet02Remove",
 "CTTestUs": null,
 "CTTestThem": null,
 "aLootItms": []
 },
 {
 "strName": "UNSLOTHelmet02Dmg",
 "strDesc": "[us] закреплён на [them].",
 "aInverse": [],
 "strThemType": "Other",
 "nLogging": 0,
 "bOpener": true,
 "LootCondsUs": null,
 "LootCondsThem": "CONDHelmet02DmgRemove",
 "CTTestUs": null,
 "CTTestThem": null,
 "aLootItms": []
 },
 {
 "strName": "UNSLOTPressureSuit01",
 "strDesc": "[us] закреплён на [them].",
 "aInverse": [],
 "strThemType": "Other",
 "nLogging": 0,
 "bOpener": true,
 "LootCondsUs": null,
 "LootCondsThem": "CONDPressureSuit01Remove",
 "CTTestUs": null,
 "CTTestThem": null,
 "aLootItms": []
 },
 {
 "strName": "UNSLOTClothesShirt01",
 "strDesc": "[us] закреплён на [them].",
 "aInverse": [],
 "strThemType": "Other",
 "nLogging": 0,
 "bOpener": true,
 "LootCondsUs": null,
 "LootCondsThem": "CONDClothesShirt01Remove",
 "CTTestUs": null,
 "CTTestThem": null,
 "aLootItms": []
 },
 {
 "strName": "UNSLOTClothesShoe01",
 "strDesc": "[us] закреплён на [them].",
 "aInverse": [],
 "strThemType": "Other",
 "nLogging": 0,
 "bOpener": true,
 "LootCondsUs": null,
 "LootCondsThem": "CONDClothesShoe01Remove",
 "CTTestUs": null,
 "CTTestThem": "TIsHuman",
 "aLootItms": []
 },
 {
 "strName": "UNSLOTClothesShoe01Wrong",
 "strDesc": "[us] закреплён на [them].",
 "aInverse": [],
 "strThemType": "Other",
 "nLogging": 0,
 "bOpener": true,
 "LootCondsUs": null,
 "LootCondsThem": "CONDClothesShoe01WrongRemove",
 "CTTestUs": null,
 "CTTestThem": "TIsHuman",
 "aLootItms": []
 },
 {
 "strName": "UNSLOTWound",
 "strDesc": "[us] закреплён на [them].",
 "aInverse": [],
 "strThemType": "Other",
 "nLogging": 0,
 "bOpener": true,
 "LootCondsUs": null,
 "LootCondsThem": "CONDWoundRemove",
 "CTTestUs": null,
 "CTTestThem": "TIsHuman",
 "aLootItms": []
 },
 {
 "strName": "UNSLOTWoundBandageClean",
 "strDesc": "[us] закреплён на [them].",
 "aInverse": [],
 "strThemType": "Other",
 "nLogging": 0,
 "bOpener": true,
 "LootCondsUs": null,
 "LootCondsThem": "CONDWoundBandagedRemove",
 "CTTestUs": null,
 "CTTestThem": null,
 "aTickersUs": [
 "-BandageCleanDegrade"
 ],
 "aLootItms": []
 },
 {
 "strName": "UNSLOTWoundAbdomenLowerBlunt02a",
 "strDesc": "[us] закреплён на [them].",
 "aInverse": [],
 "strThemType": "Other",
 "nLogging": 0,
 "bOpener": true,
 "LootCondsUs": null,
 "LootCondsThem": "CONDDcWoundBluntAbdomenLower02aThemRemove",
 "CTTestUs": null,
 "CTTestThem": "TIsHuman",
 "aTickersUs": [],
 "aLootItms": []
 },
 {
 "strName": "UNSLOTWoundAbdomenLowerCut03",
 "strDesc": "[us] закреплён на [them].",
 "aInverse": [],
 "strThemType": "Other",
 "nLogging": 0,
 "bOpener": true,
 "LootCondsUs": null,
 "LootCondsThem": "CONDDcWoundCutAbdomenLower03ThemRemove",
 "CTTestUs": null,
 "CTTestThem": "TIsHuman",
 "aTickersUs": [],
 "aLootItms": []
 },
 {
 "strName": "UNSLOTWoundAbdomenUpperBlunt02a",
 "strDesc": "[us] закреплён на [them].",
 "aInverse": [],
 "strThemType": "Other",
 "nLogging": 0,
 "bOpener": true,
 "LootCondsUs": null,
 "LootCondsThem": "CONDDcWoundBluntAbdomenUpper02aThemRemove",
 "CTTestUs": null,
 "CTTestThem": "TIsHuman",
 "aTickersUs": [],
 "aLootItms": []
 },
 {
 "strName": "UNSLOTWoundAbdomenUpperCut03",
 "strDesc": "[us] закреплён на [them].",
 "aInverse": [],
 "strThemType": "Other",
 "nLogging": 0,
 "bOpener": true,
 "LootCondsUs": null,
 "LootCondsThem": "CONDDcWoundCutAbdomenUpper03ThemRemove",
 "CTTestUs": null,
 "CTTestThem": "TIsHuman",
 "aTickersUs": [],
 "aLootItms": []
 },
 {
 "strName": "UNSLOTWoundChestLowerBlunt02a",
 "strDesc": "[us] закреплён на [them].",
 "aInverse": [],
 "strThemType": "Other",
 "nLogging": 0,
 "bOpener": true,
 "LootCondsUs": null,
 "LootCondsThem": "CONDDcWoundBluntChestLower02aThemRemove",
 "CTTestUs": null,
 "CTTestThem": "TIsHuman",
 "aTickersUs": [],
 "aLootItms": []
 },
 {
 "strName": "UNSLOTWoundChestLowerBlunt02b",
 "strDesc": "[us] закреплён на [them].",
 "aInverse": [],
 "strThemType": "Other",
 "nLogging": 0,
 "bOpener": true,
 "LootCondsUs": null,
 "LootCondsThem": "CONDDcWoundBluntChestLower02bThemRemove",
 "CTTestUs": null,
 "CTTestThem": "TIsHuman",
 "aTickersUs": [],
 "aLootItms": []
 },
 {
 "strName": "UNSLOTWoundChestLowerBlunt03",
 "strDesc": "[us] закреплён на [them].",
 "aInverse": [],
 "strThemType": "Other",
 "nLogging": 0,
 "bOpener": true,
 "LootCondsUs": null,
 "LootCondsThem": "CONDDcWoundBluntChestLower03ThemRemove",
 "CTTestUs": null,
 "CTTestThem": "TIsHuman",
 "aTickersUs": [],
 "aLootItms": []
 },
 {
 "strName": "UNSLOTWoundChestLowerBlunt03a",
 "strDesc": "[us] закреплён на [them].",
 "aInverse": [],
 "strThemType": "Other",
 "nLogging": 0,
 "bOpener": true,
 "LootCondsUs": null,
 "LootCondsThem": "CONDDcWoundBluntChestLower03aThemRemove",
 "CTTestUs": null,
 "CTTestThem": "TIsHuman",
 "aTickersUs": [],
 "aLootItms": []
 },
 {
 "strName": "UNSLOTWoundChestLowerCut02a",
 "strDesc": "[us] закреплён на [them].",
 "aInverse": [],
 "strThemType": "Other",
 "nLogging": 0,
 "bOpener": true,
 "LootCondsUs": null,
 "LootCondsThem": "CONDDcWoundCutChestLower02aThemRemove",
 "CTTestUs": null,
 "CTTestThem": "TIsHuman",
 "aTickersUs": [],
 "aLootItms": []
 },
 {
 "strName": "UNSLOTWoundChestLowerCut03a",
 "strDesc": "[us] закреплён на [them].",
 "aInverse": [],
 "strThemType": "Other",
 "nLogging": 0,
 "bOpener": true,
 "LootCondsUs": null,
 "LootCondsThem": "CONDDcWoundCutChestLower03aThemRemove",
 "CTTestUs": null,
 "CTTestThem": "TIsHuman",
 "aTickersUs": [],
 "aLootItms": []
 },
 {
 "strName": "UNSLOTWoundChestLowerCut04a",
 "strDesc": "[us] закреплён на [them].",
 "aInverse": [],
 "strThemType": "Other",
 "nLogging": 0,
 "bOpener": true,
 "LootCondsUs": null,
 "LootCondsThem": "CONDDcWoundCutChestLower04aThemRemove",
 "CTTestUs": null,
 "CTTestThem": "TIsHuman",
 "aTickersUs": [],
 "aLootItms": []
 },
 {
 "strName": "UNSLOTWoundChestUpperBlunt02a",
 "strDesc": "[us] закреплён на [them].",
 "aInverse": [],
 "strThemType": "Other",
 "nLogging": 0,
 "bOpener": true,
 "LootCondsUs": null,
 "LootCondsThem": "CONDDcWoundBluntChestUpper02aThemRemove",
 "CTTestUs": null,
 "CTTestThem": "TIsHuman",
 "aTickersUs": [],
 "aLootItms": []
 },
 {
 "strName": "UNSLOTWoundChestUpperBlunt02b",
 "strDesc": "[us] закреплён на [them].",
 "aInverse": [],
 "strThemType": "Other",
 "nLogging": 0,
 "bOpener": true,
 "LootCondsUs": null,
 "LootCondsThem": "CONDDcWoundBluntChestUpper02bThemRemove",
 "CTTestUs": null,
 "CTTestThem": "TIsHuman",
 "aTickersUs": [],
 "aLootItms": []
 },
 {
 "strName": "UNSLOTWoundChestUpperBlunt03",
 "strDesc": "[us] закреплён на [them].",
 "aInverse": [],
 "strThemType": "Other",
 "nLogging": 0,
 "bOpener": true,
 "LootCondsUs": null,
 "LootCondsThem": "CONDDcWoundBluntChestUpper03ThemRemove",
 "CTTestUs": null,
 "CTTestThem": "TIsHuman",
 "aTickersUs": [],
 "aLootItms": []
 },
 {
 "strName": "UNSLOTWoundChestUpperBlunt03a",
 "strDesc": "[us] закреплён на [them].",
 "aInverse": [],
 "strThemType": "Other",
 "nLogging": 0,
 "bOpener": true,
 "LootCondsUs": null,
 "LootCondsThem": "CONDDcWoundBluntChestUpper03aThemRemove",
 "CTTestUs": null,
 "CTTestThem": "TIsHuman",
 "aTickersUs": [],
 "aLootItms": []
 },
 {
 "strName": "UNSLOTWoundChestUpperCut02a",
 "strDesc": "[us] закреплён на [them].",
 "aInverse": [],
 "strThemType": "Other",
 "nLogging": 0,
 "bOpener": true,
 "LootCondsUs": null,
 "LootCondsThem": "CONDDcWoundCutChestUpper02aThemRemove",
 "CTTestUs": null,
 "CTTestThem": "TIsHuman",
 "aTickersUs": [],
 "aLootItms": []
 },
 {
 "strName": "UNSLOTWoundChestUpperCut03a",
 "strDesc": "[us] закреплён на [them].",
 "aInverse": [],
 "strThemType": "Other",
 "nLogging": 0,
 "bOpener": true,
 "LootCondsUs": null,
 "LootCondsThem": "CONDDcWoundCutChestUpper03aThemRemove",
 "CTTestUs": null,
 "CTTestThem": "TIsHuman",
 "aTickersUs": [],
 "aLootItms": []
 },
 {
 "strName": "UNSLOTWoundChestUpperCut04a",
 "strDesc": "[us] закреплён на [them].",
 "aInverse": [],
 "strThemType": "Other",
 "nLogging": 0,
 "bOpener": true,
 "LootCondsUs": null,
 "LootCondsThem": "CONDDcWoundCutChestUpper04aThemRemove",
 "CTTestUs": null,
 "CTTestThem": "TIsHuman",
 "aTickersUs": [],
 "aLootItms": []
 },
 {
 "strName": "UNSLOTWoundHeadBlunt02",
 "strDesc": "[us] закреплён на [them].",
 "aInverse": [],
 "strThemType": "Other",
 "nLogging": 0,
 "bOpener": true,
 "LootCondsUs": null,
 "LootCondsThem": "CONDDcWoundBluntHead02ThemRemove",
 "CTTestUs": null,
 "CTTestThem": "TIsHuman",
 "aTickersUs": [],
 "aLootItms": []
 },
 {
 "strName": "UNSLOTWoundHeadBlunt03",
 "strDesc": "[us] закреплён на [them].",
 "aInverse": [],
 "strThemType": "Other",
 "nLogging": 0,
 "bOpener": true,
 "LootCondsUs": null,
 "LootCondsThem": "CONDDcWoundBluntHead03ThemRemove",
 "CTTestUs": null,
 "CTTestThem": "TIsHuman",
 "aTickersUs": [],
 "aLootItms": []
 },
 {
 "strName": "UNSLOTWoundHeadBlunt04",
 "strDesc": "[us] закреплён на [them].",
 "aInverse": [],
 "strThemType": "Other",
 "nLogging": 0,
 "bOpener": true,
 "LootCondsUs": null,
 "LootCondsThem": "CONDDcWoundBluntHead04ThemRemove",
 "CTTestUs": null,
 "CTTestThem": "TIsHuman",
 "aTickersUs": [],
 "aLootItms": []
 },
 {
 "strName": "UNSLOTWoundHeadBlunt05",
 "strDesc": "[us] закреплён на [them].",
 "aInverse": [],
 "strThemType": "Other",
 "nLogging": 0,
 "bOpener": true,
 "LootCondsUs": null,
 "LootCondsThem": "CONDDcWoundBluntHead05ThemRemove",
 "CTTestUs": null,
 "CTTestThem": "TIsHuman",
 "aTickersUs": [],
 "aLootItms": []
 },
 {
 "strName": "UNSLOTWoundHeadCut05",
 "strDesc": "[us] закреплён на [them].",
 "aInverse": [],
 "strThemType": "Other",
 "nLogging": 0,
 "bOpener": true,
 "LootCondsUs": null,
 "LootCondsThem": "CONDDcWoundCutHead05ThemRemove",
 "CTTestUs": null,
 "CTTestThem": "TIsHuman",
 "aTickersUs": [],
 "aLootItms": []
 },
 {
 "strName": "UNSLOTWoundSplinted",
 "strDesc": "[us] закреплён на [them].",
 "aInverse": [],
 "strThemType": "Other",
 "nLogging": 0,
 "bOpener": true,
 "LootCondsUs": null,
 "LootCondsThem": "CONDWoundSplintedRemove",
 "CTTestUs": null,
 "CTTestThem": null,
 "aTickersUs": [],
 "aLootItms": []
 },
 {
 "strName": "UNSLOTWristPDA01",
 "strDesc": "[us] закреплён на [them].",
 "aInverse": [],
 "strThemType": "Other",
 "nLogging": 0,
 "bOpener": true,
 "LootCondsUs": "CONDWristSlottedRemove",
 "LootCondsThem": "CONDWristPDA01Remove",
 "CTTestUs": null,
 "CTTestThem": "TIsHuman",
 "aLootItms": []
 },
 {
 "strName": "UNSLOTWristPDA01Locked",
 "strDesc": "[us] закреплён на [them].",
 "aInverse": [],
 "strThemType": "Other",
 "nLogging": 0,
 "bOpener": true,
 "LootCondsUs": "CONDWristSlottedRemove",
 "LootCondsThem": "CONDWristPDA01Remove",
 "CTTestUs": null,
 "CTTestThem": "TIsHuman",
 "aLootItms": []
 },
 {
 "strName": "UNSLOTWristPDA01Dmg",
 "strDesc": "[us] закреплён на [them].",
 "aInverse": [],
 "strThemType": "Other",
 "nLogging": 0,
 "bOpener": true,
 "LootCondsUs": "CONDWristSlottedRemove",
 "LootCondsThem": "CONDWristPDA01Remove",
 "CTTestUs": null,
 "CTTestThem": "TIsHuman",
 "aLootItms": []
 }
]