[
  {
    "strName": "SOCLookBusy",
    "strTitle": "Делать вид занятости",
    "strDesc": "[us] ёрзает, пытаясь выглядеть занятым для [them].",
    "strTargetPoint": "talk",
    "strActionGroup": "Talk",
    "fTargetPointRange": 2.0,
    "strAnim": "Talk",
    "strBubble": "BblQuestion",
    "strColor": "Dialogue",
    "nMoveType": 4,
    "aInverse": [
      "SOCOfferHelp",
      "SOCWarnOff",
      "SOCCoverShift",
      "SOCIntimidate",
      "SOCWhatsUp",
      "SOCOfferSmoke",
      "SOCShowTrick",
      "SOCSlowClap",
      "SOCTechJargon",
      "SOCReminisce",
      "SOCRollEyes",
      "SOCBreakoutBanter",
      "SOCFlirtStartMan",
      "SOCFlirtStartWoman",
      "SOCFlirtStartNB",
      "SOCFlirtStartManPlayer",
      "SOCFlirtStartWomanPlayer",
      "SOCFlirtStartNBPlayer",
      "SOCInviteDrinkMan",
      "SOCInviteDrinkWoman",
      "SOCInviteDrinkNB",
      "SOCCommiserate",
      "SOCInspirePurpose",
      "SOCDarkJoke",
      "SOCBurstLaughing",
      "SOCAskHug",
      "SOCSmackAround",
      "SOCWarnSuperstition",
      "SOCFishCompliment",
      "SOCInsult",
      "SOCInsult2",
      "SOCAdmitWorries",
      "SOCAskCareer",
      "SOCCraftDarkJoke",
      "SOCEncourage",
      "SOCPlayfulThreat",
      "SOCQuiver",
      "SOCReiterateUrgency",
      "SOCLookBusy",
      "SOCComplainAboutLAs",
      "SOCTalkWeather",
      "SOCMildFunny",
      "SOCLookAtUs",
      "SOCLightTouch",
      "SOCMetaphysicalQuandary",
      "SOCSooo",
      "SOCScanRoom",
      "SOCMentionHeadline",
      "SOCChangeSubject",
      "SOCReturnToSubject",
      "SocialCombatExit"
    ],
    "fDuration": 0.0005,
    "bSocial": true,
    "bRandomInverse": true,
    "bOpener": true,
    "bPause": false,
    "nLogging": 1,
    "bHumanOnly": false,
    "strThemType": "Other",
    "LootCTsUs": "CTSOCLookBusyUs",
    "LootCTsThem": "CTSOCLookBusyThem",
    "CTTestUs": "TIsSocialCore",
    "CTTestThem": "TIsValidSocialTarget"
  },
  {
    "strName": "SOCAskHowDoing",
    "strTitle": "Спросить как дела",
    "strDesc": "[us] спрашивает [them], как у [them] дела.",
    "strTargetPoint": "talk",
    "strActionGroup": "Talk",
    "fTargetPointRange": 2.0,
    "strAnim": "Talk",
    "strBubble": "BblQuestion",
    "strColor": "Dialogue",
    "nMoveType": 4,
    "aInverse": [
      "SOCWarnOff",
      "SOCIntimidate",
      "SOCShootBreeze",
      "SOCSnub",
      "SOCShowTrick",
      "SOCTechJargon",
      "SOCReminisce",
      "SOCRollEyes",
      "SOCBreakoutBanter",
      "SOCFlirtStartMan",
      "SOCFlirtStartWoman",
      "SOCFlirtStartNB",
      "SOCFlirtStartManPlayer",
      "SOCFlirtStartWomanPlayer",
      "SOCFlirtStartNBPlayer",
      "SOCGagShiver",
      "SOCInviteDrinkMan",
      "SOCInviteDrinkWoman",
      "SOCInviteDrinkNB",
      "SOCCommiserate",
      "SOCDarkJoke",
      "SOCAskHug",
      "SOCSmackAround",
      "SOCWarnSuperstition",
      "SOCFishCompliment",
      "SOCInsult",
      "SOCInsult2",
      "SOCAdmitWorries",
      "SOCBackOff",
      "SOCCraftDarkJoke",
      "SOCLostInThought",
      "SOCDaydreamExLover",
      "SOCDaydreamExLoverNPC",
      "SOCPlayfulThreat",
      "SOCQuiver",
      "SOCReiterateUrgency",
      "SOCRepeatSexuallyMen",
      "SOCRepeatSexuallyWomen",
      "SOCRepeatSexuallyNB",
      "SOCSmileDemurely",
      "SOCYawnInFace",
      "SOCLookBusy",
      "SOCAskHowDoing",
      "SOCComplainAboutLAs",
      "SOCTalkWeather",
      "SOCMildFunny",
      "SOCLookAtUs",
      "SOCLightTouch",
      "SOCMetaphysicalQuandary",
      "SOCScanRoom",
      "SOCMentionHeadline",
      "SOCChangeSubject",
      "SOCReturnToSubject"
    ],
    "fDuration": 0.0005,
    "bSocial": true,
    "bRandomInverse": true,
    "bOpener": true,
    "bPause": false,
    "nLogging": 1,
    "bHumanOnly": false,
    "strThemType": "Other",
    "LootCTsUs": "CTSOCAskHowDoingUs",
    "LootCTsThem": "CTSOCAskHowDoingThem",
    "CTTestUs": "TIsSocialCore",
    "CTTestThem": "TIsValidSocialTarget"
  },
  {
    "strName": "SOCComplainAboutLAs",
    "strTitle": "Пожаловаться на власти",
    "strDesc": "[us] жалуется [them] на чрезмерно рьяные местные власти.",
    "strTargetPoint": "talk",
    "strActionGroup": "Talk",
    "fTargetPointRange": 2.0,
    "strAnim": "Talk",
    "strBubble": "BblQuestion",
    "strColor": "Dialogue",
    "nMoveType": 4,
    "aInverse": [
      "SOCWarnOff",
      "SOCIntimidate",
      "SOCShootBreeze",
      "SOCSnub",
      "SOCOfferSmoke",
      "SOCShowTrick",
      "SOCTechJargon",
      "SOCListenIntently",
      "SOCZoneOut",
      "SOCWhoCares",
      "SOCReminisce",
      "SOCRollEyes",
      "SOCBreakoutBanter",
      "SOCFlirtStartMan",
      "SOCFlirtStartWoman",
      "SOCFlirtStartNB",
      "SOCFlirtStartManPlayer",
      "SOCFlirtStartWomanPlayer",
      "SOCFlirtStartNBPlayer",
      "SOCInviteDrinkMan",
      "SOCInviteDrinkWoman",
      "SOCInviteDrinkNB",
      "SOCCommiserate",
      "SOCInspirePurpose",
      "SOCAgreeDismissively",
      "SOCDarkJoke",
      "SOCBurstLaughing",
      "SOCAskHug",
      "SOCOpenArms",
      "SOCSmackAround",
      "SOCWarnSuperstition",
      "SOCReassure",
      "SOCFishCompliment",
      "SOCInsult",
      "SOCInsult2",
      "SOCAdmitWorries",
      "SOCDontWorry",
      "SOCStopBurdening",
      "SOCBackOff",
      "SOCCraftDarkJoke",
      "SOCLaughCallous",
      "SOCLostInThought",
      "SOCDaydreamExLover",
      "SOCDaydreamExLoverNPC",
      "SOCPlayfulThreat",
      "SOCPoliteChuckle",
      "SOCQuiver",
      "SOCReassureLogical",
      "SOCReiterateUrgency",
      "SOCRepeatSexuallyMen",
      "SOCRepeatSexuallyWomen",
      "SOCRepeatSexuallyNB",
      "SOCSmileDemurely",
      "SOCYawnInFace",
      "SOCYesSir",
      "SOCLookBusy",
      "SOCAskHowDoing",
      "SOCComplainAboutLAs",
      "SOCTalkWeather",
      "SOCMildFunny",
      "SOCLookAtUs",
      "SOCLightTouch",
      "SOCMetaphysicalQuandary",
      "SOCSooo",
      "SOCScanRoom",
      "SOCMentionHeadline",
      "SOCChangeSubject",
      "SOCReturnToSubject"
    ],
    "fDuration": 0.0005,
    "bSocial": true,
    "bRandomInverse": true,
    "bOpener": true,
    "bPause": false,
    "nLogging": 1,
    "bHumanOnly": false,
    "strThemType": "Other",
    "LootCTsUs": "CTSOCComplainAboutLAsUs",
    "LootCTsThem": "CTSOCComplainAboutLAsThem",
    "CTTestUs": "TIsSocialCore",
    "CTTestThem": "TIsValidSocialTarget"
  },
  {
    "strName": "SOCTalkWeather",
    "strTitle": "Поговорить о погоде",
    "strDesc": "[us] комментирует [them] недавнюю влажность и температуру на борту.",
    "strTargetPoint": "talk",
    "strActionGroup": "Talk",
    "fTargetPointRange": 2.0,
    "strAnim": "Talk",
    "strBubble": "BblQuestion",
    "strColor": "Dialogue",
    "nMoveType": 4,
    "aInverse": [
      "SOCWarnOff",
      "SOCIntimidate",
      "SOCWhatsUp",
      "SOCShootBreeze",
      "SOCSnub",
      "SOCOfferSmoke",
      "SOCShowTrick",
      "SOCTechJargon",
      "SOCListenIntently",
      "SOCZoneOut",
      "SOCWhoCares",
      "SOCReminisce",
      "SOCRollEyes",
      "SOCBreakoutBanter",
      "SOCFlirtStartMan",
      "SOCFlirtStartWoman",
      "SOCFlirtStartNB",
      "SOCFlirtStartManPlayer",
      "SOCFlirtStartWomanPlayer",
      "SOCFlirtStartNBPlayer",
      "SOCGagShiver",
      "SOCInviteDrinkMan",
      "SOCInviteDrinkWoman",
      "SOCInviteDrinkNB",
      "SOCCommiserate",
      "SOCAgreeDismissively",
      "SOCDarkJoke",
      "SOCBurstLaughing",
      "SOCAskHug",
      "SOCSmackAround",
      "SOCWarnSuperstition",
      "SOCFishCompliment",
      "SOCInsult",
      "SOCInsult2",
      "SOCAdmitWorries",
      "SOCStopBurdening",
      "SOCBackOff",
      "SOCCraftDarkJoke",
      "SOCLostInThought",
      "SOCDaydreamExLover",
      "SOCDaydreamExLoverNPC",
      "SOCPlayfulThreat",
      "SOCPoliteChuckle",
      "SOCQuiver",
      "SOCReiterateUrgency",
      "SOCRepeatSexuallyMen",
      "SOCRepeatSexuallyWomen",
      "SOCRepeatSexuallyNB",
      "SOCSmileDemurely",
      "SOCYawnInFace",
      "SOCYesSir",
      "SOCLookBusy",
      "SOCAskHowDoing",
      "SOCComplainAboutLAs",
      "SOCTalkWeather",
      "SOCMildFunny",
      "SOCLookAtUs",
      "SOCLightTouch",
      "SOCMetaphysicalQuandary",
      "SOCSooo",
      "SOCScanRoom",
      "SOCMentionHeadline",
      "SOCChangeSubject",
      "SOCReturnToSubject"
    ],
    "fDuration": 0.0005,
    "bSocial": true,
    "bRandomInverse": true,
    "bOpener": true,
    "bPause": false,
    "nLogging": 1,
    "bHumanOnly": false,
    "strThemType": "Other",
    "LootCTsUs": "CTSOCTalkWeatherUs",
    "LootCTsThem": "CTSOCTalkWeatherThem",
    "CTTestUs": "TIsSocialCore",
    "CTTestThem": "TIsValidSocialTarget"
  },
  {
    "strName": "SOCMildFunny",
    "strTitle": "Слегка пошутить",
    "strDesc": "[us] отпускает слегка смешной комментарий [them].",
    "strTargetPoint": "talk",
    "strActionGroup": "Talk",
    "fTargetPointRange": 2.0,
    "strAnim": "Talk",
    "strBubble": "BblQuestion",
    "strColor": "Dialogue",
    "nMoveType": 4,
    "aInverse": [
      "SOCWarnOff",
      "SOCIntimidate",
      "SOCWhatsUp",
      "SOCShootBreeze",
      "SOCSnub",
      "SOCOfferSmoke",
      "SOCShowTrick",
      "SOCSlowClap",
      "SOCZoneOut",
      "SOCWhoCares",
      "SOCReminisce",
      "SOCShareAnotherStory",
      "SOCRollEyes",
      "SOCBreakoutBanter",
      "SOCFlirtStartMan",
      "SOCFlirtStartWoman",
      "SOCFlirtStartNB",
      "SOCFlirtStartManPlayer",
      "SOCFlirtStartWomanPlayer",
      "SOCFlirtStartNBPlayer",
      "SOCGagShiver",
      "SOCInviteDrinkMan",
      "SOCInviteDrinkWoman",
      "SOCInviteDrinkNB",
      "SOCAgreeDismissively",
      "SOCDarkJoke",
      "SOCBurstLaughing",
      "SOCAskHug",
      "SOCSmackAround",
      "SOCWarnSuperstition",
      "SOCFishCompliment",
      "SOCInsult",
      "SOCInsult2",
      "SOCAdmitWorries",
      "SOCBackOff",
      "SOCCraftDarkJoke",
      "SOCLaughCallous",
      "SOCLostInThought",
      "SOCDaydreamExLover",
      "SOCDaydreamExLoverNPC",
      "SOCPlayfulThreat",
      "SOCPoliteChuckle",
      "SOCQuiver",
      "SOCReiterateUrgency",
      "SOCRepeatSexuallyMen",
      "SOCRepeatSexuallyWomen",
      "SOCRepeatSexuallyNB",
      "SOCSmileDemurely",
      "SOCYawnInFace",
      "SOCYesSir",
      "SOCLookBusy",
      "SOCAskHowDoing",
      "SOCComplainAboutLAs",
      "SOCTalkWeather",
      "SOCMildFunny",
      "SOCLookAtUs",
      "SOCLightTouch",
      "SOCMetaphysicalQuandary",
      "SOCSooo",
      "SOCScanRoom",
      "SOCMentionHeadline",
      "SOCChangeSubject",
      "SOCReturnToSubject"
    ],
    "fDuration": 0.0005,
    "bSocial": true,
    "bRandomInverse": true,
    "bOpener": true,
    "bPause": false,
    "nLogging": 1,
    "bHumanOnly": false,
    "strThemType": "Other",
    "LootCTsUs": "CTSOCMildFunnyUs",
    "LootCTsThem": "CTSOCMildFunnyThem",
    "CTTestUs": "TIsSocialCore",
    "CTTestThem": "TIsValidSocialTarget"
  },
  {
    "strName": "SOCLookAtUs",
    "strTitle": "Посмотри на нас",
    "strDesc": "[us] говорит [them]: «Эй. Посмотри на нас.»",
    "strTargetPoint": "talk",
    "strActionGroup": "Talk",
    "fTargetPointRange": 2.0,
    "strAnim": "Talk",
    "strBubble": "BblQuestion",
    "strColor": "Dialogue",
    "nMoveType": 4,
    "aInverse": [
      "SOCWarnOff",
      "SOCCoverShift",
      "SOCDefy",
      "SOCGiveUp",
      "SOCIntimidate",
      "SOCWhatsUp",
      "SOCShootBreeze",
      "SOCSnub",
      "SOCOfferSmoke",
      "SOCShowTrick",
      "SOCYay",
      "SOCSlowClap",
      "SOCTechJargon",
      "SOCReminisce",
      "SOCRollEyes",
      "SOCBreakoutBanter",
      "SOCFlirtStartMan",
      "SOCFlirtStartWoman",
      "SOCFlirtStartNB",
      "SOCFlirtStartManPlayer",
      "SOCFlirtStartWomanPlayer",
      "SOCFlirtStartNBPlayer",
      "SOCGagShiver",
      "SOCInviteDrinkMan",
      "SOCInviteDrinkWoman",
      "SOCInviteDrinkNB",
      "SOCCommiserate",
      "SOCAgreeDismissively",
      "SOCDarkJoke",
      "SOCBurstLaughing",
      "SOCAskHug",
      "SOCOpenArms",
      "SOCSmackAround",
      "SOCWarnSuperstition",
      "SOCNodAndBreathe",
      "SOCFishCompliment",
      "SOCInsult",
      "SOCInsult2",
      "SOCAdmitWorries",
      "SOCAskCareer",
      "SOCBackOff",
      "SOCCraftDarkJoke",
      "SOCEncourage",
      "SOCLostInThought",
      "SOCDaydreamExLover",
      "SOCDaydreamExLoverNPC",
      "SOCPlayfulThreat",
      "SOCPoliteChuckle",
      "SOCQuiver",
      "SOCReiterateUrgency",
      "SOCRepeatSexuallyMen",
      "SOCRepeatSexuallyWomen",
      "SOCRepeatSexuallyNB",
      "SOCSmileDemurely",
      "SOCYawnInFace",
      "SOCYesSir",
      "SOCLookBusy",
      "SOCAskHowDoing",
      "SOCComplainAboutLAs",
      "SOCTalkWeather",
      "SOCMildFunny",
      "SOCLookAtUs",
      "SOCLightTouch",
      "SOCMetaphysicalQuandary",
      "SOCSooo",
      "SOCScanRoom",
      "SOCMentionHeadline",
      "SOCChangeSubject",
      "SOCReturnToSubject"
    ],
    "fDuration": 0.0005,
    "bSocial": true,
    "bRandomInverse": true,
    "bOpener": true,
    "bPause": false,
    "nLogging": 1,
    "bHumanOnly": false,
    "strThemType": "Other",
    "LootCTsUs": "CTSOCLookAtUsUs",
    "LootCTsThem": "CTSOCLookAtUsThem",
    "CTTestUs": "TIsSocialCore",
    "CTTestThem": "TIsValidSocialTarget"
  },
  {
    "strName": "SOCLightTouch",
    "strTitle": "Лёгкое прикосновение",
    "strDesc": "[us] нежно кладёт руку на [them-pos] плечо.",
    "strTargetPoint": "talk",
    "strActionGroup": "Talk",
    "fTargetPointRange": 2.0,
    "strAnim": "Talk",
    "strBubble": "BblQuestion",
    "strColor": "Dialogue",
    "nMoveType": 4,
    "aInverse": [
      "SOCOfferHelp",
      "SOCWarnOff",
      "SOCIntimidate",
      "SOCWhatsUp",
      "SOCSnub",
      "SOCOfferSmoke",
      "SOCShowTrick",
      "SOCYay",
      "SOCReminisce",
      "SOCRollEyes",
      "SOCBreakoutBanter",
      "SOCFlirtDenyMen",
      "SOCFlirtDenyWomen",
      "SOCFlirtDenyNB",
      "SOCFlirtContinueMan",
      "SOCFlirtContinueWoman",
      "SOCFlirtContinueNB",
      "SOCFlirtContinueManPlayer",
      "SOCFlirtContinueWomanPlayer",
      "SOCFlirtContinueNBPlayer",
      "SOCGagShiver",
      "SOCInviteDrinkMan",
      "SOCInviteDrinkWoman",
      "SOCInviteDrinkNB",
      "SOCNoThanks",
      "SOCCommiserate",
      "SOCDarkJoke",
      "SOCGasp",
      "SOCAskHug",
      "SOCOpenArms",
      "SOCSmackAround",
      "SOCWarnSuperstition",
      "SOCNodAndBreathe",
      "SOCFishCompliment",
      "SOCInsult",
      "SOCInsult2",
      "SOCAdmitWorries",
      "SOCBackAwaySlow",
      "SOCBackOff",
      "SOCCraftDarkJoke",
      "SOCPlayfulThreat",
      "SOCPoliteChuckle",
      "SOCQuiver",
      "SOCReiterateUrgency",
      "SOCSmileDemurely",
      "SOCLookBusy",
      "SOCAskHowDoing",
      "SOCComplainAboutLAs",
      "SOCTalkWeather",
      "SOCMildFunny",
      "SOCLookAtUs",
      "SOCLightTouch",
      "SOCMetaphysicalQuandary",
      "SOCSooo",
      "SOCScanRoom",
      "SOCMentionHeadline",
      "SOCChangeSubject",
      "SOCReturnToSubject"
    ],
    "fDuration": 0.0005,
    "bSocial": true,
    "bRandomInverse": true,
    "bOpener": true,
    "bPause": false,
    "nLogging": 1,
    "bHumanOnly": false,
    "strThemType": "Other",
    "LootCTsUs": "CTSOCLightTouchUs",
    "LootCTsThem": "CTSOCLightTouchThem",
    "CTTestUs": "TIsSocialCore",
    "CTTestThem": "TIsValidSocialTarget"
  },
  {
    "strName": "SOCMetaphysicalQuandary",
    "strTitle": "Метафизическая дилемма",
    "strDesc": "[us] задаёт [them] метафизический вопрос, на который здесь никто не способен ответить.",
    "strTargetPoint": "talk",
    "strActionGroup": "Talk",
    "fTargetPointRange": 2.0,
    "strAnim": "Talk",
    "strBubble": "BblQuestion",
    "strColor": "Dialogue",
    "nMoveType": 4,
    "aInverse": [
      "SOCWarnOff",
      "SOCGiveUp",
      "SOCIntimidate",
      "SOCWhatsUp",
      "SOCShootBreeze",
      "SOCSnub",
      "SOCOfferSmoke",
      "SOCShowTrick",
      "SOCSlowClap",
      "SOCTechJargon",
      "SOCListenIntently",
      "SOCZoneOut",
      "SOCWhoCares",
      "SOCReminisce",
      "SOCRollEyes",
      "SOCBreakoutBanter",
      "SOCFlirtStartMan",
      "SOCFlirtStartWoman",
      "SOCFlirtStartNB",
      "SOCFlirtStartManPlayer",
      "SOCFlirtStartWomanPlayer",
      "SOCFlirtStartNBPlayer",
      "SOCInviteDrinkMan",
      "SOCInviteDrinkWoman",
      "SOCInviteDrinkNB",
      "SOCCommiserate",
      "SOCInspirePurpose",
      "SOCAgreeDismissively",
      "SOCDarkJoke",
      "SOCBurstLaughing",
      "SOCAskHug",
      "SOCSmackAround",
      "SOCWarnSuperstition",
      "SOCFishCompliment",
      "SOCInsult",
      "SOCInsult2",
      "SOCAdmitWorries",
      "SOCBackAwaySlow",
      "SOCBackOff",
      "SOCCraftDarkJoke",
      "SOCLostInThought",
      "SOCDaydreamExLover",
      "SOCDaydreamExLoverNPC",
      "SOCPlayfulThreat",
      "SOCPoliteChuckle",
      "SOCQuiver",
      "SOCReassureLogical",
      "SOCReiterateUrgency",
      "SOCRepeatSexuallyMen",
      "SOCRepeatSexuallyWomen",
      "SOCRepeatSexuallyNB",
      "SOCSmileDemurely",
      "SOCYawnInFace",
      "SOCYesSir",
      "SOCLookBusy",
      "SOCAskHowDoing",
      "SOCComplainAboutLAs",
      "SOCTalkWeather",
      "SOCMildFunny",
      "SOCLookAtUs",
      "SOCLightTouch",
      "SOCMetaphysicalQuandary",
      "SOCSooo",
      "SOCScanRoom",
      "SOCMentionHeadline",
      "SOCChangeSubject",
      "SOCReturnToSubject"
    ],
    "fDuration": 0.0005,
    "bSocial": true,
    "bRandomInverse": true,
    "bOpener": true,
    "bPause": false,
    "nLogging": 1,
    "bHumanOnly": false,
    "strThemType": "Other",
    "LootCTsUs": "CTSOCMetaphysicalQuandaryUs",
    "LootCTsThem": "CTSOCMetaphysicalQuandaryThem",
    "CTTestUs": "TIsSocialCore",
    "CTTestThem": "TIsValidSocialTarget"
  },
  {
    "strName": "SOCSooo",
    "strTitle": "Так...",
    "strDesc": "[us] неловко говорит [them]: «Так...»",
    "strTargetPoint": "talk",
    "strActionGroup": "Talk",
    "fTargetPointRange": 2.0,
    "strAnim": "Talk",
    "strBubble": "BblQuestion",
    "strColor": "Dialogue",
    "nMoveType": 4,
    "aInverse": [
      "SOCWarnOff",
      "SOCGiveUp",
      "SOCIntimidate",
      "SOCWhatsUp",
      "SOCShootBreeze",
      "SOCSnub",
      "SOCOfferSmoke",
      "SOCShowTrick",
      "SOCTechJargon",
      "SOCReminisce",
      "SOCRollEyes",
      "SOCBreakoutBanter",
      "SOCFlirtStartMan",
      "SOCFlirtStartWoman",
      "SOCFlirtStartNB",
      "SOCFlirtStartManPlayer",
      "SOCFlirtStartWomanPlayer",
      "SOCFlirtStartNBPlayer",
      "SOCInviteDrinkMan",
      "SOCInviteDrinkWoman",
      "SOCInviteDrinkNB",
      "SOCCommiserate",
      "SOCDarkJoke",
      "SOCAskHug",
      "SOCOpenArms",
      "SOCSmackAround",
      "SOCWarnSuperstition",
      "SOCFishCompliment",
      "SOCInsult",
      "SOCInsult2",
      "SOCAdmitWorries",
      "SOCAskCareer",
      "SOCBackOff",
      "SOCCraftDarkJoke",
      "SOCLostInThought",
      "SOCPlayfulThreat",
      "SOCPoliteChuckle",
      "SOCQuiver",
      "SOCReiterateUrgency",
      "SOCRepeatSexuallyMen",
      "SOCRepeatSexuallyWomen",
      "SOCRepeatSexuallyNB",
      "SOCSmileDemurely",
      "SOCYawnInFace",
      "SOCLookBusy",
      "SOCAskHowDoing",
      "SOCComplainAboutLAs",
      "SOCTalkWeather",
      "SOCMildFunny",
      "SOCLookAtUs",
      "SOCLightTouch",
      "SOCMetaphysicalQuandary",
      "SOCSooo",
      "SOCScanRoom",
      "SOCMentionHeadline",
      "SOCChangeSubject",
      "SOCReturnToSubject",
      "SocialCombatExit"
    ],
    "fDuration": 0.0005,
    "bSocial": true,
    "bRandomInverse": true,
    "bOpener": true,
    "bPause": false,
    "nLogging": 1,
    "bHumanOnly": false,
    "strThemType": "Other",
    "LootCTsUs": "CTSOCSoooUs",
    "LootCTsThem": "CTSOCSoooThem",
    "CTTestUs": "TIsSocialCore",
    "CTTestThem": "TIsValidSocialTarget"
  },
  {
    "strName": "SOCScanRoom",
    "strTitle": "Осмотреть комнату",
    "strDesc": "[us] нервно осматривает комнату.",
    "strTargetPoint": "talk",
    "strActionGroup": "Talk",
    "fTargetPointRange": 2.0,
    "strAnim": "Talk",
    "strBubble": "BblQuestion",
    "strColor": "Dialogue",
    "nMoveType": 4,
    "aInverse": [
      "SOCOfferHelp",
      "SOCGiveUp",
      "SOCIntimidate",
      "SOCWhatsUp",
      "SOCSnub",
      "SOCOfferSmoke",
      "SOCShowTrick",
      "SOCReminisce",
      "SOCRollEyes",
      "SOCBreakoutBanter",
      "SOCFlirtStartMan",
      "SOCFlirtStartWoman",
      "SOCFlirtStartNB",
      "SOCFlirtStartManPlayer",
      "SOCFlirtStartWomanPlayer",
      "SOCFlirtStartNBPlayer",
      "SOCInviteDrinkMan",
      "SOCInviteDrinkWoman",
      "SOCInviteDrinkNB",
      "SOCCommiserate",
      "SOCDarkJoke",
      "SOCAskHug",
      "SOCOpenArms",
      "SOCSmackAround",
      "SOCWarnSuperstition",
      "SOCReassure",
      "SOCFishCompliment",
      "SOCInsult",
      "SOCInsult2",
      "SOCAdmitWorries",
      "SOCDontWorry",
      "SOCAskCareer",
      "SOCBackOff",
      "SOCCalmDown",
      "SOCCraftDarkJoke",
      "SOCEncourage",
      "SOCPlayfulThreat",
      "SOCQuiver",
      "SOCReassureLogical",
      "SOCReiterateUrgency",
      "SOCLookBusy",
      "SOCAskHowDoing",
      "SOCComplainAboutLAs",
      "SOCTalkWeather",
      "SOCMildFunny",
      "SOCLookAtUs",
      "SOCLightTouch",
      "SOCMetaphysicalQuandary",
      "SOCSooo",
      "SOCScanRoom",
      "SOCMentionHeadline",
      "SOCChangeSubject",
      "SOCReturnToSubject",
      "SocialCombatExit"
    ],
    "fDuration": 0.0005,
    "bSocial": true,
    "bRandomInverse": true,
    "bOpener": true,
    "bPause": false,
    "nLogging": 1,
    "bHumanOnly": false,
    "strThemType": "Other",
    "LootCTsUs": "CTSOCScanRoomUs",
    "LootCTsThem": "CTSOCScanRoomThem",
    "CTTestUs": "TIsSocialCore",
    "CTTestThem": "TIsValidSocialTarget"
  },
  {
    "strName": "SOCMentionHeadline",
    "strTitle": "Упомянуть новость",
    "strDesc": "[us] упоминает [them] заголовок, который [us-subj] недавно читал.",
    "strTargetPoint": "talk",
    "strActionGroup": "Talk",
    "fTargetPointRange": 2.0,
    "strAnim": "Talk",
    "strBubble": "BblQuestion",
    "strColor": "Dialogue",
    "nMoveType": 4,
    "aInverse": [
      "SOCWarnOff",
      "SOCGiveUp",
      "SOCIntimidate",
      "SOCShootBreeze",
      "SOCSnub",
      "SOCOfferSmoke",
      "SOCShowTrick",
      "SOCSlowClap",
      "SOCTechJargon",
      "SOCListenIntently",
      "SOCZoneOut",
      "SOCWhoCares",
      "SOCTechJargonOneUp",
      "SOCReminisce",
      "SOCShareAnotherStory",
      "SOCRollEyes",
      "SOCBreakoutBanter",
      "SOCFlirtStartMan",
      "SOCFlirtStartWoman",
      "SOCFlirtStartNB",
      "SOCFlirtStartManPlayer",
      "SOCFlirtStartWomanPlayer",
      "SOCFlirtStartNBPlayer",
      "SOCInviteDrinkMan",
      "SOCInviteDrinkWoman",
      "SOCInviteDrinkNB",
      "SOCCommiserate",
      "SOCDarkJoke",
      "SOCGasp",
      "SOCAskHug",
      "SOCOpenArms",
      "SOCSmackAround",
      "SOCWarnSuperstition",
      "SOCFishCompliment",
      "SOCInsult",
      "SOCInsult2",
      "SOCAdmitWorries",
      "SOCAskCareer",
      "SOCBackOff",
      "SOCCraftDarkJoke",
      "SOCLostInThought",
      "SOCDaydreamExLover",
      "SOCDaydreamExLoverNPC",
      "SOCPlayfulThreat",
      "SOCPoliteChuckle",
      "SOCQuiver",
      "SOCReiterateUrgency",
      "SOCRepeatSexuallyMen",
      "SOCRepeatSexuallyWomen",
      "SOCRepeatSexuallyNB",
      "SOCSmileDemurely",
      "SOCYawnInFace",
      "SOCYesSir",
      "SOCLookBusy",
      "SOCAskHowDoing",
      "SOCComplainAboutLAs",
      "SOCTalkWeather",
      "SOCMildFunny",
      "SOCLookAtUs",
      "SOCLightTouch",
      "SOCMetaphysicalQuandary",
      "SOCSooo",
      "SOCScanRoom",
      "SOCMentionHeadline",
      "SOCChangeSubject",
      "SOCReturnToSubject"
    ],
    "fDuration": 0.0005,
    "bSocial": true,
    "bRandomInverse": true,
    "bOpener": true,
    "bPause": false,
    "nLogging": 1,
    "bHumanOnly": false,
    "strThemType": "Other",
    "LootCTsUs": "CTSOCMentionHeadlineUs",
    "LootCTsThem": "CTSOCMentionHeadlineThem",
    "CTTestUs": "TIsSocialCore",
    "CTTestThem": "TIsValidSocialTarget"
  },
  {
    "strName": "SOCTeleportThemTest",
    "strTitle": "Арест",
    "strDesc": "[us] арестовывает [them] и [us-sends] [them-obj] в тюрьму.",
    "strTargetPoint": "talk",
    "strActionGroup": "Talk",
    "fTargetPointRange": 2.0,
    "strAnim": "Talk",
    "strBubble": "BblQuestion",
    "strColor": "Dialogue",
    "nMoveType": 4,
    "aInverse": [],
    "fDuration": 0.0005,
    "bSocial": true,
    "bRandomInverse": true,
    "bOpener": true,
    "bPause": false,
    "nLogging": 1,
    "bHumanOnly": false,
    "strThemType": "Other",
    "CTTestUs": "TIsSocialCore",
    "CTTestThem": "TIsValidSocialTarget",
    "strTeleportRegID": "OKLG_UNK",
    "strTeleportTarget": "them"
  }
]
