[
 {
 "strName": "SOCDebugTankACH",
 "strTitle": "Урон Дост",
 "strDesc": "[us] понижает показатель достижений у [them].",
 "strTargetPoint": null,
 "fTargetPointRange": 0.0,
 "strAnim": "Angry",
 "strBubble": "BblShoutThreat",
 "strColor": "Dialogue",
 "aInverse": [],
 "fDuration": 0.0005,
 "bSocial": false,
 "bRandomInverse": true,
 "bOpener": true,
 "bPause": false,
 "nLogging": 1,
 "bHumanOnly": true,
 "strThemType": "Other",
 "LootCTsUs": null,
 "LootCTsThem": "CTSOCDebugTankACHThem",
 "CTTestUs": null,
 "CTTestThem": "TIsValidSocialTarget"
 },
 {
 "strName": "SOCDebugTankALT",
 "strTitle": "Урон Альт",
 "strDesc": "[us] понижает показатель альтруизма у [them].",
 "strTargetPoint": null,
 "fTargetPointRange": 0.0,
 "strAnim": "Angry",
 "strBubble": "BblShoutThreat",
 "strColor": "Dialogue",
 "aInverse": [],
 "fDuration": 0.0005,
 "bSocial": false,
 "bRandomInverse": true,
 "bOpener": true,
 "bPause": false,
 "nLogging": 1,
 "bHumanOnly": true,
 "strThemType": "Other",
 "LootCTsUs": null,
 "LootCTsThem": "CTSOCDebugTankALTThem",
 "CTTestUs": null,
 "CTTestThem": "TIsValidSocialTarget"
 },
 {
 "strName": "SOCDebugTankAUT",
 "strTitle": "Урон Авт",
 "strDesc": "[us] понижает показатель автономии у [them].",
 "strTargetPoint": null,
 "fTargetPointRange": 0.0,
 "strAnim": "Angry",
 "strBubble": "BblShoutThreat",
 "strColor": "Dialogue",
 "aInverse": [],
 "fDuration": 0.0005,
 "bSocial": false,
 "bRandomInverse": true,
 "bOpener": true,
 "bPause": false,
 "nLogging": 1,
 "bHumanOnly": true,
 "strThemType": "Other",
 "LootCTsUs": null,
 "LootCTsThem": "CTSOCDebugTankAUTThem",
 "CTTestUs": null,
 "CTTestThem": "TIsValidSocialTarget"
 },
 {
 "strName": "SOCDebugTankCON",
 "strTitle": "Урон Кон",
 "strDesc": "[us] понижает показатель контакта у [them].",
 "strTargetPoint": null,
 "fTargetPointRange": 0.0,
 "strAnim": "Angry",
 "strBubble": "BblShoutThreat",
 "strColor": "Dialogue",
 "aInverse": [],
 "fDuration": 0.0005,
 "bSocial": false,
 "bRandomInverse": true,
 "bOpener": true,
 "bPause": false,
 "nLogging": 1,
 "bHumanOnly": true,
 "strThemType": "Other",
 "LootCTsUs": null,
 "LootCTsThem": "CTSOCDebugTankCONThem",
 "CTTestUs": null,
 "CTTestThem": "TIsValidSocialTarget"
 },
 {
 "strName": "SOCDebugTankEST",
 "strTitle": "Урон Уваж",
 "strDesc": "[us] понижает показатель уважения у [them].",
 "strTargetPoint": null,
 "fTargetPointRange": 0.0,
 "strAnim": "Angry",
 "strBubble": "BblShoutThreat",
 "strColor": "Dialogue",
 "aInverse": [],
 "fDuration": 0.0005,
 "bSocial": false,
 "bRandomInverse": true,
 "bOpener": true,
 "bPause": false,
 "nLogging": 1,
 "bHumanOnly": true,
 "strThemType": "Other",
 "LootCTsUs": null,
 "LootCTsThem": "CTSOCDebugTankESTThem",
 "CTTestUs": null,
 "CTTestThem": "TIsValidSocialTarget"
 },
 {
 "strName": "SOCDebugTankFAM",
 "strTitle": "Урон Сем",
 "strDesc": "[us] понижает показатель семьи у [them].",
 "strTargetPoint": null,
 "fTargetPointRange": 0.0,
 "strAnim": "Angry",
 "strBubble": "BblShoutThreat",
 "strColor": "Dialogue",
 "aInverse": [],
 "fDuration": 0.0005,
 "bSocial": false,
 "bRandomInverse": true,
 "bOpener": true,
 "bPause": false,
 "nLogging": 1,
 "bHumanOnly": true,
 "strThemType": "Other",
 "LootCTsUs": null,
 "LootCTsThem": "CTSOCDebugTankFAMThem",
 "CTTestUs": null,
 "CTTestThem": "TIsValidSocialTarget"
 },
 {
 "strName": "SOCDebugTankINT",
 "strTitle": "Урон Близ",
 "strDesc": "[us] понижает показатель близости у [them].",
 "strTargetPoint": null,
 "fTargetPointRange": 0.0,
 "strAnim": "Angry",
 "strBubble": "BblShoutThreat",
 "strColor": "Dialogue",
 "aInverse": [],
 "fDuration": 0.0005,
 "bSocial": false,
 "bRandomInverse": true,
 "bOpener": true,
 "bPause": false,
 "nLogging": 1,
 "bHumanOnly": true,
 "strThemType": "Other",
 "LootCTsUs": null,
 "LootCTsThem": "CTSOCDebugTankINTThem",
 "CTTestUs": null,
 "CTTestThem": "TIsValidSocialTarget"
 },
 {
 "strName": "SOCDebugTankMEA",
 "strTitle": "Урон Смысл",
 "strDesc": "[us] понижает показатель смысла у [them].",
 "strTargetPoint": null,
 "fTargetPointRange": 0.0,
 "strAnim": "Angry",
 "strBubble": "BblShoutThreat",
 "strColor": "Dialogue",
 "aInverse": [],
 "fDuration": 0.0005,
 "bSocial": false,
 "bRandomInverse": true,
 "bOpener": true,
 "bPause": false,
 "nLogging": 1,
 "bHumanOnly": true,
 "strThemType": "Other",
 "LootCTsUs": null,
 "LootCTsThem": "CTSOCDebugTankMEAThem",
 "CTTestUs": null,
 "CTTestThem": "TIsValidSocialTarget"
 },
 {
 "strName": "SOCDebugTankPRI",
 "strTitle": "Урон Прив",
 "strDesc": "[us] понижает показатель приватности у [them].",
 "strTargetPoint": null,
 "fTargetPointRange": 0.0,
 "strAnim": "Angry",
 "strBubble": "BblShoutThreat",
 "strColor": "Dialogue",
 "aInverse": [],
 "fDuration": 0.0005,
 "bSocial": false,
 "bRandomInverse": true,
 "bOpener": true,
 "bPause": false,
 "nLogging": 1,
 "bHumanOnly": true,
 "strThemType": "Other",
 "LootCTsUs": null,
 "LootCTsThem": "CTSOCDebugTankPRIThem",
 "CTTestUs": null,
 "CTTestThem": "TIsValidSocialTarget"
 },
 {
 "strName": "SOCDebugTankSEC",
 "strTitle": "Урон Безоп",
 "strDesc": "[us] понижает показатель безопасности у [them].",
 "strTargetPoint": null,
 "fTargetPointRange": 0.0,
 "strAnim": "Angry",
 "strBubble": "BblShoutThreat",
 "strColor": "Dialogue",
 "aInverse": [],
 "fDuration": 0.0005,
 "bSocial": false,
 "bRandomInverse": true,
 "bOpener": true,
 "bPause": false,
 "nLogging": 1,
 "bHumanOnly": true,
 "strThemType": "Other",
 "LootCTsUs": null,
 "LootCTsThem": "CTSOCDebugTankSECThem",
 "CTTestUs": null,
 "CTTestThem": "TIsValidSocialTarget"
 },
 {
 "strName": "SOCDebugTankSEL",
 "strTitle": "Урон Самоуваж",
 "strDesc": "[us] понижает показатель самоуважения у [them].",
 "strTargetPoint": null,
 "fTargetPointRange": 0.0,
 "strAnim": "Angry",
 "strBubble": "BblShoutThreat",
 "strColor": "Dialogue",
 "aInverse": [],
 "fDuration": 0.0005,
 "bSocial": false,
 "bRandomInverse": true,
 "bOpener": true,
 "bPause": false,
 "nLogging": 1,
 "bHumanOnly": true,
 "strThemType": "Other",
 "LootCTsUs": null,
 "LootCTsThem": "CTSOCDebugTankSELThem",
 "CTTestUs": null,
 "CTTestThem": "TIsValidSocialTarget"
 }
]
