[
  {
    "strName": "CGEncContactAdult",
    "strInteraction": "CGEncContactAdult",
    "fCashRewardMin": 0.0,
    "fStartATCRange": 0.0,
    "strStartATC": "",
    "strShipRewards": ""
  },
  {
    "strName": "CGEncAnotherYear",
    "strInteraction": "CGEncAnotherYear",
    "fCashRewardMin": 0.0,
    "fStartATCRange": 0.0,
    "strStartATC": "",
    "strShipRewards": ""
  },
  {
    "strName": "CGEncContactCriminal",
    "strInteraction": "CGEncContactCriminal",
    "fCashRewardMin": 0.0,
    "fStartATCRange": 0.0,
    "strStartATC": "",
    "strShipRewards": ""
  },
  {
    "strName": "CGEncContactPirate",
    "strInteraction": "CGEncContactPirate",
    "fCashRewardMin": 0.0,
    "fStartATCRange": 0.0,
    "strStartATC": "",
    "strShipRewards": ""
  },
  {
    "strName": "CGEncFramedCaught",
    "strInteraction": "CGEncFramedCaught",
    "fCashRewardMin": 0.0,
    "fStartATCRange": 0.0,
    "strStartATC": "",
    "strShipRewards": ""
  },
  {
    "strName": "CGEncFriendAdult",
    "strInteraction": "CGEncFriendAdult",
    "fCashRewardMin": 0.0,
    "fStartATCRange": 0.0,
    "strStartATC": "",
    "strShipRewards": ""
  },
  {
    "strName": "CGEncInjury",
    "strInteraction": "CGEncInjury",
    "fCashRewardMin": 0.0,
    "fStartATCRange": 0.0,
    "strStartATC": "",
    "strShipRewards": ""
  },
  {
    "strName": "CGEncManslaughter",
    "strInteraction": "CGEncManslaughter",
    "fCashRewardMin": 0.0,
    "fStartATCRange": 0.0,
    "strStartATC": "",
    "strShipRewards": ""
  },
  {
    "strName": "CGEncShadyDealIntro",
    "strInteraction": "CGEncShadyDealIntro",
    "fCashRewardMin": 0.0,
    "fStartATCRange": 0.0,
    "strStartATC": "",
    "strShipRewards": ""
  },
  {
    "strName": "CGEncShadyDealGatherIntel",
    "strInteraction": "CGEncShadyDealGatherIntel",
    "fCashRewardMin": 0.0,
    "fStartATCRange": 0.0,
    "strStartATC": "",
    "strShipRewards": ""
  },
  {
    "strName": "CGEncShadyDealBackstab",
    "strInteraction": "CGEncShadyDealBackstab",
    "fCashRewardMin": 900.0,
    "fStartATCRange": 0.0,
    "strStartATC": "",
    "strShipRewards": ""
  },
  {
    "strName": "CGEncShadyDealViolence",
    "strInteraction": "CGEncShadyDealViolence",
    "fCashRewardMin": 900.0,
    "fStartATCRange": 0.0,
    "strStartATC": "",
    "strShipRewards": ""
  },
  {
    "strName": "CGEncShadyDealReportThem",
    "strInteraction": "CGEncShadyDealReportThem",
    "fCashRewardMin": 900.0,
    "fStartATCRange": 0.0,
    "strStartATC": "",
    "strShipRewards": ""
  },
  {
    "strName": "CGEncShadyDealJoinFail",
    "strInteraction": "CGEncShadyDealJoinFail",
    "fCashRewardMin": 0.0,
    "fStartATCRange": 0.0,
    "strStartATC": "",
    "strShipRewards": ""
  },
  {
    "strName": "CGEncShadyDealJoinSuccess",
    "strInteraction": "CGEncShadyDealJoinSuccess",
    "fCashRewardMin": 4500.0,
    "fStartATCRange": 0.0,
    "strStartATC": "",
    "strShipRewards": ""
  },
  {
    "strName": "CGEncShipHulkSalvage",
    "strInteraction": "CGEncShipHulkSalvage",
    "fCashRewardMin": 10000.0,
    "fStartATCRange": 100.0,
    "strStartATC": "OKLG",
    "strShipRewards": "CGEncShipbreakerShips"
  },
  {
    "strName": "CGEncShipPAX2020Intro",
    "strInteraction": "CGEncShipPAX2020Intro",
    "fCashRewardMin": 0.0,
    "fStartATCRange": 0.0,
    "strStartATC": "",
    "strShipRewards": ""
  },
  {
    "strName": "CGEncShipPAX2020Take",
    "strInteraction": "CGEncShipPAX2020Take",
    "fCashRewardMin": 0.0,
    "fStartATCRange": 100.0,
    "strStartATC": "OKLG",
    "strShipRewards": "CGEncShipbreakerPAX2020Ships"
  },
  {
    "strName": "CGEncShipbreakerSaveMoney",
    "strInteraction": "CGEncShipbreakerSaveMoney",
    "fCashRewardMin": 400.0,
    "fCashRewardMax": 600.0,
    "fStartATCRange": 0.0,
    "strStartATC": "",
    "strShipRewards": ""
  },
  {
    "strName": "CGEncShipSalvageContainerPodIntro",
    "strInteraction": "CGEncShipSalvageContainerPodIntro",
    "fCashRewardMin": 0.0,
    "fStartATCRange": 0.0,
    "strStartATC": "",
    "strShipRewards": ""
  },
  {
    "strName": "CGEncShipSalvageContainerPodTake",
    "strInteraction": "CGEncShipSalvageContainerPodTake",
    "fCashRewardMin": 0.0,
    "fShipMortgage": 97395.4,
    "bShipOwned": true,
    "fShipDmgMax": 0.6,
    "fStartATCRange": 0.0,
    "strStartATC": "OKLG",
    "strShipRewards": "CGEncShipbreakerContainerPod"
  },
  {
    "strName": "CGEncShipSalvagePodIntro",
    "strInteraction": "CGEncShipSalvagePodIntro",
    "fCashRewardMin": 0.0,
    "fStartATCRange": 0.0,
    "strStartATC": "",
    "strShipRewards": ""
  },
  {
    "strName": "CGEncShipSalvagePodTake",
    "strInteraction": "CGEncShipSalvagePodTake",
    "fCashRewardMin": 0.0,
    "fShipMortgage": 782813.9,
    "bShipOwned": true,
    "fShipDmgMax": 0.6,
    "fStartATCRange": 0.0,
    "strStartATC": "OKLG",
    "strShipRewards": "CGEncShipbreakerPod"
  },
  {
    "strName": "CGEncShipMakeshiftSalvagePodIntro",
    "strInteraction": "CGEncShipMakeshiftSalvagePodIntro",
    "fCashRewardMin": 0.0,
    "fStartATCRange": 0.0,
    "strStartATC": "",
    "strShipRewards": ""
  },
  {
    "strName": "CGEncShipSalvageSledTake",
    "strInteraction": "CGEncShipSalvageSledTake",
    "fCashRewardMin": 0.0,
    "fShipMortgage": 383023.3,
    "bShipOwned": true,
    "fShipDmgMax": 0.6,
    "fStartATCRange": 0.0,
    "strStartATC": "OKLG",
    "strShipRewards": "CGEncShipbreakerSled"
  },
  {
    "strName": "CGEncShipSalvagePodEnduranceIntro",
    "strInteraction": "CGEncShipSalvagePodEnduranceIntro",
    "fCashRewardMin": 0.0,
    "fStartATCRange": 0.0,
    "strStartATC": "",
    "strShipRewards": ""
  },
  {
    "strName": "CGEncShipSalvagePodEnduranceTake",
    "strInteraction": "CGEncShipSalvagePodEnduranceTake",
    "fCashRewardMin": 0.0,
    "fShipMortgage": 811731.5,
    "bShipOwned": true,
    "fShipDmgMax": 0.6,
    "fStartATCRange": 0.0,
    "strStartATC": "OKLG",
    "strShipRewards": "CGEncShipbreakerPodEndurance"
  },
  {
    "strName": "CGEncShipSalvagePodSmallIntro",
    "strInteraction": "CGEncShipSalvagePodSmallIntro",
    "fCashRewardMin": 0.0,
    "fStartATCRange": 0.0,
    "strStartATC": "",
    "strShipRewards": ""
  },
  {
    "strName": "CGEncShipSalvagePodSmallTake",
    "strInteraction": "CGEncShipSalvagePodSmallTake",
    "fCashRewardMin": 0.0,
    "fShipMortgage": 788867.3,
    "bShipOwned": true,
    "fShipDmgMax": 0.6,
    "fStartATCRange": 0.0,
    "strStartATC": "OKLG",
    "strShipRewards": "CGEncShipbreakerPodSmall"
  },
  {
    "strName": "CGEncShipSalvagePodTestIntro",
    "strInteraction": "CGEncShipSalvagePodTestIntro",
    "fCashRewardMin": 0.0,
    "fStartATCRange": 0.0,
    "strStartATC": "",
    "strShipRewards": ""
  },
  {
    "strName": "CGEncShipSalvagePodTestTake",
    "strInteraction": "CGEncShipSalvagePodTestTake",
    "fCashRewardMin": 0.0,
    "fShipMortgage": 910635.5,
    "bShipOwned": true,
    "fShipDmgMax": 0.6,
    "fStartATCRange": 0.0,
    "strStartATC": "OKLG",
    "strShipRewards": "CGEncShipbreakerPodTest"
  },
  {
    "strName": "CGEncShipShuttleSmallIntro",
    "strInteraction": "CGEncShipShuttleSmallIntro",
    "fCashRewardMin": 0.0,
    "fStartATCRange": 0.0,
    "strStartATC": "",
    "strShipRewards": ""
  },
  {
    "strName": "CGEncShipShuttleSmallTake",
    "strInteraction": "CGEncShipShuttleSmallTake",
    "fCashRewardMin": 0.0,
    "fShipMortgage": 862808.4,
    "bShipOwned": true,
    "fShipDmgMax": 0.6,
    "fStartATCRange": 0.0,
    "strStartATC": "OKLG",
    "strShipRewards": "CGEncShipbreakerShuttleSmall"
  },
  {
    "strName": "CGEncShipSalvageUtilityPodIntro",
    "strInteraction": "CGEncShipSalvageUtilityPodIntro",
    "fCashRewardMin": 0.0,
    "fStartATCRange": 0.0,
    "strStartATC": "",
    "strShipRewards": ""
  },
  {
    "strName": "CGEncShipSalvageUtilityPodTake",
    "strInteraction": "CGEncShipSalvageUtilityPodTake",
    "fCashRewardMin": 0.0,
    "fShipMortgage": 879247.7,
    "bShipOwned": true,
    "fShipDmgMax": 0.6,
    "fStartATCRange": 0.0,
    "strStartATC": "OKLG",
    "strShipRewards": "CGEncShipbreakerUtilityPod"
  },
  {
    "strName": "CGEncShipSalvagePodCont",
    "strInteraction": "CGEncShipSalvagePodCont",
    "fCashRewardMin": 0.0,
    "fStartATCRange": 0.0,
    "strStartATC": "",
    "strShipRewards": ""
  },
  {
    "strName": "CGEncRichSchmuckIntroOriginal",
    "strInteraction": "CGEncRichSchmuckIntroOriginal",
    "fCashRewardMin": 0.0,
    "fStartATCRange": 0.0,
    "strStartATC": "",
    "strShipRewards": ""
  },
  {
    "strName": "CGEncRichSchmuckIntroMan",
    "strInteraction": "CGEncRichSchmuckIntroMan",
    "fCashRewardMin": 0.0,
    "fStartATCRange": 0.0,
    "strStartATC": "",
    "strShipRewards": ""
  },
  {
    "strName": "CGEncRichSchmuckIntroWoman",
    "strInteraction": "CGEncRichSchmuckIntroWoman",
    "fCashRewardMin": 0.0,
    "fStartATCRange": 0.0,
    "strStartATC": "",
    "strShipRewards": ""
  },
  {
    "strName": "CGEncRichSchmuckIntroNB",
    "strInteraction": "CGEncRichSchmuckIntroNB",
    "fCashRewardMin": 0.0,
    "fStartATCRange": 0.0,
    "strStartATC": "",
    "strShipRewards": ""
  },
  {
    "strName": "CGEncRichSchmuckIntroNone",
    "strInteraction": "CGEncRichSchmuckIntroNone",
    "fCashRewardMin": 0.0,
    "fStartATCRange": 0.0,
    "strStartATC": "",
    "strShipRewards": ""
  },
  {
    "strName": "CGEncRichSchmuckInciteRiot",
    "strInteraction": "CGEncRichSchmuckInciteRiot",
    "fCashRewardMin": 246.0,
    "fStartATCRange": 0.0,
    "strStartATC": "",
    "strShipRewards": ""
  },
  {
    "strName": "CGEncRichSchmuckPickpocket",
    "strInteraction": "CGEncRichSchmuckPickpocket",
    "fCashRewardMin": 250.0,
    "fStartATCRange": 0.0,
    "strStartATC": "",
    "strShipRewards": ""
  },
  {
    "strName": "CGEncDailyGrindKioskJob",
    "strInteraction": "CGEncDailyGrindKioskJob",
    "fCashRewardMin": 200.0,
    "fStartATCRange": 0.0,
    "strStartATC": "",
    "strShipRewards": ""
  },
  {
    "strName": "CGEncRichSchmuckMug",
    "strInteraction": "CGEncRichSchmuckMug",
    "fCashRewardMin": 246.0,
    "fStartATCRange": 0.0,
    "strStartATC": "",
    "strShipRewards": ""
  },
  {
    "strName": "CGEncRichSchmuckSeduce",
    "strInteraction": "CGEncRichSchmuckSeduce",
    "fCashRewardMin": 0.0,
    "fStartATCRange": 0.0,
    "strStartATC": "",
    "strShipRewards": ""
  },
  {
    "strName": "CGEncRichSchmuckSeduceMan",
    "strInteraction": "CGEncRichSchmuckSeduceMan",
    "fCashRewardMin": 0.0,
    "fStartATCRange": 0.0,
    "strStartATC": "",
    "strShipRewards": ""
  },
  {
    "strName": "CGEncRichSchmuckSeduceWoman",
    "strInteraction": "CGEncRichSchmuckSeduceWoman",
    "fCashRewardMin": 0.0,
    "fStartATCRange": 0.0,
    "strStartATC": "",
    "strShipRewards": ""
  },
  {
    "strName": "CGEncRichSchmuckSeduceNB",
    "strInteraction": "CGEncRichSchmuckSeduceNB",
    "fCashRewardMin": 0.0,
    "fStartATCRange": 0.0,
    "strStartATC": "",
    "strShipRewards": ""
  },
  {
    "strName": "CGEncRichSchmuckCorpSecrets",
    "strInteraction": "CGEncRichSchmuckCorpSecrets",
    "fCashRewardMin": 850.0,
    "fStartATCRange": 0.0,
    "strStartATC": "",
    "strShipRewards": ""
  },
  {
    "strName": "CGEncRichSchmuckHackPhone",
    "strInteraction": "CGEncRichSchmuckHackPhone",
    "fCashRewardMin": 2850.0,
    "fStartATCRange": 0.0,
    "strStartATC": "",
    "strShipRewards": ""
  },
  {
    "strName": "CGEncRichSchmuckHackPhoneFail",
    "strInteraction": "CGEncRichSchmuckHackPhoneFail",
    "fCashRewardMin": 2850.0,
    "fStartATCRange": 0.0,
    "strStartATC": "",
    "strShipRewards": ""
  },
  {
    "strName": "CGEncPodDisasterIntro",
    "strInteraction": "CGEncPodDisasterIntro",
    "fCashRewardMin": 0.0,
    "fStartATCRange": 0.0,
    "strStartATC": "",
    "strShipRewards": ""
  },
  {
    "strName": "CGEncPodDisasterHackEngine",
    "strInteraction": "CGEncPodDisasterHackEngine",
    "fCashRewardMin": 0.0,
    "fStartATCRange": 0.0,
    "strStartATC": "",
    "strShipRewards": ""
  },
  {
    "strName": "CGEncPodDisasterNavigate",
    "strInteraction": "CGEncPodDisasterNavigate",
    "fCashRewardMin": 0.0,
    "fStartATCRange": 0.0,
    "strStartATC": "",
    "strShipRewards": ""
  },
  {
    "strName": "CGEncPodDisasterEngMechanical",
    "strInteraction": "CGEncPodDisasterEngMechanical",
    "fCashRewardMin": -150,
    "fStartATCRange": 0.0,
    "strStartATC": "",
    "strShipRewards": ""
  },
  {
    "strName": "CGEncPodDisasterEngSpaceship",
    "strInteraction": "CGEncPodDisasterEngSpaceship",
    "fCashRewardMin": 850,
    "fStartATCRange": 0.0,
    "strStartATC": "",
    "strShipRewards": ""
  },
  {
    "strName": "CGEncPodDisasterRiskAbandonShipSuccess",
    "strInteraction": "CGEncPodDisasterRiskAbandonShipSuccess",
    "fCashRewardMin": 0.0,
    "fStartATCRange": 0.0,
    "strStartATC": "",
    "strShipRewards": ""
  },
  {
    "strName": "CGEncPodDisasterRiskAbandonShipFail",
    "strInteraction": "CGEncPodDisasterRiskAbandonShipFail",
    "fCashRewardMin": -1050.0,
    "fStartATCRange": 0.0,
    "strStartATC": "",
    "strShipRewards": ""
  },
  {
    "strName": "CGEncDailyGrindIntro",
    "strInteraction": "CGEncDailyGrindIntro",
    "fCashRewardMin": 0.0,
    "fStartATCRange": 0.0,
    "strStartATC": "",
    "strShipRewards": ""
  },
  {
    "strName": "CGEncDailyGrindHacking",
    "strInteraction": "CGEncDailyGrindHacking",
    "fCashRewardMin": 0.0,
    "fStartATCRange": 0.0,
    "strStartATC": "",
    "strShipRewards": ""
  },
  {
    "strName": "CGEncDailyGrindOldMovies",
    "strInteraction": "CGEncDailyGrindOldMovies",
    "fCashRewardMin": 0.0,
    "fStartATCRange": 0.0,
    "strStartATC": "",
    "strShipRewards": ""
  },
  {
    "strName": "CGEncDailyGrindFeverishSuitMaintenance",
    "strInteraction": "CGEncDailyGrindFeverishSuitMaintenance",
    "fCashRewardMin": 0.0,
    "fStartATCRange": 0.0,
    "strStartATC": "",
    "strShipRewards": ""
  },
  {
    "strName": "CGEncDailyGrindUndergroundBoxing",
    "strInteraction": "CGEncDailyGrindUndergroundBoxing",
    "fCashRewardMin": 0.0,
    "fStartATCRange": 0.0,
    "strStartATC": "",
    "strShipRewards": ""
  },
  {
    "strName": "CGEncDailyGrindShippingNews",
    "strInteraction": "CGEncDailyGrindShippingNews",
    "fCashRewardMin": 650.0,
    "fStartATCRange": 0.0,
    "strStartATC": "",
    "strShipRewards": ""
  },
  {
    "strName": "CGEncRareSalvageIntro",
    "strInteraction": "CGEncRareSalvageIntro",
    "fCashRewardMin": 0.0,
    "fStartATCRange": 0.0,
    "strStartATC": "",
    "strShipRewards": ""
  },
  {
    "strName": "CGEncRareSalvageTellAyotimiwa",
    "strInteraction": "CGEncRareSalvageTellAyotimiwa",
    "fCashRewardMin": 0.0,
    "fStartATCRange": 0.0,
    "strStartATC": "",
    "strShipRewards": ""
  },
  {
    "strName": "CGEncRareSalvageSmuggleItOffSite",
    "strInteraction": "CGEncRareSalvageSmuggleItOffSite",
    "fCashRewardMin": 200.0,
    "fStartATCRange": 0.0,
    "strStartATC": "",
    "strShipRewards": ""
  },
  {
    "strName": "CGEncRareSalvageTakeItForYourselfSuccess",
    "strInteraction": "CGEncRareSalvageTakeItForYourselfSuccess",
    "fCashRewardMin": 0.0,
    "fStartATCRange": 0.0,
    "strStartATC": "",
    "strShipRewards": ""
  },
  {
    "strName": "CGEncRareSalvageTakeItForYourselfFail",
    "strInteraction": "CGEncRareSalvageTakeItForYourselfFail",
    "fCashRewardMin": 0.0,
    "fStartATCRange": 0.0,
    "strStartATC": "",
    "strShipRewards": ""
  },
  {
    "strName": "CGEncRareSalvageBribeBoss",
    "strInteraction": "CGEncRareSalvageBribeBoss",
    "fCashRewardMin": 750.0,
    "fStartATCRange": 0.0,
    "strStartATC": "",
    "strShipRewards": ""
  },
  {
    "strName": "CGEncRareSalvageSmash",
    "strInteraction": "CGEncRareSalvageSmash",
    "fCashRewardMin": 0.0,
    "fStartATCRange": 0.0,
    "strStartATC": "",
    "strShipRewards": ""
  },
  {
    "strName": "CGEncTestIntro",
    "strInteraction": "CGEncTestIntro",
    "fCashRewardMin": 0.0,
    "fStartATCRange": 0.0,
    "strStartATC": "",
    "strShipRewards": ""
  },
  {
    "strName": "CGEncTestA",
    "strInteraction": "CGEncTestA",
    "fCashRewardMin": -200.0,
    "fStartATCRange": 0.0,
    "strStartATC": "",
    "strShipRewards": ""
  },
  {
    "strName": "CGEncTestAFail",
    "strInteraction": "CGEncTestAFail",
    "fCashRewardMin": -2300.0,
    "fStartATCRange": 0.0,
    "strStartATC": "",
    "strShipRewards": ""
  },
  {
    "strName": "CGEncTestB",
    "strInteraction": "CGEncTestB",
    "fCashRewardMin": 0.0,
    "fStartATCRange": 0.0,
    "strStartATC": "",
    "strShipRewards": ""
  },
  {
    "strName": "CGEncTestC",
    "strInteraction": "CGEncTestC",
    "fCashRewardMin": 700.0,
    "fStartATCRange": 0.0,
    "strStartATC": "",
    "strShipRewards": ""
  },
  {
    "strName": "CGEncTestD",
    "strInteraction": "CGEncTestD",
    "fCashRewardMin": 0.0,
    "fStartATCRange": 0.0,
    "strStartATC": "",
    "strShipRewards": ""
  },
  {
    "strName": "CGEncTestE",
    "strInteraction": "CGEncTestE",
    "fCashRewardMin": 0.0,
    "fStartATCRange": 0.0,
    "strStartATC": "",
    "strShipRewards": ""
  },
  {
    "strName": "CGEncUprooted",
    "strInteraction": "CGEncUprooted",
    "fCashRewardMin": 0.0,
    "fStartATCRange": 0.0,
    "strStartATC": "",
    "strShipRewards": ""
  },
  {
    "strName": "CGEncCrackdownIntro",
    "strInteraction": "CGEncCrackdownIntro",
    "fCashRewardMin": 0.0,
    "fStartATCRange": 0.0,
    "strStartATC": "",
    "strShipRewards": ""
  },
  {
    "strName": "CGEncCrackdownVents",
    "strInteraction": "CGEncCrackdownVents",
    "fCashRewardMin": 246.0,
    "fStartATCRange": 0.0,
    "strStartATC": "",
    "strShipRewards": ""
  },
  {
    "strName": "CGEncCrackdownBluff",
    "strInteraction": "CGEncCrackdownBluff",
    "fCashRewardMin": 500.0,
    "fStartATCRange": 0.0,
    "strStartATC": "",
    "strShipRewards": ""
  },
  {
    "strName": "CGEncCrackdownNothingToHide",
    "strInteraction": "CGEncCrackdownNothingToHide",
    "fCashRewardMin": 0.0,
    "fStartATCRange": 0.0,
    "strStartATC": "",
    "strShipRewards": ""
  },
  {
    "strName": "CGEncCrackdownFakeAPressureAlarm",
    "strInteraction": "CGEncCrackdownFakeAPressureAlarm",
    "fCashRewardMin": 0.0,
    "fStartATCRange": 0.0,
    "strStartATC": "",
    "strShipRewards": ""
  },
  {
    "strName": "CGEncCrackdownBeAHeroFail",
    "strInteraction": "CGEncCrackdownBeAHeroFail",
    "fCashRewardMin": 0.0,
    "fStartATCRange": 0.0,
    "strStartATC": "",
    "strShipRewards": ""
  },
  {
    "strName": "CGEncCrackdownBeAHeroSuccess",
    "strInteraction": "CGEncCrackdownBeAHeroSuccess",
    "fCashRewardMin": 1750.0,
    "fStartATCRange": 0.0,
    "strStartATC": "",
    "strShipRewards": ""
  },
  {
    "strName": "CGEncPokerGameIntro",
    "strInteraction": "CGEncPokerGameIntro",
    "fCashRewardMin": 0.0,
    "fStartATCRange": 0.0,
    "strStartATC": "",
    "strShipRewards": ""
  },
  {
    "strName": "CGEncPokerGameTechnicality",
    "strInteraction": "CGEncPokerGameTechnicality",
    "fCashRewardMin": 300.0,
    "fStartATCRange": 0.0,
    "strStartATC": "",
    "strShipRewards": ""
  },
  {
    "strName": "CGEncPokerGameCallBluffSuccess",
    "strInteraction": "CGEncPokerGameCallBluffSuccess",
    "fCashRewardMin": 0.0,
    "fStartATCRange": 7.0,
    "fShipDmgMax": 0.4,
    "strStartATC": "OKLG",
    "bShipOwned": true,
    "strShipRewards": "CGEncShipbreakerPrizeShip"
  },
  {
    "strName": "CGEncPokerGameCallBluffFail",
    "strInteraction": "CGEncPokerGameCallBluffFail",
    "fCashRewardMin": -9000.0,
    "fStartATCRange": 0.0,
    "strStartATC": "",
    "strShipRewards": ""
  },
  {
    "strName": "CGEncPokerGameFold",
    "strInteraction": "CGEncPokerGameFold",
    "fCashRewardMin": 900.0,
    "fStartATCRange": 0.0,
    "strStartATC": "",
    "strShipRewards": ""
  },
  {
    "strName": "CGEncPokerGameAccuse",
    "strInteraction": "CGEncPokerGameAccuse",
    "fCashRewardMin": 0.0,
    "fStartATCRange": 0.0,
    "strStartATC": "",
    "strShipRewards": ""
  },
  {
    "strName": "CGEncPokerGameCheat",
    "strInteraction": "CGEncPokerGameCheat",
    "fCashRewardMin": 1500.0,
    "fStartATCRange": 0.0,
    "strStartATC": "",
    "strShipRewards": ""
  },
  {
    "strName": "CGEncPokerGameYoink",
    "strInteraction": "CGEncPokerGameYoink",
    "fCashRewardMin": -6500.0,
    "fStartATCRange": 0.0,
    "fShipDmgMax": 0.4,
    "strStartATC": "OKLG",
    "strShipRewards": "CGEncShipbreakerPrizeShip"
  },
  {
    "strName": "CGEncImprisoned",
    "strInteraction": "CGEncImprisoned",
    "fCashRewardMin": 0,
    "fStartATCRange": 0,
    "fShipDmgMax": 0,
    "strStartATC": "",
    "strShipRewards": ""
  },
  {
    "strName": "CGEncHomeworldOKLGIntro",
    "strInteraction": "CGEncHomeworldOKLGIntro",
    "fCashRewardMin": 0.0,
    "fStartATCRange": 0.0,
    "strStartATC": "",
    "strShipRewards": ""
  }
]