﻿[
    {
        "strName": "PDAPresetPower",
        "strNameFriendly": "(КПК) Режим: Энергия",
        "strColor": "Neutral",
        "strDesc": "Включает режим энергии PDA.",
        "nDisplaySelf": 2,
        "nDisplayOther": 2,
        "bFatal": false,
        "aNext": [],
        "fDuration": 0.0
    },
    {
        "strName": "PDAPresetDamage",
        "strNameFriendly": "(КПК) Режим: Повреждения",
        "strColor": "Neutral",
        "strDesc": "Включает режим повреждений PDA.",
        "nDisplaySelf": 2,
        "nDisplayOther": 2,
        "bFatal": false,
        "aNext": [],
        "fDuration": 0.0
    },
    {
        "strName": "PDAPresetPrice",
        "strNameFriendly": "(КПК) Режим: Цена",
        "strColor": "Neutral",
        "strDesc": "Включает режим цен PDA.",
        "nDisplaySelf": 2,
        "nDisplayOther": 2,
        "bFatal": false,
        "aNext": [],
        "fDuration": 0.0
    },
    {
        "strName": "PDAPresetMass",
        "strNameFriendly": "(КПК) Режим: Масса",
        "strColor": "Neutral",
        "strDesc": "Включает режим массы PDA.",
        "nDisplaySelf": 2,
        "nDisplayOther": 2,
        "bFatal": false,
        "aNext": [],
        "fDuration": 0.0
    },
    {
        "strName": "PDAPresetHeat",
        "strNameFriendly": "(КПК) Режим: Тепло",
        "strColor": "Neutral",
        "strDesc": "Включает режим тепла PDA.",
        "nDisplaySelf": 2,
        "nDisplayOther": 2,
        "bFatal": false,
        "aNext": [],
        "fDuration": 0.0
    },
    {
        "strName": "PDAPresetPressure",
        "strNameFriendly": "(КПК) Режим: Давление",
        "strColor": "Neutral",
        "strDesc": "Включает режим давления PDA.",
        "nDisplaySelf": 2,
        "nDisplayOther": 2,
        "bFatal": false,
        "aNext": [],
        "fDuration": 0.0
    },
    {
        "strName": "PDAToggleFOV",
        "strNameFriendly": "(КПК) Переключатель: Поле зрения",
        "strColor": "Neutral",
        "strDesc": "Включает переключатель поля зрения PDA.",
        "nDisplaySelf": 2,
        "nDisplayOther": 2,
        "bFatal": false,
        "aNext": [],
        "fDuration": 0.0
    },
    {
        "strName": "PDAToggleLights",
        "strNameFriendly": "(КПК) Переключатель: Освещение",
        "strColor": "Neutral",
        "strDesc": "Включает переключатель освещения PDA.",
        "nDisplaySelf": 2,
        "nDisplayOther": 2,
        "bFatal": false,
        "aNext": [],
        "fDuration": 0.0
    },
    {
        "strName": "PDAToggleExteriors",
        "strNameFriendly": "(КПК) Переключатель: Экстерьеры",
        "strColor": "Neutral",
        "strDesc": "Включает переключатель экстерьеров PDA.",
        "nDisplaySelf": 2,
        "nDisplayOther": 2,
        "bFatal": false,
        "aNext": [],
        "fDuration": 0.0
    },
    {
        "strName": "PDAToggleCeiling",
        "strNameFriendly": "(КПК) Переключатель: Потолок",
        "strColor": "Neutral",
        "strDesc": "Включает переключатель потолка PDA.",
        "nDisplaySelf": 2,
        "nDisplayOther": 2,
        "bFatal": false,
        "aNext": [],
        "fDuration": 0.0
    },
    {
        "strName": "PDATogglePower",
        "strNameFriendly": "(КПК) Переключатель: Энергия",
        "strColor": "Neutral",
        "strDesc": "Включает переключатель энергии PDA.",
        "nDisplaySelf": 2,
        "nDisplayOther": 2,
        "bFatal": false,
        "aNext": [],
        "fDuration": 0.0
    },
    {
        "strName": "PDATogglePlaceholders",
        "strNameFriendly": "(КПК) Переключатель: Заполнители",
        "strColor": "Neutral",
        "strDesc": "Включает переключатель заполнителей PDA.",
        "nDisplaySelf": 2,
        "nDisplayOther": 2,
        "bFatal": false,
        "aNext": [],
        "fDuration": 0.0
    },
    {
        "strName": "PDAToggleTasks",
        "strNameFriendly": "(КПК) Переключатель: Задачи",
        "strColor": "Neutral",
        "strDesc": "Включает переключатель задач PDA.",
        "nDisplaySelf": 2,
        "nDisplayOther": 2,
        "bFatal": false,
        "aNext": [],
        "fDuration": 0.0
    },
    {
        "strName": "PDAToggleLogScale",
        "strNameFriendly": "(КПК) Переключатель: Лог. шкала",
        "strColor": "Neutral",
        "strDesc": "Включает переключатель лог. шкалы PDA.",
        "nDisplaySelf": 2,
        "nDisplayOther": 2,
        "bFatal": false,
        "aNext": [],
        "fDuration": 0.0
    },
    {
        "strName": "PDAToggleContours",
        "strNameFriendly": "(КПК) Переключатель: Контуры",
        "strColor": "Neutral",
        "strDesc": "Включает переключатель контуров PDA.",
        "nDisplaySelf": 2,
        "nDisplayOther": 2,
        "bFatal": false,
        "aNext": [],
        "fDuration": 0.0
    },
    {
        "strName": "PDAToggleRealTime",
        "strNameFriendly": "(КПК) Переключатель: Реальное время",
        "strColor": "Neutral",
        "strDesc": "Включает переключатель реального времени КПК.",
        "nDisplaySelf": 2,
        "nDisplayOther": 2,
        "bFatal": false,
        "aNext": [],
        "fDuration": 0.0
    },
    {
        "strName": "PDAVariableAny",
        "strNameFriendly": "(КПК) Сенсор: Любой",
        "strColor": "Neutral",
        "strDesc": "Позволяет вводить пользовательские переменные.",
        "nDisplaySelf": 2,
        "nDisplayOther": 2,
        "bFatal": false,
        "aNext": [],
        "fDuration": 0.0
    },
    {
        "strName": "PDAVariable_Power",
        "strNameFriendly": "(КПК) Сенсор: Энергия",
        "strColor": "Neutral",
        "strDesc": "Содержит специальное оборудование для измерения и отображения энергии на корабле.",
        "nDisplaySelf": 2,
        "nDisplayOther": 2,
        "bFatal": false,
        "aNext": [],
        "fDuration": 0.0
    },
    {
        "strName": "PDAVariable_Damage",
        "strNameFriendly": "(КПК) Сенсор: Повреждения",
        "strColor": "Neutral",
        "strDesc": "Содержит специальное оборудование для измерения и отображения повреждений на корабле.",
        "nDisplaySelf": 2,
        "nDisplayOther": 2,
        "bFatal": false,
        "aNext": [],
        "fDuration": 0.0
    },
    {
        "strName": "PDAVariable_Mass",
        "strNameFriendly": "(КПК) Сенсор: Масса",
        "strColor": "Neutral",
        "strDesc": "Содержит специальное оборудование для измерения и отображения массы на корабле.",
        "nDisplaySelf": 2,
        "nDisplayOther": 2,
        "bFatal": false,
        "aNext": [],
        "fDuration": 0.0
    },
    {
        "strName": "PDAVariable_Price",
        "strNameFriendly": "(КПК) Сенсор: Цена",
        "strColor": "Neutral",
        "strDesc": "Содержит специальное оборудование для обнаружения и отображения ценностей на корабле.",
        "nDisplaySelf": 2,
        "nDisplayOther": 2,
        "bFatal": false,
        "aNext": [],
        "fDuration": 0.0
    },
    {
        "strName": "PDAVariable_Heat",
        "strNameFriendly": "(КПК) Сенсор: Температура",
        "strColor": "Neutral",
        "strDesc": "Содержит специальное оборудование для измерения и отображения тепла на корабле.",
        "nDisplaySelf": 2,
        "nDisplayOther": 2,
        "bFatal": false,
        "aNext": [],
        "fDuration": 0.0
    },
    {
        "strName": "PDAVariable_Pressure",
        "strNameFriendly": "(КПК) Сенсор: Давление",
        "strColor": "Neutral",
        "strDesc": "Содержит специальное оборудование для измерения и отображения давления на корабле.",
        "nDisplaySelf": 2,
        "nDisplayOther": 2,
        "bFatal": false,
        "aNext": [],
        "fDuration": 0.0
    },
    {
        "strName": "PDAGradient01",
        "strNameFriendly": "(КПК) Градиент: №1 \"_____\"",
        "strColor": "Neutral",
        "strDesc": "Позволяет использовать визуальный фильтр _____.",
        "nDisplaySelf": 2,
        "nDisplayOther": 2,
        "bFatal": false,
        "aNext": [],
        "fDuration": 0.0
    },
    {
        "strName": "PDAGradient02",
        "strNameFriendly": "(КПК) Градиент: №2 «Монохром»",
        "strColor": "Neutral",
        "strDesc": "Включает чёрно-белый визуальный фильтр.",
        "nDisplaySelf": 2,
        "nDisplayOther": 2,
        "bFatal": false,
        "aNext": [],
        "fDuration": 0.0
    },
    {
        "strName": "PDAGradient03",
        "strNameFriendly": "(КПК) Градиент: №3 «Триколор»",
        "strColor": "Neutral",
        "strDesc": "Включает сине-бело-красный визуальный фильтр.",
        "nDisplaySelf": 2,
        "nDisplayOther": 2,
        "bFatal": false,
        "aNext": [],
        "fDuration": 0.0
    },
    {
        "strName": "PDAGradient04",
        "strNameFriendly": "(КПК) Градиент: №4 «Радуга»",
        "strColor": "Neutral",
        "strDesc": "Включает радужный визуальный фильтр.",
        "nDisplaySelf": 2,
        "nDisplayOther": 2,
        "bFatal": false,
        "aNext": [],
        "fDuration": 0.0
    },
    {
        "strName": "PDAGradient05",
        "strNameFriendly": "(КПК) Градиент: №5 «Олдред»",
        "strColor": "Neutral",
        "strDesc": "Включает бело-красный визуальный фильтр.",
        "nDisplaySelf": 2,
        "nDisplayOther": 2,
        "bFatal": false,
        "aNext": [],
        "fDuration": 0.0
    },
    {
        "strName": "PDAGradient06",
        "strNameFriendly": "(КПК) Градиент: №6 «Прозрачность»",
        "strColor": "Neutral",
        "strDesc": "Включает визуальный фильтр прозрачности.",
        "nDisplaySelf": 2,
        "nDisplayOther": 2,
        "bFatal": false,
        "aNext": [],
        "fDuration": 0.0
    },
    {
        "strName": "PDAGradient07",
        "strNameFriendly": "(КПК) Градиент: №7 «Золотой»",
        "strColor": "Neutral",
        "strDesc": "Включает чёрно-жёлтый визуальный фильтр.",
        "nDisplaySelf": 2,
        "nDisplayOther": 2,
        "bFatal": false,
        "aNext": [],
        "fDuration": 0.0
    },
    {
        "strName": "PDAGradient08",
        "strNameFriendly": "(КПК) Градиент: №8 «Обратная Радуга»",
        "strColor": "Neutral",
        "strDesc": "Включает полноспектральный визуальный фильтр.",
        "nDisplaySelf": 2,
        "nDisplayOther": 2,
        "bFatal": false,
        "aNext": [],
        "fDuration": 0.0
    },
    {
        "strName": "PDAGradient09",
        "strNameFriendly": "(КПК) Градиент: №9 «Тепловая Карта»",
        "strColor": "Neutral",
        "strDesc": "Включает визуальный фильтр тепловой карты.",
        "nDisplaySelf": 2,
        "nDisplayOther": 2,
        "bFatal": false,
        "aNext": [],
        "fDuration": 0.0
    },
    {
        "strName": "PDAGradient10",
        "strNameFriendly": "(КПК) Градиент: №10 \"h4cK3d\"",
        "strColor": "Neutral",
        "strDesc": "Включает глючный визуальный фильтр.",
        "nDisplaySelf": 2,
        "nDisplayOther": 2,
        "bFatal": false,
        "aNext": [],
        "fDuration": 0.0
    },
    {
        "strName": "PDAGradient11",
        "strNameFriendly": "(КПК) Градиент: №11 «Диско»",
        "strColor": "Neutral",
        "strDesc": "Делает ваш корабль похожим на дискотеку!",
        "nDisplaySelf": 2,
        "nDisplayOther": 2,
        "bFatal": false,
        "aNext": [],
        "fDuration": 0.0
    },
    {
        "strName": "PDAShowInputGradient",
        "strNameFriendly": "(КПК) Показать ввод: Градиент",
        "strColor": "Neutral",
        "strDesc": "Включает градиентный ввод.",
        "nDisplaySelf": 2,
        "nDisplayOther": 2,
        "bFatal": false,
        "aNext": [],
        "fDuration": 0.0
    },
    {
        "strName": "PDAShowInputMinMax",
        "strNameFriendly": "(КПК) Показать ввод: МинМакс",
        "strColor": "Neutral",
        "strDesc": "Включает ввод мин/макс.",
        "nDisplaySelf": 2,
        "nDisplayOther": 2,
        "bFatal": false,
        "aNext": [],
        "fDuration": 0.0
    },
    {
        "strName": "PDAShowInputOpacity",
        "strNameFriendly": "(КПК) Показать ввод: Прозрачность",
        "strColor": "Neutral",
        "strDesc": "Включает ввод прозрачности.",
        "nDisplaySelf": 2,
        "nDisplayOther": 2,
        "bFatal": false,
        "aNext": [],
        "fDuration": 0.0
    },
    {
        "strName": "PDAShowInputValue",
        "strNameFriendly": "(КПК) Показать ввод: Значение",
        "strColor": "Neutral",
        "strDesc": "Включает ввод значения.",
        "nDisplaySelf": 2,
        "nDisplayOther": 2,
        "bFatal": false,
        "aNext": [],
        "fDuration": 0.0
    },
    {
        "strName": "IsPDACartridge",
        "strNameFriendly": "Картридж КПК",
        "strColor": "Neutral",
        "strDesc": "[us] можно вставить в КПК для активации дополнительных функций.",
        "nDisplaySelf": 2,
        "nDisplayOther": 2,
        "bFatal": false,
        "aNext": [],
        "fDuration": 0.0
    },
    {
        "strName": "IsDusty",
        "strNameFriendly": "Запылённость",
        "strColor": "Neutral",
        "strDesc": "Производительность [us] ограничена из-за пыли.",
        "nDisplaySelf": 2,
        "nDisplayOther": 2,
        "bFatal": false,
        "aNext": [],
        "fDuration": 0.0
    }
]