[
  {
    "strName": "PlotTEMP3ActBEGStarted",
    "strNameFriendly": "Начат сюжет: «Шаблон 3-актного сюжета»",
    "strColor": "Neutral",
    "strDesc": "Начат сюжет: «Шаблон 3-актного сюжета».",
    "bResetTimer": false,
    "nDisplaySelf": 0,
    "nDisplayOther": 0,
    "bFatal": false,
    "bRemoveAll": false,
    "aNext": [],
    "fDuration": 0.0
  },
  {
    "strName": "PlotTEMP3ActBEGTaken",
    "strNameFriendly": "Цель «Шаблон 3-актного сюжета» взята",
    "strColor": "Neutral",
    "strDesc": "Взята цель «Шаблон 3-актного сюжета».",
    "bResetTimer": false,
    "nDisplaySelf": 0,
    "nDisplayOther": 0,
    "bFatal": false,
    "bRemoveAll": false,
    "aNext": [],
    "fDuration": 0.0
  }
]
