[
  {
    "strName": "IsSTKTemplate_Fail_Cooldown",
    "strNameFriendly": "Кулдаун провала «Шаблон ставок»",
    "strColor": "Neutral",
    "strDesc": "[us] попытался использовать «Шаблон ставок» и ещё не может попробовать снова.",
    "bResetTimer": true,
    "nDisplaySelf": 0,
    "nDisplayOther": 0,
    "fDuration": 0.1
  },
  {
    "strName": "IsSTKTemplate_Fail_Avoid",
    "strNameFriendly": "Мягкий провал «Шаблон ставок»",
    "strColor": "Neutral",
    "strDesc": "[us] использовал мягкий провал в «Шаблон ставок» чтобы избежать жёсткого провала и ещё не может использовать снова.",
    "bResetTimer": true,
    "nDisplaySelf": 0,
    "nDisplayOther": 0,
    "fDuration": 0.1
  },
  {
    "strName": "IsSTKTemplate_Chitchat_Trait_Used",
    "strNameFriendly": "Использован разговорный ход черты «Шаблон ставок»",
    "strColor": "Neutral",
    "strDesc": "[us] использовал разговорный ход черты в «Шаблон ставок» и ещё не может использовать снова.",
    "bResetTimer": true,
    "nDisplaySelf": 0,
    "nDisplayOther": 0,
    "fDuration": 0.1
  }
]
