[
  {
    "strName": "BottleBismertnayaFull",
    "strFriendlyName": "бутылка «Бессмертная Ред Лейбл»",
    "strLootPickup": "ItmDrinkVodkaNew",
    "aCTsDeliver": [
      "TIsBismertnayaBottle=1.0x1",
      "TIsBismertnayaVodka=1.0x14"
    ]
  },
  {
    "strName": "AIPowerItem",
    "strFriendlyName": "компьютер с продвинутым ИИ",
    "strLootPickup": "ItmComputerAI01",
    "aCTsDeliver": [
      "TIsAIPowerItem=1.0x1"
    ]
  },
  {
    "strName": "HackedUbiqWISP",
    "strFriendlyName": "взломанный узел Юбик WISP",
    "strLootPickup": "ItmSensorUbiqWISP01New",
    "aCTsDeliver": [
      "TIsHackedUbiqWISP=1.0x1"
    ]
  },
  {
    "strName": "ElectricalBox01LooseAftermarket",
    "strFriendlyName": "нештатный электрораспределительный блок",
    "strLootPickup": "ItmElectricalBox01New",
    "aCTsDeliver": [
      "TIsAftermarketEBox=1.0x1"
    ]
  },
  {
    "strName": "LefthandLaserTorch",
    "strFriendlyName": "лазерный резак для левой руки",
    "strLootPickup": "ItmToolLaserTorch01New",
    "aCTsDeliver": [
      "TIsLefthandLaserTorch=1.0x1"
    ]
  },
  {
    "strName": "PrototypeRCS",
    "strFriendlyName": "прототип впускного клапана РСУ",
    "strLootPickup": "ItmAttiIntakeRCS01New",
    "aCTsDeliver": [
      "TIsPrototypeRCS=1.0x1"
    ]
  },
  {
    "strName": "PurpleJumpsuit",
    "strFriendlyName": "проклятый фиолетовый комбинезон",
    "strLootPickup": "ItmTopJumpsuit01PurpleNew",
    "aCTsDeliver": [
      "TIsPurpleJumpsuit=1.0x1"
    ]
  },
  {
    "strName": "PrototypeHoldenPatch",
    "strFriendlyName": "прототип заплатки Холден Пэтч",
    "strLootPickup": "ItmSealantHolden01New",
    "aCTsDeliver": [
      "TIsPrototypeHoldenPatch=1.0x1"
    ]
  },
  {
    "strName": "PartScreenSpecialOrder",
    "strFriendlyName": "запасной экран по спецзаказу",
    "strLootPickup": "ItmPartScreen01New",
    "aCTsDeliver": [
      "TIsPartScreenSpecialOrder=1.0x1"
    ]
  },
  {
    "strName": "ScrapClothCleanBandages",
    "strFriendlyName": "партия стерильных бинтов",
    "strLootPickup": "ItmScrapClothNew",
    "aCTsDeliver": [
      "TIsSterileBandages=1.0x1"
    ]
  },
  {
    "strName": "Switch01LooseYoruba",
    "strFriendlyName": "переключатель с маркировкой на йоруба",
    "strLootPickup": "ItmSwitch01New",
    "aCTsDeliver": [
      "TIsYorubaSwitch=1.0x1"
    ]
  },
  {
    "strName": "UsedSalvageLicense",
    "strFriendlyName": "использованная лицензия утилизатора",
    "strLootPickup": "ItmSalvageLicense01",
    "aCTsDeliver": [
      "TIsUsedSalvageLicense=1.0x1"
    ]
  }
]
