[
  {
    "strName": "HomeworldOKLG",
    "strNameFriendly": "Ранняя жизнь: OKLG",
    "strCTPrereqs": null,
    "strLootConds": "CGCareerShipbreaker",
    "strLootCondsNext": "CGCareerShipbreakerNext",
    "nFirst": 2,
    "nNext": 1,
    "nHobby": 1,
    "aSkillsFirst": [
      "IsFit",
      "IsObservant",
      "SkillEngElectronic",
      "SkillEngMechanical",
      "SkillEngSpaceship",
      "SkillEtiquetteFolk",
      "SkillEtiquetteStreet",
      "SkillHacking",
      "SkillIntrusion",
      "SkillOpsComms",
      "SkillOpsDrone",
      "SkillOpsEnvSuit",
      "SkillOpsSensors",
      "SkillOpsSpaceship",
      "SkillOpsZeroG",
      "SkillPersuade",
      "SkillStealth"
    ],
    "aSkillsNext": [
      "IsFit",
      "IsObservant",
      "SkillEngElectronic",
      "SkillEngMechanical",
      "SkillEngSpaceship",
      "SkillEtiquetteFolk",
      "SkillEtiquetteStreet",
      "SkillHacking",
      "SkillIntrusion",
      "SkillOpsComms",
      "SkillOpsDrone",
      "SkillOpsEnvSuit",
      "SkillOpsSensors",
      "SkillOpsSpaceship",
      "SkillOpsZeroG",
      "SkillPersuade",
      "SkillStealth"
    ],
    "aSkillsHobby": [
      "SkillAcrobatics",
      "SkillActing",
      "SkillSports",
      "SkillClimbing",
      "SkillCooking",
      "SkillDance",
      "SkillEngElectronic",
      "SkillEngJeweler",
      "SkillEnglish",
      "SkillEngMachining",
      "SkillEngMechanical",
      "SkillEngRobotics",
      "SkillEngSoftware",
      "SkillEngSpaceship",
      "SkillEtiquetteFolk",
      "SkillEtiquetteOligarch",
      "SkillEtiquetteSpacefarer",
      "SkillEtiquetteStreet",
      "SkillForgery",
      "SkillGambling",
      "SkillHacking",
      "SkillInstruction",
      "SkillInterrogate",
      "SkillIntrusion",
      "SkillMandarin",
      "SkillMeleeArmed",
      "SkillMeleeUnarmed",
      "SkillMusic",
      "SkillNavigationSpace",
      "SkillOpsComms",
      "SkillOpsDrone",
      "SkillOpsEnvSuit",
      "SkillOpsSensors",
      "SkillOpsSpaceship",
      "SkillOpsZeroG",
      "SkillPainting",
      "SkillPersuade",
      "SkillRangedArchery",
      "SkillRangedEnergy",
      "SkillRangedGunpowder",
      "SkillRangedThrown",
      "SkillSciencePhysics",
      "SkillSculpture",
      "SkillSong",
      "SkillStealth",
      "IsStrong",
      "IsFit",
      "IsCoordinated",
      "IsTough",
      "IsObservant"
    ],
    "aEvents": [
      "CGEncShipbreakerEvent"
    ],
    "aEventsShip": [
      "CGEncShipbreakerShipEvents"
    ]
  },
  {
    "strName": "Shipbreaker",
    "strNameFriendly": "Кораблеразборщик",
    "strCTPrereqs": "TNotIsImprisoned",
    "strLootConds": "CGCareerShipbreaker",
    "strLootCondsNext": "CGCareerShipbreakerNext",
    "nFirst": 2,
    "nNext": 1,
    "nHobby": 1,
    "aSkillsFirst": [
      "IsFit",
      "IsObservant",
      "SkillAdmin",
      "SkillEngCivil",
      "SkillEngCombat",
      "SkillEngConstruction",
      "SkillEngElectronic",
      "SkillEngMechanical",
      "SkillEngRobotics",
      "SkillEngSoftware",
      "SkillEngSpaceship",
      "SkillHacking",
      "SkillOpsEnvSuit",
      "SkillPersuade",
      "SkillMeleeArmed",
      "SkillMeleeUnarmed",
      "SkillSciencePsychology"
    ],
    "aSkillsNext": [
      "IsFit",
      "IsObservant",
      "SkillEngElectronic",
      "SkillEngMechanical",
      "SkillEngSpaceship",
      "SkillEtiquetteFolk",
      "SkillEtiquetteStreet",
      "SkillHacking",
      "SkillIntrusion",
      "SkillOpsComms",
      "SkillOpsDrone",
      "SkillOpsEnvSuit",
      "SkillOpsSensors",
      "SkillOpsSpaceship",
      "SkillOpsZeroG",
      "SkillPersuade",
      "SkillStealth"
    ],
    "aSkillsHobby": [
      "SkillAcrobatics",
      "SkillActing",
      "SkillAdmin",
      "SkillSports",
      "SkillClimbing",
      "SkillCooking",
      "SkillDance",
      "SkillEngElectronic",
      "SkillEngJeweler",
      "SkillEnglish",
      "SkillEngMachining",
      "SkillEngMechanical",
      "SkillEngRobotics",
      "SkillEngSoftware",
      "SkillEngSpaceship",
      "SkillEtiquetteFolk",
      "SkillEtiquetteMilitary",
      "SkillEtiquetteOligarch",
      "SkillEtiquetteSpacefarer",
      "SkillEtiquetteStreet",
      "SkillForgery",
      "SkillGambling",
      "SkillHacking",
      "SkillInstruction",
      "SkillInterrogate",
      "SkillIntrusion",
      "SkillMandarin",
      "SkillMeleeArmed",
      "SkillMeleeUnarmed",
      "SkillMusic",
      "SkillNavigationSpace",
      "SkillOpsComms",
      "SkillOpsDrone",
      "SkillOpsEnvSuit",
      "SkillOpsSensors",
      "SkillOpsSpaceship",
      "SkillOpsZeroG",
      "SkillPainting",
      "SkillPersuade",
      "SkillRangedArchery",
      "SkillRangedEnergy",
      "SkillRangedGunpowder",
      "SkillRangedThrown",
      "SkillScienceForensic",
      "SkillSciencePhysics",
      "SkillSculpture",
      "SkillSong",
      "SkillStealth",
      "IsStrong",
      "IsFit",
      "IsCoordinated",
      "IsTough",
      "IsObservant"
    ],
    "aEvents": [
      "CGEncShipbreakerEvent"
    ],
    "aEventsMoney": [
      "CGEncShipbreakerMoneyEvents"
    ],
    "aEventsShip": [
      "CGEncShipbreakerShipEvents"
    ]
  },
  {
    "strName": "Prisoner",
    "strNameFriendly": "Заключённый",
    "strCTPrereqs": "TIsImprisoned",
    "strLootConds": "CGCareerPrisoner",
    "strLootCondsNext": "CGCareerPrisonerNext",
    "bComingSoon": true,
    "nFirst": 2,
    "nNext": 1,
    "nHobby": 0,
    "aSkillsFirst": [
      "IsStrong",
      "IsFit",
      "IsTough",
      "IsObservant",
      "SkillEtiquetteFolk",
      "SkillEtiquetteStreet",
      "SkillForgery",
      "SkillGambling",
      "SkillInterrogate",
      "SkillIntrusion",
      "SkillMeleeArmed",
      "SkillMeleeUnarmed",
      "SkillOpsEnvSuit",
      "SkillPersuade",
      "SkillStealth"
    ],
    "aSkillsNext": [
      "IsStrong",
      "IsFit",
      "IsTough",
      "IsObservant",
      "SkillEtiquetteFolk",
      "SkillEtiquetteStreet",
      "SkillForgery",
      "SkillGambling",
      "SkillInterrogate",
      "SkillIntrusion",
      "SkillMeleeArmed",
      "SkillMeleeUnarmed",
      "SkillOpsEnvSuit",
      "SkillPersuade",
      "SkillStealth"
    ],
    "aSkillsHobby": [],
    "aEvents": [
      "CGEncPrisonContactEvent",
      "CGEncPrisonContactEvent"
    ],
    "aEventsShip": []
  },
  {
    "strName": "Bartender",
    "strNameFriendly": "Бармен",
    "bComingSoon": true,
    "strCTPrereqs": "TNotIsImprisoned",
    "strLootConds": "CGCareerBartender",
    "strLootCondsNext": "CGCareerBartenderNext",
    "nFirst": 2,
    "nNext": 1,
    "nHobby": 1,
    "aSkillsFirst": [
      "SkillActing",
      "SkillAdmin",
      "SkillCooking",
      "SkillEtiquetteFolk",
      "SkillEtiquetteSpacefarer",
      "SkillEtiquetteStreet",
      "SkillInterrogate",
      "SkillPersuade",
      "SkillSong",
      "IsCoordinated",
      "IsObservant"
    ],
    "aSkillsNext": [
      "SkillActing",
      "SkillAdmin",
      "SkillCooking",
      "SkillEtiquetteFolk",
      "SkillEtiquetteSpacefarer",
      "SkillEtiquetteStreet",
      "SkillInterrogate",
      "SkillPersuade",
      "SkillSong",
      "IsCoordinated",
      "IsObservant"
    ],
    "aSkillsHobby": [
      "SkillAcrobatics",
      "SkillActing",
      "SkillSports",
      "SkillClimbing",
      "SkillCooking",
      "SkillDance",
      "SkillEngJeweler",
      "SkillEnglish",
      "SkillEngSoftware",
      "SkillEtiquetteFolk",
      "SkillEtiquetteSpacefarer",
      "SkillEtiquetteStreet",
      "SkillForgery",
      "SkillGambling",
      "SkillHacking",
      "SkillInstruction",
      "SkillInterrogate",
      "SkillIntrusion",
      "SkillMandarin",
      "SkillMeleeArmed",
      "SkillMeleeUnarmed",
      "SkillMusic",
      "SkillPainting",
      "SkillPersuade",
      "SkillRangedEnergy",
      "SkillRangedGunpowder",
      "SkillSculpture",
      "SkillSong",
      "SkillStealth",
      "SkillTracking",
      "IsStrong",
      "IsFit",
      "IsCoordinated",
      "IsTough",
      "IsObservant"
    ],
    "aEvents": [],
    "aEventsShip": []
  },
  {
    "strName": "Criminal",
    "strNameFriendly": "Преступник",
    "bComingSoon": true,
    "strCTPrereqs": "TNotIsImprisoned",
    "strLootConds": "CGCareerCriminal",
    "strLootCondsNext": "CGCareerCriminalNext",
    "nFirst": 2,
    "nNext": 1,
    "nHobby": 1,
    "aSkillsFirst": [
      "IsStrong",
      "IsFit",
      "IsTough",
      "IsObservant",
      "SkillClimbing",
      "SkillEngCombat",
      "SkillEngConstruction",
      "SkillEngExcavation",
      "SkillEngMasonry",
      "SkillEngMechanical",
      "SkillEtiquetteFolk",
      "SkillEtiquetteStreet",
      "SkillIntrusion",
      "SkillMeleeArmed",
      "SkillMeleeUnarmed",
      "SkillNavigationSurface",
      "SkillOpsEnvSuit",
      "SkillOpsGroundVehicle",
      "SkillOpsZeroG",
      "SkillPersuade",
      "SkillRangedArchery",
      "SkillRangedThrown",
      "SkillStealth",
      "SkillTracking"
    ],
    "aSkillsNext": [
      "IsStrong",
      "IsFit",
      "IsTough",
      "IsObservant",
      "SkillClimbing",
      "SkillEngCombat",
      "SkillEngConstruction",
      "SkillEngExcavation",
      "SkillEngMasonry",
      "SkillEngMechanical",
      "SkillEtiquetteFolk",
      "SkillEtiquetteStreet",
      "SkillIntrusion",
      "SkillMeleeArmed",
      "SkillMeleeUnarmed",
      "SkillNavigationSurface",
      "SkillOpsEnvSuit",
      "SkillOpsGroundVehicle",
      "SkillOpsZeroG",
      "SkillPersuade",
      "SkillRangedArchery",
      "SkillRangedThrown",
      "SkillStealth",
      "SkillTracking"
    ],
    "aSkillsHobby": [
      "SkillAcrobatics",
      "SkillActing",
      "SkillSports",
      "SkillClimbing",
      "SkillCooking",
      "SkillDance",
      "SkillEngElectronic",
      "SkillEngJeweler",
      "SkillEnglish",
      "SkillEngMachining",
      "SkillEngMechanical",
      "SkillEngRobotics",
      "SkillEngSoftware",
      "SkillEngSpaceship",
      "SkillEtiquetteFolk",
      "SkillEtiquetteSpacefarer",
      "SkillEtiquetteStreet",
      "SkillForgery",
      "SkillGambling",
      "SkillHacking",
      "SkillInstruction",
      "SkillInterrogate",
      "SkillIntrusion",
      "SkillMandarin",
      "SkillMeleeArmed",
      "SkillMeleeUnarmed",
      "SkillMusic",
      "SkillNavigationSpace",
      "SkillOpsComms",
      "SkillOpsDrone",
      "SkillOpsEnvSuit",
      "SkillOpsSensors",
      "SkillOpsSpaceship",
      "SkillOpsZeroG",
      "SkillPainting",
      "SkillPersuade",
      "SkillRangedArchery",
      "SkillRangedEnergy",
      "SkillRangedGunpowder",
      "SkillRangedThrown",
      "SkillSculpture",
      "SkillSong",
      "SkillStealth",
      "IsStrong",
      "IsFit",
      "IsCoordinated",
      "IsTough",
      "IsObservant"
    ],
    "aEvents": [],
    "aEventsShip": []
  },
  {
    "strName": "LEOfficer",
    "strNameFriendly": "Сотрудник правопорядка",
    "bComingSoon": true,
    "strCTPrereqs": "TIsLEOPrereqs",
    "strLootConds": "CGCareerLEOfficer",
    "strLootCondsNext": "CGCareerLEOfficerNext",
    "nFirst": 2,
    "nNext": 1,
    "nHobby": 1,
    "aSkillsFirst": [
      "IsStrong",
      "IsFit",
      "IsCoordinated",
      "IsTough",
      "IsObservant",
      "IsLeader",
      "SkillEtiquetteFolk",
      "SkillEtiquetteStreet",
      "SkillMeleeArmed",
      "SkillMeleeUnarmed",
      "SkillNavigationSurface",
      "SkillOpsComms",
      "SkillOpsEnvSuit",
      "SkillOpsGroundVehicle",
      "SkillOpsZeroG",
      "SkillPersuade",
      "SkillRangedEnergy",
      "SkillRangedGunpowder",
      "SkillTacticsGround",
      "SkillInterrogate",
      "SkillScienceForensic"
    ],
    "aSkillsNext": [
      "IsStrong",
      "IsFit",
      "IsCoordinated",
      "IsTough",
      "IsObservant",
      "IsLeader",
      "SkillEtiquetteFolk",
      "SkillEtiquetteStreet",
      "SkillMeleeArmed",
      "SkillMeleeUnarmed",
      "SkillNavigationSurface",
      "SkillOpsComms",
      "SkillOpsEnvSuit",
      "SkillOpsGroundVehicle",
      "SkillOpsZeroG",
      "SkillPersuade",
      "SkillRangedEnergy",
      "SkillRangedGunpowder",
      "SkillTacticsGround",
      "SkillInterrogate",
      "SkillScienceForensic"
    ],
    "aSkillsHobby": [
      "SkillActing",
      "SkillAdmin",
      "SkillAnimalHandling",
      "SkillSports",
      "SkillClimbing",
      "SkillCooking",
      "SkillDance",
      "SkillEtiquetteFolk",
      "SkillEtiquetteStreet",
      "SkillGambling",
      "SkillHacking",
      "SkillInstruction",
      "SkillInterrogate",
      "SkillIntrusion",
      "SkillMeleeArmed",
      "SkillMeleeUnarmed",
      "SkillMusic",
      "SkillNavigationSurface",
      "SkillOpsFixedWing",
      "SkillOpsGroundVehicle",
      "SkillOpsRotorWing",
      "SkillOpsZeroG",
      "SkillPainting",
      "SkillPersuade",
      "SkillRangedArchery",
      "SkillRangedEnergy",
      "SkillRangedGunpowder",
      "SkillRangedThrown",
      "SkillSculpture",
      "SkillSong",
      "SkillStealth",
      "SkillTracking",
      "IsStrong",
      "IsFit",
      "IsCoordinated",
      "IsTough",
      "IsObservant"
    ],
    "aEvents": [],
    "aEventsShip": []
  },
  {
    "strName": "Manager",
    "strNameFriendly": "Менеджер",
    "bComingSoon": true,
    "strCTPrereqs": "TNotIsImprisoned",
    "strLootConds": "CGCareerManager",
    "strLootCondsNext": "CGCareerManagerNext",
    "nFirst": 2,
    "nNext": 1,
    "nHobby": 1,
    "aSkillsFirst": [
      "SkillActing",
      "SkillAdmin",
      "SkillEnglish",
      "SkillEngSoftware",
      "SkillEtiquetteOligarch",
      "SkillInstruction",
      "SkillMandarin",
      "SkillMarketing",
      "SkillPersuade",
      "IsLeader",
      "IsObservant"
    ],
    "aSkillsNext": [
      "SkillActing",
      "SkillAdmin",
      "SkillEnglish",
      "SkillEngSoftware",
      "SkillEtiquetteOligarch",
      "SkillInstruction",
      "SkillMandarin",
      "SkillMarketing",
      "SkillPersuade",
      "IsLeader",
      "IsObservant"
    ],
    "aSkillsHobby": [
      "SkillAcrobatics",
      "SkillActing",
      "SkillSports",
      "SkillClimbing",
      "SkillCooking",
      "SkillDance",
      "SkillEngJeweler",
      "SkillEnglish",
      "SkillEngSoftware",
      "SkillEtiquetteFolk",
      "SkillEtiquetteSpacefarer",
      "SkillEtiquetteStreet",
      "SkillForgery",
      "SkillGambling",
      "SkillHacking",
      "SkillInstruction",
      "SkillInterrogate",
      "SkillIntrusion",
      "SkillMandarin",
      "SkillMeleeArmed",
      "SkillMeleeUnarmed",
      "SkillMusic",
      "SkillPainting",
      "SkillPersuade",
      "SkillRangedEnergy",
      "SkillRangedGunpowder",
      "SkillSculpture",
      "SkillSong",
      "SkillStealth",
      "SkillTracking",
      "IsStrong",
      "IsFit",
      "IsCoordinated",
      "IsTough",
      "IsObservant"
    ],
    "aEvents": [],
    "aEventsShip": []
  },
  {
    "strName": "ORG",
    "strNameFriendly": "Организация",
    "strCTPrereqs": "TNotIsOrganization",
    "strLootConds": "",
    "strLootCondsNext": "",
    "bHide": true,
    "nFirst": 0,
    "nNext": 0,
    "nHobby": 0,
    "aSkillsFirst": [],
    "aSkillsNext": [],
    "aSkillsHobby": [],
    "aEvents": [],
    "aEventsShip": []
  },
  {
    "strName": "Pirate",
    "strNameFriendly": "Пират",
    "bComingSoon": true,
    "strCTPrereqs": "TNotIsImprisoned",
    "strLootConds": "CGCareerPirate",
    "strLootCondsNext": "CGCareerPirateNext",
    "nFirst": 2,
    "nNext": 1,
    "nHobby": 1,
    "aSkillsFirst": [
      "SkillAcrobatics",
      "SkillClimbing",
      "SkillCooking",
      "SkillEngCombat",
      "SkillEngMechanical",
      "SkillEngSpaceship",
      "SkillEtiquetteSpacefarer",
      "SkillEtiquetteStreet",
      "SkillGambling",
      "SkillIntrusion",
      "SkillMeleeArmed",
      "SkillMeleeUnarmed",
      "SkillNavigationSpace",
      "SkillOpsComms",
      "SkillOpsDrone",
      "SkillOpsEnvSuit",
      "SkillOpsGroundVehicle",
      "SkillOpsGunnery",
      "SkillOpsSensors",
      "SkillOpsSpaceship",
      "SkillOpsZeroG",
      "SkillRangedArchery",
      "SkillRangedEnergy",
      "SkillRangedGunpowder",
      "SkillRangedHeavy",
      "SkillRangedThrown",
      "SkillSong",
      "SkillStealth",
      "SkillTacticsGround",
      "SkillTacticsSpaceship",
      "IsStrong",
      "IsFit",
      "IsTough",
      "IsObservant"
    ],
    "aSkillsNext": [
      "SkillAcrobatics",
      "SkillClimbing",
      "SkillCooking",
      "SkillEngCombat",
      "SkillEngMechanical",
      "SkillEngSpaceship",
      "SkillEtiquetteSpacefarer",
      "SkillEtiquetteStreet",
      "SkillGambling",
      "SkillIntrusion",
      "SkillMeleeArmed",
      "SkillMeleeUnarmed",
      "SkillNavigationSpace",
      "SkillOpsComms",
      "SkillOpsDrone",
      "SkillOpsEnvSuit",
      "SkillOpsGroundVehicle",
      "SkillOpsGunnery",
      "SkillOpsSensors",
      "SkillOpsSpaceship",
      "SkillOpsZeroG",
      "SkillRangedArchery",
      "SkillRangedEnergy",
      "SkillRangedGunpowder",
      "SkillRangedHeavy",
      "SkillRangedThrown",
      "SkillSong",
      "SkillStealth",
      "SkillTacticsGround",
      "SkillTacticsSpaceship",
      "IsStrong",
      "IsFit",
      "IsTough",
      "IsObservant"
    ],
    "aSkillsHobby": [
      "SkillAcrobatics",
      "SkillActing",
      "SkillSports",
      "SkillClimbing",
      "SkillCooking",
      "SkillDance",
      "SkillEngElectronic",
      "SkillEngJeweler",
      "SkillEnglish",
      "SkillEngMachining",
      "SkillEngMechanical",
      "SkillEngRobotics",
      "SkillEngSoftware",
      "SkillEngSpaceship",
      "SkillEtiquetteFolk",
      "SkillEtiquetteSpacefarer",
      "SkillEtiquetteStreet",
      "SkillForgery",
      "SkillGambling",
      "SkillHacking",
      "SkillInstruction",
      "SkillInterrogate",
      "SkillIntrusion",
      "SkillMandarin",
      "SkillMeleeArmed",
      "SkillMeleeUnarmed",
      "SkillMusic",
      "SkillNavigationSpace",
      "SkillOpsComms",
      "SkillOpsDrone",
      "SkillOpsEnvSuit",
      "SkillOpsSensors",
      "SkillOpsSpaceship",
      "SkillOpsZeroG",
      "SkillPainting",
      "SkillPersuade",
      "SkillRangedArchery",
      "SkillRangedEnergy",
      "SkillRangedGunpowder",
      "SkillRangedThrown",
      "SkillSculpture",
      "SkillSong",
      "SkillStealth",
      "IsStrong",
      "IsFit",
      "IsCoordinated",
      "IsTough",
      "IsObservant"
    ],
    "aEvents": [],
    "aEventsShip": []
  },
  {
    "strName": "Influencer",
    "strNameFriendly": "Инфлюенсер",
    "strCTPrereqs": "TNotIsImprisoned",
    "strLootConds": "CGCareerInfluencer",
    "strLootCondsNext": "CGCareerInfluencerNext",
    "nFirst": 3,
    "nNext": 2,
    "nHobby": 2,
    "aSkillsFirst": [
      "SkillActing",
      "SkillEnglish",
      "SkillEtiquetteFolk",
      "SkillEtiquetteStreet",
      "SkillEtiquetteOligarch",
      "SkillHacking",
      "SkillInstruction",
      "SkillMandarin",
      "SkillMarketing",
      "SkillPersuade",
      "SkillSciencePsychology",
      "IsAmbitious",
      "IsBeautiful",
      "IsCharismatic",
      "IsComedian",
      "IsCoordinated",
      "IsGregarious"
    ],
    "aSkillsNext": [
      "SkillAcrobatics",
      "SkillActing",
      "SkillClimbing",
      "SkillCooking",
      "SkillDance",
      "SkillEnglish",
      "SkillEtiquetteFolk",
      "SkillEtiquetteStreet",
      "SkillEtiquetteOligarch",
      "SkillForgery",
      "SkillGambling",
      "SkillHacking",
      "SkillInstruction",
      "SkillMandarin",
      "SkillMarketing",
      "SkillMusic",
      "SkillOpsComms",
      "SkillOpsSensors",
      "SkillPainting",
      "SkillPersuade",
      "SkillSciencePsychology",
      "SkillSculpture",
      "SkillSong",
      "SkillSports",
      "IsAmbitious",
      "IsBeautiful",
      "IsCharismatic",
      "IsComedian",
      "IsCoordinated",
      "IsFit",
      "IsObservant",
      "IsGregarious",
      "IsLeader"
    ],
    "aSkillsHobby": [
      "SkillAcrobatics",
      "SkillActing",
      "SkillAdmin",
      "SkillSports",
      "SkillClimbing",
      "SkillCooking",
      "SkillDance",
      "SkillEngElectronic",
      "SkillEngJeweler",
      "SkillEngMachining",
      "SkillEngMechanical",
      "SkillEngRobotics",
      "SkillEngSoftware",
      "SkillEngSpaceship",
      "SkillEtiquetteFolk",
      "SkillEtiquetteSpacefarer",
      "SkillEtiquetteStreet",
      "SkillForgery",
      "SkillGambling",
      "SkillHacking",
      "SkillInstruction",
      "SkillInterrogate",
      "SkillIntrusion",
      "SkillMeleeArmed",
      "SkillMeleeUnarmed",
      "SkillMusic",
      "SkillNavigationSpace",
      "SkillOpsComms",
      "SkillOpsDrone",
      "SkillOpsEnvSuit",
      "SkillOpsSensors",
      "SkillOpsSpaceship",
      "SkillOpsZeroG",
      "SkillPainting",
      "SkillPersuade",
      "SkillRangedArchery",
      "SkillRangedEnergy",
      "SkillRangedGunpowder",
      "SkillRangedThrown",
      "SkillSculpture",
      "SkillSong",
      "SkillStealth",
      "IsStrong",
      "IsFit",
      "IsCoordinated",
      "IsTough",
      "IsObservant"
    ],
    "aEvents": [],
    "aEventsMoney": [],
    "aEventsShip": []
  },
  {
    "strName": "Scientist",
    "strNameFriendly": "Учёный",
    "strCTPrereqs": "TNotIsImprisoned",
    "strLootConds": "CGCareerScientist",
    "strLootCondsNext": "CGCareerScientistNext",
    "nFirst": 3,
    "nNext": 1,
    "nHobby": 1,
    "aSkillsFirst": [
      "SkillHacking",
      "SkillMedicalDiagnostics",
      "SkillNavigationSpace",
      "SkillScienceBiology",
      "SkillScienceChemistry",
      "SkillScienceGenetics",
      "SkillScienceGeology",
      "SkillScienceHistory",
      "SkillScienceMeteorology",
      "SkillSciencePhysics",
      "SkillSciencePsychology",
      "SkillScienceResearch",
      "IsAmbitious",
      "IsObservant",
      "IsGenius"
    ],
    "aSkillsNext": [
      "SkillAnimalHandling",
      "SkillEtiquetteSpacefarer",
      "SkillHacking",
      "SkillInstruction",
      "SkillLegalPractice",
      "SkillMedicalDiagnostics",
      "SkillMedicalTrauma",
      "SkillMedicalSurgery",
      "SkillMedicalInternal",
      "SkillMedicalService",
      "SkillMedicalNursing",
      "SkillMedicalVeterinarian",
      "SkillNavigationSpace",
      "SkillScienceBiology",
      "SkillScienceChemistry",
      "SkillScienceForensic",
      "SkillScienceGenetics",
      "SkillScienceGeology",
      "SkillScienceHistory",
      "SkillScienceMeteorology",
      "SkillSciencePhysics",
      "SkillSciencePsychology",
      "SkillScienceResearch",
      "IsAmbitious",
      "IsObservant",
      "IsGenius"
    ],
    "aSkillsHobby": [
      "SkillAcrobatics",
      "SkillActing",
      "SkillAdmin",
      "SkillAnimalHandling",
      "SkillSports",
      "SkillClimbing",
      "SkillCooking",
      "SkillDance",
      "SkillEngElectronic",
      "SkillEngJeweler",
      "SkillEngMachining",
      "SkillEngMechanical",
      "SkillEngRobotics",
      "SkillEngSoftware",
      "SkillEngSpaceship",
      "SkillEtiquetteFolk",
      "SkillEtiquetteSpacefarer",
      "SkillEtiquetteStreet",
      "SkillForgery",
      "SkillGambling",
      "SkillHacking",
      "SkillInstruction",
      "SkillInterrogate",
      "SkillIntrusion",
      "SkillMeleeArmed",
      "SkillMeleeUnarmed",
      "SkillMusic",
      "SkillNavigationSpace",
      "SkillOpsComms",
      "SkillOpsDrone",
      "SkillOpsEnvSuit",
      "SkillOpsSensors",
      "SkillOpsSpaceship",
      "SkillOpsZeroG",
      "SkillPainting",
      "SkillPersuade",
      "SkillRangedArchery",
      "SkillRangedEnergy",
      "SkillRangedGunpowder",
      "SkillRangedThrown",
      "SkillSculpture",
      "SkillSong",
      "SkillStealth",
      "IsStrong",
      "IsFit",
      "IsCoordinated",
      "IsTough",
      "IsObservant"
    ],
    "aEvents": [],
    "aEventsMoney": [],
    "aEventsShip": []
  },
  {
    "strName": "Technician",
    "strNameFriendly": "Техник",
    "strCTPrereqs": "TNotIsImprisoned",
    "strLootConds": "CGCareerTechnician",
    "strLootCondsNext": "CGCareerTechnicianNext",
    "nFirst": 2,
    "nNext": 1,
    "nHobby": 1,
    "aSkillsFirst": [
      "SkillEngCivil",
      "SkillEngCombat",
      "SkillEngConstruction",
      "SkillEngElectronic",
      "SkillEngMechanical",
      "SkillEngRobotics",
      "SkillEngSoftware",
      "SkillEngSpaceship"
    ],
    "aSkillsNext": [
      "IsFit",
      "IsObservant",
      "SkillEngCivil",
      "SkillEngCombat",
      "SkillEngConstruction",
      "SkillEngElectronic",
      "SkillEngMechanical",
      "SkillEngSpaceship",
      "SkillEtiquetteFolk",
      "SkillEtiquetteStreet",
      "SkillHacking",
      "SkillIntrusion",
      "SkillOpsComms",
      "SkillOpsDrone",
      "SkillOpsEnvSuit",
      "SkillOpsSensors",
      "SkillOpsSpaceship",
      "SkillOpsZeroG"
    ],
    "aSkillsHobby": [
      "SkillAcrobatics",
      "SkillActing",
      "SkillAdmin",
      "SkillSports",
      "SkillClimbing",
      "SkillCooking",
      "SkillDance",
      "SkillEngCivil",
      "SkillEngCombat",
      "SkillEngConstruction",
      "SkillEngElectronic",
      "SkillEngJeweler",
      "SkillEngMachining",
      "SkillEngMechanical",
      "SkillEngRobotics",
      "SkillEngSoftware",
      "SkillEngSpaceship",
      "SkillEtiquetteFolk",
      "SkillEtiquetteSpacefarer",
      "SkillEtiquetteStreet",
      "SkillForgery",
      "SkillGambling",
      "SkillHacking",
      "SkillInstruction",
      "SkillInterrogate",
      "SkillIntrusion",
      "SkillMeleeArmed",
      "SkillMeleeUnarmed",
      "SkillMusic",
      "SkillNavigationSpace",
      "SkillOpsComms",
      "SkillOpsDrone",
      "SkillOpsEnvSuit",
      "SkillOpsSensors",
      "SkillOpsSpaceship",
      "SkillOpsZeroG",
      "SkillPainting",
      "SkillPersuade",
      "SkillRangedArchery",
      "SkillRangedEnergy",
      "SkillRangedGunpowder",
      "SkillRangedThrown",
      "SkillSculpture",
      "SkillSong",
      "SkillStealth",
      "IsStrong",
      "IsFit",
      "IsCoordinated",
      "IsTough",
      "IsObservant"
    ],
    "aEvents": [],
    "aEventsMoney": [],
    "aEventsShip": []
  }
]