[
  {
    "strName": "BCER",
    "strATCCode": "BCER",
    "strColonyName": "Калико-Сити, Церера",
    "nFoundingYear": 2029,
    "aCondsCitizen": [
      "IsStrataCCRECitizen",
      "IsStrataCitizen",
      "IsLifeMicroG",
      "IsLifeLackCircadian",
      "IsLifeLackSunlight",
      "IsLifeRadExposure",
      "IsFragile",
      "IsMetabSlow",
      "IsHypovolemic2",
      "IsImmunoSuppressed",
      "IsInsomniac",
      "IsHomeCCRE",
      "IsHomeCalicoCity",
      "StatSkillsLeft",
      "AllowEnglish",
      "AllowMandarin"
    ],
    "aCondsResident": [
      "IsStrataCCREResident",
      "IsLifeMicroG",
      "IsLifeLackCircadian",
      "IsLifeLackSunlight",
      "IsLifeRadExposure",
      "IsFragile",
      "IsMetabSlow",
      "IsHypovolemic2",
      "IsImmunoSuppressed",
      "IsInsomniac",
      "IsHomeCCRE",
      "IsHomeCalicoCity",
      "StatSkillsLeft",
      "AllowEnglish",
      "AllowMandarin"
    ],
    "aCondsIllegal": [
      "IsStrataCCREIllegal",
      "IsLifeMicroG",
      "IsLifeLackCircadian",
      "IsLifeLackSunlight",
      "IsLifeRadExposure",
      "IsFragile",
      "IsMetabSlow",
      "IsHypovolemic2",
      "IsImmunoSuppressed",
      "IsInsomniac",
      "IsHomeCCRE",
      "IsHomeCalicoCity",
      "StatSkillsLeft",
      "AllowEnglish",
      "AllowMandarin"
    ]
  },
  {
    "strName": "BCRS",
    "strATCCode": "BCRS",
    "strColonyName": "Куаньчжань/Кольцевая станция, Церера",
    "nFoundingYear": 2029,
    "aCondsCitizen": [
      "IsStrataCCRECitizen",
      "IsStrataCitizen",
      "IsHomeCCRE",
      "IsHomeRingStation",
      "IsLifeLackCircadian",
      "IsLifeLackSunlight",
      "IsLifeRadExposure",
      "IsMetabSlow",
      "IsHypovolemic2",
      "StatSkillsLeft",
      "AllowEnglish",
      "AllowMandarin"
    ],
    "aCondsResident": [
      "IsStrataCCREResident",
      "IsHomeCCRE",
      "IsHomeRingStation",
      "IsLifeLackCircadian",
      "IsLifeLackSunlight",
      "IsLifeRadExposure",
      "IsMetabSlow",
      "IsHypovolemic2",
      "StatSkillsLeft",
      "AllowEnglish",
      "AllowMandarin"
    ],
    "aCondsIllegal": [
      "IsStrataCCREIllegal",
      "IsHomeCCRE",
      "IsHomeRingStation",
      "IsLifeLackCircadian",
      "IsLifeLackSunlight",
      "IsLifeRadExposure",
      "IsMetabSlow",
      "IsHypovolemic2",
      "StatSkillsLeft",
      "AllowEnglish",
      "AllowMandarin"
    ]
  },
  {
    "strName": "EJDR",
    "strATCCode": "EJDR",
    "strColonyName": "Нефритовый кролик, Луна",
    "nFoundingYear": 2022,
    "aCondsCitizen": [
      "IsStrataChineseCitizen",
      "IsStrataCitizen",
      "IsLifeMicroG",
      "IsLifeLackCircadian",
      "IsLifeLackSunlight",
      "IsLifeRadExposure",
      "IsFragile",
      "IsMetabSlow",
      "IsHypovolemic2",
      "IsHomeworldLuna",
      "IsHomeJadeRabbit",
      "StatSkillsLeft",
      "AllowEnglish",
      "AllowMandarin"
    ],
    "aCondsIllegal": [
      "IsStrataLunaSquatter",
      "IsLifeMicroG",
      "IsLifeLackCircadian",
      "IsLifeLackSunlight",
      "IsLifeRadExposure",
      "IsFragile",
      "IsMetabSlow",
      "IsHypovolemic2",
      "IsHomeJadeRabbit",
      "StatSkillsLeft",
      "AllowEnglish",
      "AllowMandarin"
    ]
  },
  {
    "strName": "ERTH",
    "strATCCode": "ERTH",
    "strColonyName": "Детройт, Земля",
    "nFoundingYear": 1701,
    "aCondsCitizen": [
      "IsStrataCitizen",
      "IsFeeble",
      "IsFragile",
      "IsUnfit",
      "IsMetabSlow",
      "IsHypovolemic2",
      "SkillEnglish",
      "IsHomeworldEarth",
      "StatSkillsLeft",
      "AllowEnglish"
    ],
    "aCondsResident": [
      "IsFeeble",
      "IsFragile",
      "IsUnfit",
      "IsMetabSlow",
      "IsHypovolemic2",
      "SkillEnglish",
      "IsHomeworldEarth",
      "StatSkillsLeft",
      "AllowEnglish"
    ],
    "aCondsIllegal": [
      "IsFeeble",
      "IsFragile",
      "IsUnfit",
      "IsMetabSlow",
      "IsHypovolemic2",
      "SkillEnglish",
      "IsHomeworldEarth",
      "StatSkillsLeft",
      "AllowEnglish"
    ]
  },
  {
    "strName": "HQCH",
    "strATCCode": "HQCH",
    "strColonyName": "Станция Циньчэн, Меркурий",
    "nFoundingYear": 2039,
    "aCondsResident": [
      "IsStrataProkofievPermRes",
      "IsLifeMicroG",
      "IsLifeLackCircadian",
      "IsLifeLackSunlight",
      "IsLifeRadExposure",
      "IsFragile",
      "IsMetabSlow",
      "IsHypovolemic2",
      "IsImmunoSuppressed",
      "IsHomeworldMercury",
      "IsHomeQincheng",
      "StatSkillsLeft",
      "AllowEnglish",
      "AllowMandarin"
    ]
  },
  {
    "strName": "JATL",
    "strATCCode": "JATL",
    "strColonyName": "Атлантида, Европа",
    "nFoundingYear": 2035,
    "aCondsCitizen": [
      "IsStrataAtlantisCitizen",
      "IsStrataCitizen",
      "IsLifeMicroG",
      "IsLifeLackCircadian",
      "IsLifeLackSunlight",
      "IsFragile",
      "IsMetabSlow",
      "IsHypovolemic2",
      "IsInsomniac",
      "IsHomeworldJupiter",
      "IsHomeAtlantis",
      "StatSkillsLeft",
      "AllowEnglish"
    ],
    "aCondsResident": [
      "IsStrataAtlantisPermRes",
      "IsLifeMicroG",
      "IsLifeLackCircadian",
      "IsLifeLackSunlight",
      "IsFragile",
      "IsMetabSlow",
      "IsHypovolemic2",
      "IsInsomniac",
      "IsHomeworldJupiter",
      "IsHomeAtlantis",
      "StatSkillsLeft",
      "AllowEnglish"
    ],
    "aCondsIllegal": [
      "IsStrataAtlantisIllegal",
      "IsLifeMicroG",
      "IsLifeLackCircadian",
      "IsLifeLackSunlight",
      "IsFragile",
      "IsMetabSlow",
      "IsHypovolemic2",
      "IsInsomniac",
      "IsHomeAtlantis",
      "IsHomeworldJupiter",
      "StatSkillsLeft",
      "AllowEnglish"
    ]
  },
  {
    "strName": "JFTS",
    "strATCCode": "JFTS",
    "strColonyName": "Форт Симпсон, Ганимед",
    "nFoundingYear": 2035,
    "aCondsCitizen": [
      "IsStrataGalConfedCitizen",
      "IsStrataCitizen",
      "IsLifeMicroG",
      "IsLifeLackCircadian",
      "IsLifeLackSunlight",
      "IsFragile",
      "IsMetabSlow",
      "IsHypovolemic2",
      "IsInsomniac",
      "IsHomeworldJupiter",
      "IsHomeFortSimpson",
      "StatSkillsLeft",
      "AllowEnglish",
      "AllowMandarin"
    ],
    "aCondsResident": [
      "IsStrataGalConfedPermRes",
      "IsLifeMicroG",
      "IsLifeLackCircadian",
      "IsLifeLackSunlight",
      "IsFragile",
      "IsMetabSlow",
      "IsHypovolemic2",
      "IsInsomniac",
      "IsHomeFortSimpson",
      "IsHomeworldJupiter",
      "StatSkillsLeft",
      "AllowEnglish",
      "AllowMandarin"
    ],
    "aCondsIllegal": [
      "IsStrataGalConfedIllegal",
      "IsLifeMicroG",
      "IsLifeLackCircadian",
      "IsLifeLackSunlight",
      "IsFragile",
      "IsMetabSlow",
      "IsHypovolemic2",
      "IsInsomniac",
      "IsHomeFortSimpson",
      "IsHomeworldJupiter",
      "StatSkillsLeft",
      "AllowEnglish",
      "AllowMandarin"
    ]
  },
  {
    "strName": "JPTN",
    "strATCCode": "JPTN",
    "strColonyName": "Порто-Нуэво, Европа",
    "nFoundingYear": 2035,
    "aCondsCitizen": [
      "IsStrataGalConfedCitizen",
      "IsStrataCitizen",
      "IsLifeMicroG",
      "IsLifeLackCircadian",
      "IsLifeLackSunlight",
      "IsLifeRadExposure",
      "IsFragile",
      "IsMetabSlow",
      "IsHypovolemic2",
      "SkillEnglish",
      "IsHomeworldJupiter",
      "IsHomePortoNuevo",
      "StatSkillsLeft",
      "AllowEnglish"
    ],
    "aCondsResident": [
      "IsStrataGalConfedPermRes",
      "IsLifeMicroG",
      "IsLifeLackCircadian",
      "IsLifeLackSunlight",
      "IsLifeRadExposure",
      "IsFragile",
      "IsMetabSlow",
      "IsHypovolemic2",
      "SkillEnglish",
      "IsHomeworldJupiter",
      "IsHomePortoNuevo",
      "StatSkillsLeft",
      "AllowEnglish"
    ],
    "aCondsIllegal": [
      "IsStrataGalConfedIllegal",
      "IsLifeMicroG",
      "IsLifeLackCircadian",
      "IsLifeLackSunlight",
      "IsLifeRadExposure",
      "IsFragile",
      "IsMetabSlow",
      "IsHypovolemic2",
      "SkillEnglish",
      "IsHomePortoNuevo",
      "IsHomeworldJupiter",
      "StatSkillsLeft",
      "AllowEnglish"
    ]
  },
  {
    "strName": "MHNG",
    "strATCCode": "MHNG",
    "strColonyName": "Орбита Ханчжоу, Марс",
    "nFoundingYear": 2045,
    "aCondsCitizen": [
      "IsStrataHangzhouCitizen",
      "IsStrataCitizen",
      "IsHomeworldMars",
      "IsHomeHangzhou",
      "StatSkillsLeft",
      "AllowEnglish",
      "AllowMandarin"
    ],
    "aCondsResident": [
      "IsStrataHangzhouE2B",
      "IsHomeworldMars",
      "IsHomeHangzhou",
      "StatSkillsLeft",
      "AllowEnglish",
      "AllowMandarin"
    ],
    "aCondsIllegal": [
      "IsStrataHangzhouIllegal",
      "IsHomeworldMars",
      "IsHomeHangzhou",
      "StatSkillsLeft",
      "AllowEnglish",
      "AllowMandarin"
    ]
  },
  {
    "strName": "MLAB",
    "strATCCode": "MLAB",
    "strColonyName": "Лабиринт, Марс",
    "nFoundingYear": 2033,
    "aCondsCitizen": [
      "IsStrataXinhuaCitizen",
      "IsStrataCitizen",
      "IsLifeLackCircadian",
      "IsLifeLackSunlight",
      "IsLifeRadExposure",
      "IsMetabSlow",
      "IsHypovolemic2",
      "IsHomeLabyrinth",
      "IsHomeworldMars",
      "StatSkillsLeft",
      "AllowEnglish",
      "AllowMandarin"
    ],
    "aCondsResident": [
      "IsStrataXinhuaPermRes",
      "IsLifeLackCircadian",
      "IsLifeLackSunlight",
      "IsLifeRadExposure",
      "IsMetabSlow",
      "IsHypovolemic2",
      "IsHomeworldMars",
      "IsHomeLabyrinth",
      "StatSkillsLeft",
      "AllowEnglish",
      "AllowMandarin"
    ],
    "aCondsIllegal": [
      "IsStrataXinhuaIllegal",
      "IsLifeLackCircadian",
      "IsLifeLackSunlight",
      "IsLifeRadExposure",
      "IsMetabSlow",
      "IsHypovolemic2",
      "IsHomeLabyrinth",
      "StatSkillsLeft",
      "IsHomeworldMars",
      "AllowEnglish",
      "AllowMandarin"
    ]
  },
  {
    "strName": "MSUZ",
    "strATCCode": "MSUZ",
    "strColonyName": "Орбита Сучжоу, Марс",
    "nFoundingYear": 2045,
    "aCondsCitizen": [
      "IsStrataSuzhouCitizen",
      "IsStrataCitizen",
      "IsHomeworldMars",
      "IsHomeSuzhou",
      "StatSkillsLeft",
      "AllowEnglish",
      "AllowMandarin"
    ],
    "aCondsResident": [
      "IsStrataSuzhouE2B",
      "IsHomeworldMars",
      "IsHomeSuzhou",
      "StatSkillsLeft",
      "AllowEnglish",
      "AllowMandarin"
    ],
    "aCondsIllegal": [
      "IsStrataSuzhouIllegal",
      "IsHomeworldMars",
      "IsHomeSuzhou",
      "StatSkillsLeft",
      "AllowEnglish",
      "AllowMandarin"
    ]
  },
  {
    "strName": "MTRS",
    "strATCCode": "MTRS",
    "strColonyName": "Посадка Тарсис, Марс",
    "nFoundingYear": 2029,
    "aCondsCitizen": [
      "IsStrataXinhuaCitizen",
      "IsStrataCitizen",
      "IsLifeLackSunlight",
      "IsLifeRadExposure",
      "IsMetabSlow",
      "IsHypovolemic2",
      "IsHomeworldMars",
      "IsHomeTharsis",
      "StatSkillsLeft",
      "AllowEnglish",
      "AllowMandarin"
    ],
    "aCondsResident": [
      "IsStrataXinhuaPermRes",
      "IsLifeLackSunlight",
      "IsLifeRadExposure",
      "IsMetabSlow",
      "IsHypovolemic2",
      "IsHomeworldMars",
      "IsHomeTharsis",
      "StatSkillsLeft",
      "AllowEnglish",
      "AllowMandarin"
    ],
    "aCondsIllegal": [
      "IsStrataXinhuaIllegal",
      "IsLifeLackSunlight",
      "IsLifeRadExposure",
      "IsMetabSlow",
      "IsHypovolemic2",
      "IsHomeTharsis",
      "IsHomeworldMars",
      "StatSkillsLeft",
      "AllowEnglish",
      "AllowMandarin"
    ]
  },
  {
    "strName": "MVOL",
    "strATCCode": "MVOL",
    "strColonyName": "Вольтер, Деймос",
    "nFoundingYear": 2033,
    "aCondsCitizen": [
      "IsStrataVoltaireCitizen",
      "IsStrataCitizen",
      "IsLifeMicroG",
      "IsLifeLackCircadian",
      "IsLifeLackSunlight",
      "IsLifeRadExposure",
      "IsFragile",
      "IsMetabSlow",
      "IsHypovolemic2",
      "IsVisualImpaired",
      "IsInsomniac",
      "IsHomeworldMars",
      "IsHomeVoltaire",
      "StatSkillsLeft",
      "AllowEnglish",
      "AllowMandarin"
    ],
    "aCondsResident": [
      "IsStrataVoltairePermRes",
      "IsLifeMicroG",
      "IsLifeLackCircadian",
      "IsLifeLackSunlight",
      "IsLifeRadExposure",
      "IsFragile",
      "IsMetabSlow",
      "IsHypovolemic2",
      "IsImmunoSuppressed",
      "IsInsomniac",
      "IsHomeworldMars",
      "IsHomeVoltaire",
      "StatSkillsLeft",
      "AllowEnglish",
      "AllowMandarin"
    ],
    "aCondsIllegal": [
      "IsStrataVoltaireIllegal",
      "IsLifeMicroG",
      "IsLifeLackCircadian",
      "IsLifeLackSunlight",
      "IsLifeRadExposure",
      "IsFragile",
      "IsMetabSlow",
      "IsHypovolemic2",
      "IsImmunoSuppressed",
      "IsInsomniac",
      "IsHomeworldMars",
      "IsHomeVoltaire",
      "StatSkillsLeft",
      "AllowEnglish",
      "AllowMandarin"
    ]
  },
  {
    "strName": "OFLT",
    "strATCCode": "OKLG",
    "strColonyName": "Флотилия",
    "nFoundingYear": 2048,
    "aCondsCitizen": [],
    "aCondsResident": [],
    "aCondsIllegal": [
      "IsStrataKLegIllegal",
      "IsHomeFlotilla",
      "IsLifeMicroG",
      "IsLifeLackCircadian",
      "IsLifeLackSunlight",
      "IsLifeRadExposure",
      "IsFeeble",
      "IsFragile",
      "IsMetabSlow",
      "IsHypovolemic2",
      "IsImmunoSuppressed",
      "IsInsomniac",
      "IsUnfit",
      "IsVisualImpaired",
      "StatSkillsLeft",
      "AllowEnglish"
    ]
  },
  {
    "strName": "OKLG",
    "strATCCode": "OKLG",
    "strColonyName": "Станция Ннамди Азикиве/K-Leg, 1036-Ганимед",
    "nFoundingYear": 2032,
    "aCondsCitizen": [],
    "aCondsResident": [
      "IsStrataKLegPermRes",
      "IsHomeKLeg",
      "IsLifeMicroG",
      "IsLifeLackCircadian",
      "IsLifeLackSunlight",
      "IsLifeRadExposure",
      "IsFeeble",
      "IsFragile",
      "IsMetabSlow",
      "IsHypovolemic2",
      "IsImmunoSuppressed",
      "IsInsomniac",
      "IsUnfit",
      "IsVisualImpaired",
      "StatSkillsLeft",
      "AllowEnglish"
    ],
    "aCondsIllegal": [
      "IsStrataKLegIllegal",
      "IsHomeKLeg",
      "IsLifeMicroG",
      "IsLifeLackCircadian",
      "IsLifeLackSunlight",
      "IsLifeRadExposure",
      "IsFeeble",
      "IsFragile",
      "IsMetabSlow",
      "IsHypovolemic2",
      "IsImmunoSuppressed",
      "IsInsomniac",
      "IsUnfit",
      "IsVisualImpaired",
      "StatSkillsLeft",
      "AllowEnglish"
    ]
  },
  {
    "strName": "OXXX",
    "strATCCode": "OXXX",
    "strColonyName": "Судно, малая гравитация",
    "nFoundingYear": 2029,
    "aCondsCitizen": [
      "IsLifeMicroG",
      "IsLifeLackCircadian",
      "IsLifeLackSunlight",
      "IsLifeRadExposure",
      "IsFragile",
      "IsMetabSlow",
      "IsHypovolemic2",
      "IsImmunoSuppressed",
      "IsInsomniac",
      "IsHomeVessel",
      "StatSkillsLeft",
      "AllowEnglish",
      "AllowMandarin"
    ],
    "aCondsResident": [
      "IsLifeMicroG",
      "IsLifeLackCircadian",
      "IsLifeLackSunlight",
      "IsLifeRadExposure",
      "IsFragile",
      "IsMetabSlow",
      "IsHypovolemic2",
      "IsImmunoSuppressed",
      "IsInsomniac",
      "IsHomeVessel",
      "StatSkillsLeft",
      "AllowEnglish",
      "AllowMandarin"
    ],
    "aCondsIllegal": [
      "IsLifeMicroG",
      "IsLifeLackCircadian",
      "IsLifeLackSunlight",
      "IsLifeRadExposure",
      "IsFragile",
      "IsMetabSlow",
      "IsHypovolemic2",
      "IsImmunoSuppressed",
      "IsInsomniac",
      "IsHomeVessel",
      "StatSkillsLeft",
      "AllowEnglish",
      "AllowMandarin"
    ]
  },
  {
    "strName": "OYYY",
    "strATCCode": "OYYY",
    "strColonyName": "Судно",
    "nFoundingYear": 2029,
    "aCondsCitizen": [
      "IsImmunoSuppressed",
      "IsInsomniac",
      "IsHomeVessel",
      "StatSkillsLeft",
      "AllowEnglish",
      "AllowMandarin"
    ],
    "aCondsResident": [
      "IsImmunoSuppressed",
      "IsInsomniac",
      "IsHomeVessel",
      "StatSkillsLeft",
      "AllowEnglish",
      "AllowMandarin"
    ],
    "aCondsIllegal": [
      "IsImmunoSuppressed",
      "IsInsomniac",
      "IsHomeVessel",
      "StatSkillsLeft",
      "AllowEnglish",
      "AllowMandarin"
    ]
  },
  {
    "strName": "SVIR",
    "strATCCode": "SVIR",
    "strColonyName": "Вирджиния, Титан",
    "nFoundingYear": 2031,
    "aCondsCitizen": [
      "IsStrataUSCitizen",
      "IsStrataCitizen",
      "IsLifeMicroG",
      "IsLifeLackCircadian",
      "IsLifeLackSunlight",
      "IsLifeRadExposure",
      "IsFragile",
      "IsMetabSlow",
      "IsHypovolemic2",
      "IsInsomniac",
      "IsHomeworldSaturn",
      "IsHomeVirginia",
      "StatSkillsLeft",
      "AllowEnglish"
    ],
    "aCondsResident": [
      "IsStrataUSPermRes",
      "IsLifeMicroG",
      "IsLifeLackCircadian",
      "IsLifeLackSunlight",
      "IsLifeRadExposure",
      "IsFragile",
      "IsMetabSlow",
      "IsHypovolemic2",
      "IsInsomniac",
      "IsHomeVirginia",
      "StatSkillsLeft",
      "AllowEnglish"
    ],
    "aCondsIllegal": [
      "IsStrataUSIllegal",
      "IsLifeMicroG",
      "IsLifeLackCircadian",
      "IsLifeLackSunlight",
      "IsLifeRadExposure",
      "IsFragile",
      "IsMetabSlow",
      "IsHypovolemic2",
      "IsInsomniac",
      "IsHomeVirginia",
      "StatSkillsLeft",
      "AllowEnglish"
    ]
  },
  {
    "strName": "VCBR",
    "strATCCode": "VCBR",
    "strColonyName": "Клаудбрейк, Венера",
    "nFoundingYear": 2054,
    "aCondsResident": [
      "IsStrataCloudbreakPermRes",
      "IsHomeCloudbreak",
      "IsHomeworldVenus",
      "StatSkillsLeft",
      "AllowEnglish"
    ],
    "aCondsIllegal": [
      "IsStrataCloudbreakIllegal",
      "IsHomeworldVenus",
      "IsHomeCloudbreak",
      "StatSkillsLeft",
      "AllowEnglish"
    ]
  },
  {
    "strName": "VENC",
    "strATCCode": "VENC",
    "strColonyName": "Энкантадо, Венера",
    "nFoundingYear": 2044,
    "aCondsCitizen": [
      "IsStrataЭнкантадоCitizen",
      "IsStrataCitizen",
      "IsHomeЭнкантадо",
      "StatSkillsLeft",
      "IsHomeworldVenus",
      "AllowEnglish",
      "AllowMandarin"
    ],
    "aCondsResident": [
      "IsStrataЭнкантадоPermRes",
      "IsHomeworldVenus",
      "IsHomeЭнкантадо",
      "StatSkillsLeft",
      "AllowEnglish",
      "AllowMandarin"
    ],
    "aCondsIllegal": [
      "IsStrataЭнкантадоIllegal",
      "IsHomeЭнкантадо",
      "StatSkillsLeft",
      "IsHomeworldVenus",
      "AllowEnglish",
      "AllowMandarin"
    ]
  },
  {
    "strName": "VNCA",
    "strATCCode": "VNCA",
    "strColonyName": "Ньюкал, Венера",
    "nFoundingYear": 2049,
    "aCondsCitizen": [
      "IsStrataNewcalCitizen",
      "IsStrataCitizen",
      "IsHomeworldVenus",
      "IsHomeNewcal",
      "StatSkillsLeft",
      "AllowEnglish",
      "AllowMandarin"
    ],
    "aCondsResident": [
      "IsStrataNewcalPermRes",
      "IsHomeworldVenus",
      "IsHomeNewcal",
      "StatSkillsLeft",
      "AllowEnglish",
      "AllowMandarin"
    ],
    "aCondsIllegal": [
      "IsStrataNewcalIllegal",
      "IsHomeNewcal",
      "StatSkillsLeft",
      "IsHomeworldVenus",
      "AllowEnglish",
      "AllowMandarin"
    ]
  }
]